[{"millisInsercao":1569962039819,"dadosBasicos":{"assunto":[{"principal":true,"assuntoLocal":{"codigoAssunto":5020100,"codigoPaiNacional":3370}}],"numero":"00029766420144013802","dataAjuizamento":"20440321000000","classeProcessual":279,"nivelSigilo":0,"orgaoJulgador":{"nomeOrgao":"4\u00aa Uberaba","codigoMunicipioIBGE":5295,"codigoOrgao":"16906","instancia":"ORIG"},"competencia":0,"codigoLocalidade":"3170107"},"siglaTribunal":"TRF1","movimento":[{"movimentoLocal":{"codigoMovimento":1701,"codigoPaiNacional":118},"dataHora":"20140325174552"},{"movimentoLocal":{"codigoMovimento":2238,"codigoPaiNacional":123},"dataHora":"20140325174554"},{"movimentoLocal":{"codigoMovimento":1231,"codigoPaiNacional":22},"dataHora":"20150223171226"},{"movimentoLocal":{"codigoMovimento":2047,"codigoPaiNacional":11383},"dataHora":"20141112164319"},{"movimentoLocal":{"codigoMovimento":2043,"codigoPaiNacional":123},"dataHora":"20141009152751"},{"movimentoLocal":{"codigoMovimento":2042,"codigoPaiNacional":60},"dataHora":"20141009152746"},{"movimentoLocal":{"codigoMovimento":1263,"codigoPaiNacional":493},"dataHora":"20140822115521"},{"movimentoLocal":{"codigoMovimento":1855,"codigoPaiNacional":12263},"dataHora":"20140822092754"},{"movimentoLocal":{"codigoMovimento":2181,"codigoPaiNacional":132},"dataHora":"20140821175241"},{"movimentoLocal":{"codigoMovimento":15313,"codigoPaiNacional":246},"dataHora":"20140821174646"},{"movimentoLocal":{"codigoMovimento":15313,"codigoPaiNacional":246},"dataHora":"20140807175225"},{"movimentoLocal":{"codigoMovimento":1372,"codigoPaiNacional":51},"dataHora":"20140516164614"},{"movimentoLocal":{"codigoMovimento":2102,"codigoPaiNacional":581},"dataHora":"20140326141022"},{"movimentoLocal":{"codigoMovimento":20,"codigoPaiNacional":26},"dataHora":"20140324102221"},{"movimentoLocal":{"codigoMovimento":2181,"codigoPaiNacional":132},"dataHora":"20140827180928"},{"movimentoLocal":{"codigoMovimento":2181,"codigoPaiNacional":132},"dataHora":"20140821174657"},{"movimentoLocal":{"codigoMovimento":2181,"codigoPaiNacional":132},"dataHora":"20140325175909"}],"grau":"G1"},{"millisInsercao":1569979655810,"dadosBasicos":{"assunto":[{"principal":true,"assuntoLocal":{"codigoAssunto":5201502,"codigoPaiNacional":3620}}],"numero":"00019133420104013902","dataAjuizamento":"20910411035400","classeProcessual":293,"nivelSigilo":0,"orgaoJulgador":{"nomeOrgao":"1\u00aa Santar\u00e9m","codigoMunicipioIBGE":4467,"codigoOrgao":"12412","instancia":"ORIG"},"competencia":0,"codigoLocalidade":"1506807"},"siglaTribunal":"TRF1","movimento":[{"movimentoLocal":{"codigoMovimento":1791,"codigoPaiNacional":92},"dataHora":"20151215110517"},{"movimentoLocal":{"codigoMovimento":1283,"codigoPaiNacional":12315},"dataHora":"20160628132653"},{"movimentoLocal":{"codigoMovimento":1286,"codigoPaiNacional":581},"dataHora":"20160628132656"},{"movimentoLocal":{"codigoMovimento":1781,"codigoPaiNacional":12263},"dataHora":"20151210143900"},{"movimentoLocal":{"codigoMovimento":24799,"codigoPaiNacional":12283},"dataHora":"20130130140653"},{"movimentoLocal":{"codigoMovimento":1281,"codigoPaiNacional":60},"dataHora":"20121129172707"},{"movimentoLocal":{"codigoMovimento":1282,"codigoPaiNacional":60},"dataHora":"20130114154211"},{"movimentoLocal":{"codigoMovimento":1282,"codigoPaiNacional":60},"dataHora":"20130114154241"},{"movimentoLocal":{"codigoMovimento":1371,"codigoPaiNacional":51},"dataHora":"20130130140813"},{"movimentoLocal":{"codigoMovimento":1540,"codigoPaiNacional":11010},"dataHora":"20130313170000"},{"movimentoLocal":{"codigoMovimento":1855,"codigoPaiNacional":12263},"dataHora":"20130411164314"},{"movimentoLocal":{"codigoMovimento":24799,"codigoPaiNacional":12283},"dataHora":"20130417093641"},{"movimentoLocal":{"codigoMovimento":1283,"codigoPaiNacional":12315},"dataHora":"20130612104033"},{"movimentoLocal":{"codigoMovimento":1286,"codigoPaiNacional":581},"dataHora":"20130612104109"},{"movimentoLocal":{"codigoMovimento":2183,"codigoPaiNacional":132},"dataHora":"20131014120002"},{"movimentoLocal":{"codigoMovimento":1855,"codigoPaiNacional":12263},"dataHora":"20131014120019"},{"movimentoLocal":{"codigoMovimento":1263,"codigoPaiNacional":493},"dataHora":"20131021112835"},{"movimentoLocal":{"codigoMovimento":2182,"codigoPaiNacional":132},"dataHora":"20131023181933"},{"movimentoLocal":{"codigoMovimento":2102,"codigoPaiNacional":581},"dataHora":"20131024143124"},{"movimentoLocal":{"codigoMovimento":1371,"codigoPaiNacional":51},"dataHora":"20131028111704"},{"movimentoLocal":{"codigoMovimento":1540,"codigoPaiNacional":11010},"dataHora":"20140120162725"},{"movimentoLocal":{"codigoMovimento":2181,"codigoPaiNacional":132},"dataHora":"20150522173400"},{"movimentoLocal":{"codigoMovimento":1263,"codigoPaiNacional":493},"dataHora":"20150511112338"},{"movimentoLocal":{"codigoMovimento":1855,"codigoPaiNacional":12263},"dataHora":"20150508143139"},{"movimentoLocal":{"codigoMovimento":1540,"codigoPaiNacional":11010},"dataHora":"20150420163148"},{"movimentoLocal":{"codigoMovimento":1372,"codigoPaiNacional":51},"dataHora":"20150113132357"},{"movimentoLocal":{"codigoMovimento":2102,"codigoPaiNacional":581},"dataHora":"20141210112304"},{"movimentoLocal":{"codigoMovimento":1286,"codigoPaiNacional":581},"dataHora":"20141023104239"},{"movimentoLocal":{"codigoMovimento":1283,"codigoPaiNacional":12315},"dataHora":"20141023104214"},{"movimentoLocal":{"codigoMovimento":2041,"codigoPaiNacional":60},"dataHora":"20140725125623"},{"movimentoLocal":{"codigoMovimento":2047,"codigoPaiNacional":11383},"dataHora":"20140725124524"},{"movimentoLocal":{"codigoMovimento":2042,"codigoPaiNacional":60},"dataHora":"20140324103744"},{"movimentoLocal":{"codigoMovimento":2041,"codigoPaiNacional":60},"dataHora":"20140311133212"},{"movimentoLocal":{"codigoMovimento":2474,"codigoPaiNacional":12283},"dataHora":"20140310112741"},{"movimentoLocal":{"codigoMovimento":1282,"codigoPaiNacional":60},"dataHora":"20121031091812"},{"movimentoLocal":{"codigoMovimento":2102,"codigoPaiNacional":581},"dataHora":"20150528171427"},{"movimentoLocal":{"codigoMovimento":1282,"codigoPaiNacional":60},"dataHora":"20121031091633"},{"movimentoLocal":{"codigoMovimento":1281,"codigoPaiNacional":60},"dataHora":"20121026102958"},{"movimentoLocal":{"codigoMovimento":1283,"codigoPaiNacional":12315},"dataHora":"20111010161613"},{"movimentoLocal":{"codigoMovimento":24799,"codigoPaiNacional":12283},"dataHora":"20110810105114"},{"movimentoLocal":{"codigoMovimento":2182,"codigoPaiNacional":132},"dataHora":"20110805184741"},{"movimentoLocal":{"codigoMovimento":1263,"codigoPaiNacional":493},"dataHora":"20110802115705"},{"movimentoLocal":{"codigoMovimento":1231,"codigoPaiNacional":22},"dataHora":"20160628141405"},{"movimentoLocal":{"codigoMovimento":1286,"codigoPaiNacional":581},"dataHora":"20160628132703"},{"movimentoLocal":{"codigoMovimento":1283,"codigoPaiNacional":12315},"dataHora":"20160628132659"},{"movimentoLocal":{"codigoMovimento":1372,"codigoPaiNacional":51},"dataHora":"20150617125253"},{"movimentoLocal":{"codigoMovimento":1540,"codigoPaiNacional":11010},"dataHora":"20151127100645"},{"movimentoLocal":{"codigoMovimento":1855,"codigoPaiNacional":12263},"dataHora":"20151127103325"},{"movimentoLocal":{"codigoMovimento":1263,"codigoPaiNacional":493},"dataHora":"20151130111213"},{"movimentoLocal":{"codigoMovimento":2182,"codigoPaiNacional":132},"dataHora":"20151203175221"},{"movimentoLocal":{"codigoMovimento":1761,"codigoPaiNacional":12263},"dataHora":"20151204175543"},{"movimentoLocal":{"codigoMovimento":1286,"codigoPaiNacional":581},"dataHora":"20111010161617"},{"movimentoLocal":{"codigoMovimento":1285,"codigoPaiNacional":581},"dataHora":"20111011100955"},{"movimentoLocal":{"codigoMovimento":2100,"codigoPaiNacional":132},"dataHora":"20111013163621"},{"movimentoLocal":{"codigoMovimento":1690,"codigoPaiNacional":11383},"dataHora":"20111020173313"},{"movimentoLocal":{"codigoMovimento":1281,"codigoPaiNacional":60},"dataHora":"20121026100206"},{"movimentoLocal":{"codigoMovimento":1791,"codigoPaiNacional":92},"dataHora":"20120731092334"},{"movimentoLocal":{"codigoMovimento":1781,"codigoPaiNacional":12263},"dataHora":"20120726090500"},{"movimentoLocal":{"codigoMovimento":1761,"codigoPaiNacional":12263},"dataHora":"20120713093322"},{"movimentoLocal":{"codigoMovimento":1540,"codigoPaiNacional":11010},"dataHora":"20120713085312"},{"movimentoLocal":{"codigoMovimento":2102,"codigoPaiNacional":581},"dataHora":"20120525180329"},{"movimentoLocal":{"codigoMovimento":1371,"codigoPaiNacional":51},"dataHora":"20120619181608"},{"movimentoLocal":{"codigoMovimento":1263,"codigoPaiNacional":493},"dataHora":"20120227122751"},{"movimentoLocal":{"codigoMovimento":15399,"codigoPaiNacional":12164},"dataHora":"20120217144500"},{"movimentoLocal":{"codigoMovimento":1372,"codigoPaiNacional":51},"dataHora":"20120208142907"},{"movimentoLocal":{"codigoMovimento":1690,"codigoPaiNacional":11383},"dataHora":"20111021162839"},{"movimentoLocal":{"codigoMovimento":1690,"codigoPaiNacional":11383},"dataHora":"20111020173703"},{"movimentoLocal":{"codigoMovimento":2182,"codigoPaiNacional":132},"dataHora":"20120524174622"},{"movimentoLocal":{"codigoMovimento":1462,"codigoPaiNacional":391},"dataHora":"20100531140806"},{"movimentoLocal":{"codigoMovimento":1282,"codigoPaiNacional":60},"dataHora":"20110719112904"},{"movimentoLocal":{"codigoMovimento":2100,"codigoPaiNacional":132},"dataHora":"20110117143728"},{"movimentoLocal":{"codigoMovimento":2047,"codigoPaiNacional":11383},"dataHora":"20100723093751"},{"movimentoLocal":{"codigoMovimento":2041,"codigoPaiNacional":60},"dataHora":"20100531143817"},{"movimentoLocal":{"codigoMovimento":30,"codigoPaiNacional":26},"dataHora":"20100514140513"},{"movimentoLocal":{"codigoMovimento":2100,"codigoPaiNacional":132},"dataHora":"20110117144032"}],"grau":"G1"},{"millisInsercao":1569995626947,"dadosBasicos":{"assunto":[{"principal":true,"assuntoLocal":{"codigoAssunto":5201700,"codigoPaiNacional":3629}}],"numero":"00145399320114013500","dataAjuizamento":"21000110171700","classeProcessual":290,"nivelSigilo":0,"orgaoJulgador":{"nomeOrgao":"11\u00aa - Goi\u00e2nia","codigoMunicipioIBGE":1903,"codigoOrgao":"17645","instancia":"ORIG"},"competencia":0,"codigoLocalidade":"5208707"},"siglaTribunal":"TRF1","movimento":[{"movimentoLocal":{"codigoMovimento":1783,"codigoPaiNacional":12263},"dataHora":"20160530152100"},{"movimentoLocal":{"codigoMovimento":1793,"codigoPaiNacional":92},"dataHora":"20160711095700"},{"movimentoLocal":{"codigoMovimento":2430,"codigoPaiNacional":848},"dataHora":"20160711100235"},{"movimentoLocal":{"codigoMovimento":1373,"codigoPaiNacional":51},"dataHora":"20160711125024"},{"movimentoLocal":{"codigoMovimento":15617,"codigoPaiNacional":11878},"dataHora":"20160801154600"},{"movimentoLocal":{"codigoMovimento":1855,"codigoPaiNacional":12263},"dataHora":"20160805154615"},{"movimentoLocal":{"codigoMovimento":1263,"codigoPaiNacional":493},"dataHora":"20160808074058"},{"movimentoLocal":{"codigoMovimento":2181,"codigoPaiNacional":132},"dataHora":"20160812105804"},{"movimentoLocal":{"codigoMovimento":1763,"codigoPaiNacional":12263},"dataHora":"20160812105809"},{"movimentoLocal":{"codigoMovimento":1793,"codigoPaiNacional":92},"dataHora":"20161107122025"},{"movimentoLocal":{"codigoMovimento":2430,"codigoPaiNacional":848},"dataHora":"20161107174015"},{"movimentoLocal":{"codigoMovimento":22299,"codigoPaiNacional":123},"dataHora":"20161107174042"},{"movimentoLocal":{"codigoMovimento":2225,"codigoPaiNacional":978},"dataHora":"20161117134351"},{"movimentoLocal":{"codigoMovimento":1283,"codigoPaiNacional":12315},"dataHora":"20161117152109"},{"movimentoLocal":{"codigoMovimento":1283,"codigoPaiNacional":12315},"dataHora":"20161117152111"},{"movimentoLocal":{"codigoMovimento":1283,"codigoPaiNacional":12315},"dataHora":"20161117152114"},{"movimentoLocal":{"codigoMovimento":1231,"codigoPaiNacional":22},"dataHora":"20161117152709"},{"movimentoLocal":{"codigoMovimento":1763,"codigoPaiNacional":12263},"dataHora":"20160426125838"},{"movimentoLocal":{"codigoMovimento":1783,"codigoPaiNacional":12263},"dataHora":"20161025184400"},{"movimentoLocal":{"codigoMovimento":2181,"codigoPaiNacional":132},"dataHora":"20160426125833"},{"movimentoLocal":{"codigoMovimento":1263,"codigoPaiNacional":493},"dataHora":"20160425073331"},{"movimentoLocal":{"codigoMovimento":1855,"codigoPaiNacional":12263},"dataHora":"20160422141758"},{"movimentoLocal":{"codigoMovimento":30,"codigoPaiNacional":26},"dataHora":"20110404182555"},{"movimentoLocal":{"codigoMovimento":2181,"codigoPaiNacional":132},"dataHora":"20110405110835"},{"movimentoLocal":{"codigoMovimento":1701,"codigoPaiNacional":118},"dataHora":"20110407134706"},{"movimentoLocal":{"codigoMovimento":1461,"codigoPaiNacional":391},"dataHora":"20110407173642"},{"movimentoLocal":{"codigoMovimento":1462,"codigoPaiNacional":391},"dataHora":"20110407173645"},{"movimentoLocal":{"codigoMovimento":1281,"codigoPaiNacional":60},"dataHora":"20110407173707"},{"movimentoLocal":{"codigoMovimento":1282,"codigoPaiNacional":60},"dataHora":"20110429140114"},{"movimentoLocal":{"codigoMovimento":2041,"codigoPaiNacional":60},"dataHora":"20110503082909"},{"movimentoLocal":{"codigoMovimento":2042,"codigoPaiNacional":60},"dataHora":"20110517183000"},{"movimentoLocal":{"codigoMovimento":1855,"codigoPaiNacional":12263},"dataHora":"20110526101203"},{"movimentoLocal":{"codigoMovimento":1263,"codigoPaiNacional":493},"dataHora":"20110601080418"},{"movimentoLocal":{"codigoMovimento":2181,"codigoPaiNacional":132},"dataHora":"20110602103132"},{"movimentoLocal":{"codigoMovimento":1282,"codigoPaiNacional":60},"dataHora":"20110602133710"},{"movimentoLocal":{"codigoMovimento":2100,"codigoPaiNacional":132},"dataHora":"20110609164222"},{"movimentoLocal":{"codigoMovimento":1281,"codigoPaiNacional":60},"dataHora":"20110407134710"},{"movimentoLocal":{"codigoMovimento":2100,"codigoPaiNacional":132},"dataHora":"20110628085217"},{"movimentoLocal":{"codigoMovimento":1282,"codigoPaiNacional":60},"dataHora":"20110609164246"},{"movimentoLocal":{"codigoMovimento":24699,"codigoPaiNacional":12282},"dataHora":"20120516200934"},{"movimentoLocal":{"codigoMovimento":1282,"codigoPaiNacional":60},"dataHora":"20110926135401"},{"movimentoLocal":{"codigoMovimento":1281,"codigoPaiNacional":60},"dataHora":"20110816105246"},{"movimentoLocal":{"codigoMovimento":2100,"codigoPaiNacional":132},"dataHora":"20110816083115"},{"movimentoLocal":{"codigoMovimento":2042,"codigoPaiNacional":60},"dataHora":"20110708183000"},{"movimentoLocal":{"codigoMovimento":2041,"codigoPaiNacional":60},"dataHora":"20110704124838"},{"movimentoLocal":{"codigoMovimento":15511,"codigoPaiNacional":219},"dataHora":"20160420191705"},{"movimentoLocal":{"codigoMovimento":1855,"codigoPaiNacional":12263},"dataHora":"20110628110031"},{"movimentoLocal":{"codigoMovimento":1283,"codigoPaiNacional":12315},"dataHora":"20110628105848"},{"movimentoLocal":{"codigoMovimento":2181,"codigoPaiNacional":132},"dataHora":"20110704124832"},{"movimentoLocal":{"codigoMovimento":1286,"codigoPaiNacional":581},"dataHora":"20110628105933"},{"movimentoLocal":{"codigoMovimento":1263,"codigoPaiNacional":493},"dataHora":"20110629082226"},{"movimentoLocal":{"codigoMovimento":2102,"codigoPaiNacional":581},"dataHora":"20150709134634"},{"movimentoLocal":{"codigoMovimento":2100,"codigoPaiNacional":132},"dataHora":"20150709134627"},{"movimentoLocal":{"codigoMovimento":1175,"codigoPaiNacional":970},"dataHora":"20150630081158"},{"movimentoLocal":{"codigoMovimento":1791,"codigoPaiNacional":92},"dataHora":"20150619124745"},{"movimentoLocal":{"codigoMovimento":1175,"codigoPaiNacional":970},"dataHora":"20150605192330"},{"movimentoLocal":{"codigoMovimento":2181,"codigoPaiNacional":132},"dataHora":"20150605190639"},{"movimentoLocal":{"codigoMovimento":1263,"codigoPaiNacional":493},"dataHora":"20150603073436"},{"movimentoLocal":{"codigoMovimento":1855,"codigoPaiNacional":12263},"dataHora":"20150602170203"},{"movimentoLocal":{"codigoMovimento":1781,"codigoPaiNacional":12263},"dataHora":"20150602145300"},{"movimentoLocal":{"codigoMovimento":1761,"codigoPaiNacional":12263},"dataHora":"20150528152655"},{"movimentoLocal":{"codigoMovimento":1282,"codigoPaiNacional":60},"dataHora":"20150528152554"},{"movimentoLocal":{"codigoMovimento":1165,"codigoPaiNacional":970},"dataHora":"20150413163555"},{"movimentoLocal":{"codigoMovimento":1540,"codigoPaiNacional":11010},"dataHora":"20150410163354"},{"movimentoLocal":{"codigoMovimento":1371,"codigoPaiNacional":51},"dataHora":"20150409181816"},{"movimentoLocal":{"codigoMovimento":2102,"codigoPaiNacional":581},"dataHora":"20150409155617"},{"movimentoLocal":{"codigoMovimento":2100,"codigoPaiNacional":132},"dataHora":"20150408105641"},{"movimentoLocal":{"codigoMovimento":2181,"codigoPaiNacional":132},"dataHora":"20150408105637"},{"movimentoLocal":{"codigoMovimento":1263,"codigoPaiNacional":493},"dataHora":"20150327072131"},{"movimentoLocal":{"codigoMovimento":1855,"codigoPaiNacional":12263},"dataHora":"20150227145813"},{"movimentoLocal":{"codigoMovimento":1540,"codigoPaiNacional":11010},"dataHora":"20150226145747"},{"movimentoLocal":{"codigoMovimento":1855,"codigoPaiNacional":12263},"dataHora":"20150709134639"},{"movimentoLocal":{"codigoMovimento":1281,"codigoPaiNacional":60},"dataHora":"20150413163649"},{"movimentoLocal":{"codigoMovimento":1263,"codigoPaiNacional":493},"dataHora":"20150710075544"},{"movimentoLocal":{"codigoMovimento":1371,"codigoPaiNacional":51},"dataHora":"20150219125918"},{"movimentoLocal":{"codigoMovimento":1371,"codigoPaiNacional":51},"dataHora":"20150713182641"},{"movimentoLocal":{"codigoMovimento":1373,"codigoPaiNacional":51},"dataHora":"20151020140513"},{"movimentoLocal":{"codigoMovimento":2102,"codigoPaiNacional":581},"dataHora":"20151008181336"},{"movimentoLocal":{"codigoMovimento":2100,"codigoPaiNacional":132},"dataHora":"20151007120808"},{"movimentoLocal":{"codigoMovimento":2181,"codigoPaiNacional":132},"dataHora":"20151007120803"},{"movimentoLocal":{"codigoMovimento":1262,"codigoPaiNacional":493},"dataHora":"20151006175636"},{"movimentoLocal":{"codigoMovimento":2102,"codigoPaiNacional":581},"dataHora":"20150917153027"},{"movimentoLocal":{"codigoMovimento":2100,"codigoPaiNacional":132},"dataHora":"20150915191428"},{"movimentoLocal":{"codigoMovimento":2181,"codigoPaiNacional":132},"dataHora":"20150915191426"},{"movimentoLocal":{"codigoMovimento":1263,"codigoPaiNacional":493},"dataHora":"20150909082632"},{"movimentoLocal":{"codigoMovimento":1855,"codigoPaiNacional":12263},"dataHora":"20150904163412"},{"movimentoLocal":{"codigoMovimento":2181,"codigoPaiNacional":132},"dataHora":"20150713111341"},{"movimentoLocal":{"codigoMovimento":1283,"codigoPaiNacional":12315},"dataHora":"20150831105626"},{"movimentoLocal":{"codigoMovimento":2100,"codigoPaiNacional":132},"dataHora":"20150831105617"},{"movimentoLocal":{"codigoMovimento":1855,"codigoPaiNacional":12263},"dataHora":"20150820191128"},{"movimentoLocal":{"codigoMovimento":1185,"codigoPaiNacional":970},"dataHora":"20150820153000"},{"movimentoLocal":{"codigoMovimento":1175,"codigoPaiNacional":970},"dataHora":"20150819174143"},{"movimentoLocal":{"codigoMovimento":1847,"codigoPaiNacional":12263},"dataHora":"20150819174054"},{"movimentoLocal":{"codigoMovimento":1175,"codigoPaiNacional":970},"dataHora":"20150716190655"},{"movimentoLocal":{"codigoMovimento":2181,"codigoPaiNacional":132},"dataHora":"20150716190647"},{"movimentoLocal":{"codigoMovimento":1263,"codigoPaiNacional":493},"dataHora":"20150715080014"},{"movimentoLocal":{"codigoMovimento":1855,"codigoPaiNacional":12263},"dataHora":"20150714162831"},{"movimentoLocal":{"codigoMovimento":1540,"codigoPaiNacional":11010},"dataHora":"20150714162728"},{"movimentoLocal":{"codigoMovimento":2102,"codigoPaiNacional":581},"dataHora":"20150831105621"},{"movimentoLocal":{"codigoMovimento":2120,"codigoPaiNacional":11383},"dataHora":"20150219113914"},{"movimentoLocal":{"codigoMovimento":2184,"codigoPaiNacional":132},"dataHora":"20141021170130"},{"movimentoLocal":{"codigoMovimento":1791,"codigoPaiNacional":92},"dataHora":"20150211185017"},{"movimentoLocal":{"codigoMovimento":2100,"codigoPaiNacional":132},"dataHora":"20130624141515"},{"movimentoLocal":{"codigoMovimento":2181,"codigoPaiNacional":132},"dataHora":"20130624141442"},{"movimentoLocal":{"codigoMovimento":1263,"codigoPaiNacional":493},"dataHora":"20130614081354"},{"movimentoLocal":{"codigoMovimento":1855,"codigoPaiNacional":12263},"dataHora":"20130611163811"},{"movimentoLocal":{"codigoMovimento":1540,"codigoPaiNacional":11010},"dataHora":"20130610163745"},{"movimentoLocal":{"codigoMovimento":1371,"codigoPaiNacional":51},"dataHora":"20130529130420"},{"movimentoLocal":{"codigoMovimento":2201,"codigoPaiNacional":1059},"dataHora":"20130528175325"},{"movimentoLocal":{"codigoMovimento":2100,"codigoPaiNacional":132},"dataHora":"20130528110920"},{"movimentoLocal":{"codigoMovimento":2181,"codigoPaiNacional":132},"dataHora":"20130528105311"},{"movimentoLocal":{"codigoMovimento":1263,"codigoPaiNacional":493},"dataHora":"20130522081531"},{"movimentoLocal":{"codigoMovimento":2102,"codigoPaiNacional":581},"dataHora":"20130625160158"},{"movimentoLocal":{"codigoMovimento":1855,"codigoPaiNacional":12263},"dataHora":"20130521151652"},{"movimentoLocal":{"codigoMovimento":1372,"codigoPaiNacional":51},"dataHora":"20130305131104"},{"movimentoLocal":{"codigoMovimento":1282,"codigoPaiNacional":60},"dataHora":"20121113190123"},{"movimentoLocal":{"codigoMovimento":1281,"codigoPaiNacional":60},"dataHora":"20121019155414"},{"movimentoLocal":{"codigoMovimento":1540,"codigoPaiNacional":11010},"dataHora":"20121015155338"},{"movimentoLocal":{"codigoMovimento":1371,"codigoPaiNacional":51},"dataHora":"20120628151239"},{"movimentoLocal":{"codigoMovimento":2181,"codigoPaiNacional":132},"dataHora":"20120627180459"},{"movimentoLocal":{"codigoMovimento":1263,"codigoPaiNacional":493},"dataHora":"20120613091212"},{"movimentoLocal":{"codigoMovimento":1283,"codigoPaiNacional":12315},"dataHora":"20120608121219"},{"movimentoLocal":{"codigoMovimento":2100,"codigoPaiNacional":132},"dataHora":"20120606163000"},{"movimentoLocal":{"codigoMovimento":1852,"codigoPaiNacional":12263},"dataHora":"20150211185256"},{"movimentoLocal":{"codigoMovimento":15510,"codigoPaiNacional":220},"dataHora":"20130520151627"},{"movimentoLocal":{"codigoMovimento":1761,"codigoPaiNacional":12263},"dataHora":"20130625160203"},{"movimentoLocal":{"codigoMovimento":1855,"codigoPaiNacional":12263},"dataHora":"20120608121523"},{"movimentoLocal":{"codigoMovimento":1781,"codigoPaiNacional":12263},"dataHora":"20130625165401"},{"movimentoLocal":{"codigoMovimento":1781,"codigoPaiNacional":12263},"dataHora":"20150203130600"},{"movimentoLocal":{"codigoMovimento":960,"codigoPaiNacional":10966},"dataHora":"20141216194114"},{"movimentoLocal":{"codigoMovimento":1761,"codigoPaiNacional":12263},"dataHora":"20141217183838"},{"movimentoLocal":{"codigoMovimento":960,"codigoPaiNacional":10966},"dataHora":"20141216194055"},{"movimentoLocal":{"codigoMovimento":2102,"codigoPaiNacional":581},"dataHora":"20141216125831"},{"movimentoLocal":{"codigoMovimento":2100,"codigoPaiNacional":132},"dataHora":"20141212124129"},{"movimentoLocal":{"codigoMovimento":1263,"codigoPaiNacional":493},"dataHora":"20141205092845"},{"movimentoLocal":{"codigoMovimento":1855,"codigoPaiNacional":12263},"dataHora":"20141203135131"},{"movimentoLocal":{"codigoMovimento":1540,"codigoPaiNacional":11010},"dataHora":"20141120134923"},{"movimentoLocal":{"codigoMovimento":1371,"codigoPaiNacional":51},"dataHora":"20141023150055"},{"movimentoLocal":{"codigoMovimento":2181,"codigoPaiNacional":132},"dataHora":"20141212124125"},{"movimentoLocal":{"codigoMovimento":2430,"codigoPaiNacional":848},"dataHora":"20141021170131"},{"movimentoLocal":{"codigoMovimento":1793,"codigoPaiNacional":92},"dataHora":"20130627160743"},{"movimentoLocal":{"codigoMovimento":960,"codigoPaiNacional":10966},"dataHora":"20141021170340"},{"movimentoLocal":{"codigoMovimento":1791,"codigoPaiNacional":92},"dataHora":"20130627164917"},{"movimentoLocal":{"codigoMovimento":1852,"codigoPaiNacional":12263},"dataHora":"20130627165102"},{"movimentoLocal":{"codigoMovimento":1262,"codigoPaiNacional":493},"dataHora":"20130705091105"},{"movimentoLocal":{"codigoMovimento":1783,"codigoPaiNacional":12263},"dataHora":"20130625165357"},{"movimentoLocal":{"codigoMovimento":2100,"codigoPaiNacional":132},"dataHora":"20130705181302"},{"movimentoLocal":{"codigoMovimento":2102,"codigoPaiNacional":581},"dataHora":"20130709093329"},{"movimentoLocal":{"codigoMovimento":2221,"codigoPaiNacional":123},"dataHora":"20130709093334"},{"movimentoLocal":{"codigoMovimento":2231,"codigoPaiNacional":123},"dataHora":"20130717145606"},{"movimentoLocal":{"codigoMovimento":2181,"codigoPaiNacional":132},"dataHora":"20130705181259"}],"grau":"G1"},{"millisInsercao":1569967775432,"dadosBasicos":{"assunto":[{"principal":true,"assuntoLocal":{"codigoAssunto":5200100,"codigoPaiNacional":3604}}],"numero":"00033980820154013704","dataAjuizamento":"21050729000000","classeProcessual":355,"nivelSigilo":0,"orgaoJulgador":{"nomeOrgao":"Balsas","codigoMunicipioIBGE":467,"codigoOrgao":"18497","instancia":"ORIG"},"competencia":0,"codigoLocalidade":"2101400"},"siglaTribunal":"TRF1","movimento":[{"movimentoLocal":{"codigoMovimento":1540,"codigoPaiNacional":11010},"dataHora":"20150826164347"},{"movimentoLocal":{"codigoMovimento":2181,"codigoPaiNacional":132},"dataHora":"20150806173844"},{"movimentoLocal":{"codigoMovimento":20199,"codigoPaiNacional":985},"dataHora":"20150826170742"},{"movimentoLocal":{"codigoMovimento":20,"codigoPaiNacional":26},"dataHora":"20150806121245"},{"movimentoLocal":{"codigoMovimento":1371,"codigoPaiNacional":51},"dataHora":"20150825140236"},{"movimentoLocal":{"codigoMovimento":1849,"codigoPaiNacional":12263},"dataHora":"20150908114044"},{"movimentoLocal":{"codigoMovimento":2181,"codigoPaiNacional":132},"dataHora":"20150826164553"},{"movimentoLocal":{"codigoMovimento":1239,"codigoPaiNacional":22},"dataHora":"20150908150313"},{"movimentoLocal":{"codigoMovimento":2042,"codigoPaiNacional":60},"dataHora":"20150908145950"}],"grau":"G1"},{"millisInsercao":1569969399215,"dadosBasicos":{"assunto":[{"principal":true,"assuntoLocal":{"codigoAssunto":5102200,"codigoPaiNacional":3432}}],"numero":"00327210920154013300","dataAjuizamento":"21051013000000","classeProcessual":279,"nivelSigilo":0,"orgaoJulgador":{"nomeOrgao":"2\u00aa - Salvador","codigoMunicipioIBGE":4278,"codigoOrgao":"12344","instancia":"ORIG"},"competencia":0,"codigoLocalidade":"2927408"},"siglaTribunal":"TRF1","movimento":[{"movimentoLocal":{"codigoMovimento":1231,"codigoPaiNacional":22},"dataHora":"20160202182423"},{"movimentoLocal":{"codigoMovimento":2042,"codigoPaiNacional":60},"dataHora":"20160202181150"},{"movimentoLocal":{"codigoMovimento":20,"codigoPaiNacional":26},"dataHora":"20151015134821"},{"movimentoLocal":{"codigoMovimento":15313,"codigoPaiNacional":246},"dataHora":"20160127162725"},{"movimentoLocal":{"codigoMovimento":2181,"codigoPaiNacional":132},"dataHora":"20151016123733"},{"movimentoLocal":{"codigoMovimento":2183,"codigoPaiNacional":132},"dataHora":"20151016123805"},{"movimentoLocal":{"codigoMovimento":1701,"codigoPaiNacional":118},"dataHora":"20151016123808"},{"movimentoLocal":{"codigoMovimento":15313,"codigoPaiNacional":246},"dataHora":"20160127161548"},{"movimentoLocal":{"codigoMovimento":1372,"codigoPaiNacional":51},"dataHora":"20151218190359"}],"grau":"G1"},{"millisInsercao":1569969399217,"dadosBasicos":{"assunto":[{"principal":false,"assuntoLocal":{"codigoAssunto":5030100,"codigoPaiNacional":3386}},{"principal":true,"assuntoLocal":{"codigoAssunto":5102200,"codigoPaiNacional":3432}}],"numero":"00327237620154013300","dataAjuizamento":"21051013000000","classeProcessual":279,"nivelSigilo":0,"orgaoJulgador":{"nomeOrgao":"17\u00aa - Salvador","codigoMunicipioIBGE":4278,"codigoOrgao":"17614","instancia":"ORIG"},"competencia":0,"codigoLocalidade":"2927408"},"siglaTribunal":"TRF1","movimento":[{"movimentoLocal":{"codigoMovimento":20,"codigoPaiNacional":26},"dataHora":"20151015133716"},{"movimentoLocal":{"codigoMovimento":2181,"codigoPaiNacional":132},"dataHora":"20151122114127"},{"movimentoLocal":{"codigoMovimento":1372,"codigoPaiNacional":51},"dataHora":"20151123175925"},{"movimentoLocal":{"codigoMovimento":15313,"codigoPaiNacional":246},"dataHora":"20160125130942"},{"movimentoLocal":{"codigoMovimento":2225,"codigoPaiNacional":978},"dataHora":"20160302113556"},{"movimentoLocal":{"codigoMovimento":1855,"codigoPaiNacional":12263},"dataHora":"20160126170321"},{"movimentoLocal":{"codigoMovimento":2181,"codigoPaiNacional":132},"dataHora":"20160125184500"},{"movimentoLocal":{"codigoMovimento":1080,"codigoPaiNacional":12430},"dataHora":"20160224200649"},{"movimentoLocal":{"codigoMovimento":1263,"codigoPaiNacional":493},"dataHora":"20160212100259"},{"movimentoLocal":{"codigoMovimento":2181,"codigoPaiNacional":132},"dataHora":"20160216150748"},{"movimentoLocal":{"codigoMovimento":2041,"codigoPaiNacional":60},"dataHora":"20160216191921"},{"movimentoLocal":{"codigoMovimento":2042,"codigoPaiNacional":60},"dataHora":"20160222173543"},{"movimentoLocal":{"codigoMovimento":1231,"codigoPaiNacional":22},"dataHora":"20160302114130"},{"movimentoLocal":{"codigoMovimento":2047,"codigoPaiNacional":11383},"dataHora":"20160224195656"}],"grau":"G1"},{"millisInsercao":1569995639489,"dadosBasicos":{"assunto":[{"principal":true,"assuntoLocal":{"codigoAssunto":5221000,"codigoPaiNacional":3574}}],"numero":"00204860420114013800","dataAjuizamento":"21110415121600","classeProcessual":280,"nivelSigilo":0,"orgaoJulgador":{"nomeOrgao":"11\u00aa - Belo Horizonte","codigoMunicipioIBGE":583,"codigoOrgao":"13343","instancia":"ORIG"},"competencia":0,"codigoLocalidade":"3106200"},"siglaTribunal":"TRF1","movimento":[{"movimentoLocal":{"codigoMovimento":1782,"codigoPaiNacional":12263},"dataHora":"20110427155500"},{"movimentoLocal":{"codigoMovimento":1855,"codigoPaiNacional":12263},"dataHora":"20110428182120"},{"movimentoLocal":{"codigoMovimento":2183,"codigoPaiNacional":132},"dataHora":"20110428182113"},{"movimentoLocal":{"codigoMovimento":1596,"codigoPaiNacional":11383},"dataHora":"20110428182108"},{"movimentoLocal":{"codigoMovimento":2181,"codigoPaiNacional":132},"dataHora":"20110428182057"},{"movimentoLocal":{"codigoMovimento":18515,"codigoPaiNacional":12263},"dataHora":"20110427184759"},{"movimentoLocal":{"codigoMovimento":1792,"codigoPaiNacional":92},"dataHora":"20110429091759"},{"movimentoLocal":{"codigoMovimento":1263,"codigoPaiNacional":493},"dataHora":"20110415173250"},{"movimentoLocal":{"codigoMovimento":2181,"codigoPaiNacional":132},"dataHora":"20110418125825"},{"movimentoLocal":{"codigoMovimento":2042,"codigoPaiNacional":60},"dataHora":"20110415173125"},{"movimentoLocal":{"codigoMovimento":15399,"codigoPaiNacional":12164},"dataHora":"20110415172241"},{"movimentoLocal":{"codigoMovimento":1372,"codigoPaiNacional":51},"dataHora":"20110415163031"},{"movimentoLocal":{"codigoMovimento":2181,"codigoPaiNacional":132},"dataHora":"20110415163026"},{"movimentoLocal":{"codigoMovimento":2238,"codigoPaiNacional":123},"dataHora":"20110415150526"},{"movimentoLocal":{"codigoMovimento":20,"codigoPaiNacional":26},"dataHora":"20110415143852"},{"movimentoLocal":{"codigoMovimento":2100,"codigoPaiNacional":132},"dataHora":"20110425145019"},{"movimentoLocal":{"codigoMovimento":1263,"codigoPaiNacional":493},"dataHora":"20110429091913"},{"movimentoLocal":{"codigoMovimento":1237,"codigoPaiNacional":22},"dataHora":"20110524143829"},{"movimentoLocal":{"codigoMovimento":2181,"codigoPaiNacional":132},"dataHora":"20110516111914"},{"movimentoLocal":{"codigoMovimento":1371,"codigoPaiNacional":51},"dataHora":"20110523175655"},{"movimentoLocal":{"codigoMovimento":2181,"codigoPaiNacional":132},"dataHora":"20110429174014"},{"movimentoLocal":{"codigoMovimento":1231,"codigoPaiNacional":22},"dataHora":"20180503134324"},{"movimentoLocal":{"codigoMovimento":1240,"codigoPaiNacional":12291},"dataHora":"20180503134218"},{"movimentoLocal":{"codigoMovimento":1540,"codigoPaiNacional":11010},"dataHora":"20110524143558"},{"movimentoLocal":{"codigoMovimento":1240,"codigoPaiNacional":12291},"dataHora":"20170606151748"},{"movimentoLocal":{"codigoMovimento":1237,"codigoPaiNacional":22},"dataHora":"20170518133634"},{"movimentoLocal":{"codigoMovimento":1240,"codigoPaiNacional":12291},"dataHora":"20170403153553"},{"movimentoLocal":{"codigoMovimento":2181,"codigoPaiNacional":132},"dataHora":"20170403154940"},{"movimentoLocal":{"codigoMovimento":1231,"codigoPaiNacional":22},"dataHora":"20170620152045"}],"grau":"G1"},{"millisInsercao":1569979688900,"dadosBasicos":{"assunto":[{"principal":true,"assuntoLocal":{"codigoAssunto":5200100,"codigoPaiNacional":3604}}],"numero":"00003745120064014200","dataAjuizamento":"22060221080000","classeProcessual":283,"nivelSigilo":0,"orgaoJulgador":{"nomeOrgao":"1\u00aa - Boa Vista","codigoMunicipioIBGE":635,"codigoOrgao":"12430","instancia":"ORIG"},"competencia":0,"codigoLocalidade":"1400100"},"siglaTribunal":"TRF1","movimento":[{"movimentoLocal":{"codigoMovimento":2047,"codigoPaiNacional":11383},"dataHora":"20080513173502"},{"movimentoLocal":{"codigoMovimento":1855,"codigoPaiNacional":12263},"dataHora":"20060524174406"},{"movimentoLocal":{"codigoMovimento":1282,"codigoPaiNacional":60},"dataHora":"20060524174233"},{"movimentoLocal":{"codigoMovimento":1281,"codigoPaiNacional":60},"dataHora":"20060524162813"},{"movimentoLocal":{"codigoMovimento":1462,"codigoPaiNacional":391},"dataHora":"20060524162730"},{"movimentoLocal":{"codigoMovimento":2181,"codigoPaiNacional":132},"dataHora":"20060524162703"},{"movimentoLocal":{"codigoMovimento":1540,"codigoPaiNacional":11010},"dataHora":"20060524155924"},{"movimentoLocal":{"codigoMovimento":1371,"codigoPaiNacional":51},"dataHora":"20060523101854"},{"movimentoLocal":{"codigoMovimento":2060,"codigoPaiNacional":11383},"dataHora":"20060523100729"},{"movimentoLocal":{"codigoMovimento":2181,"codigoPaiNacional":132},"dataHora":"20060519182057"},{"movimentoLocal":{"codigoMovimento":1263,"codigoPaiNacional":493},"dataHora":"20060512140254"},{"movimentoLocal":{"codigoMovimento":2100,"codigoPaiNacional":132},"dataHora":"20060511144736"},{"movimentoLocal":{"codigoMovimento":1855,"codigoPaiNacional":12263},"dataHora":"20071023171659"},{"movimentoLocal":{"codigoMovimento":1681,"codigoPaiNacional":11020},"dataHora":"20080514195743"},{"movimentoLocal":{"codigoMovimento":1231,"codigoPaiNacional":22},"dataHora":"20180509140905"},{"movimentoLocal":{"codigoMovimento":2430,"codigoPaiNacional":848},"dataHora":"20141117171437"},{"movimentoLocal":{"codigoMovimento":2184,"codigoPaiNacional":132},"dataHora":"20141117171436"},{"movimentoLocal":{"codigoMovimento":2231,"codigoPaiNacional":123},"dataHora":"20081105151357"},{"movimentoLocal":{"codigoMovimento":2181,"codigoPaiNacional":132},"dataHora":"20081103171158"},{"movimentoLocal":{"codigoMovimento":1263,"codigoPaiNacional":493},"dataHora":"20081029094831"},{"movimentoLocal":{"codigoMovimento":1855,"codigoPaiNacional":12263},"dataHora":"20081028113441"},{"movimentoLocal":{"codigoMovimento":1791,"codigoPaiNacional":92},"dataHora":"20081028113357"},{"movimentoLocal":{"codigoMovimento":1855,"codigoPaiNacional":12263},"dataHora":"20060511145000"},{"movimentoLocal":{"codigoMovimento":1781,"codigoPaiNacional":12263},"dataHora":"20081024121200"},{"movimentoLocal":{"codigoMovimento":12610,"codigoPaiNacional":493},"dataHora":"20060526131058"},{"movimentoLocal":{"codigoMovimento":2100,"codigoPaiNacional":132},"dataHora":"20060630154926"},{"movimentoLocal":{"codigoMovimento":1371,"codigoPaiNacional":51},"dataHora":"20071022170623"},{"movimentoLocal":{"codigoMovimento":1283,"codigoPaiNacional":12315},"dataHora":"20071022170541"},{"movimentoLocal":{"codigoMovimento":2100,"codigoPaiNacional":132},"dataHora":"20070910175335"},{"movimentoLocal":{"codigoMovimento":1285,"codigoPaiNacional":581},"dataHora":"20070626112012"},{"movimentoLocal":{"codigoMovimento":2047,"codigoPaiNacional":11383},"dataHora":"20070516172052"},{"movimentoLocal":{"codigoMovimento":2042,"codigoPaiNacional":60},"dataHora":"20070427152355"},{"movimentoLocal":{"codigoMovimento":1285,"codigoPaiNacional":581},"dataHora":"20070111112450"},{"movimentoLocal":{"codigoMovimento":2181,"codigoPaiNacional":132},"dataHora":"20061207151515"},{"movimentoLocal":{"codigoMovimento":1263,"codigoPaiNacional":493},"dataHora":"20061206090121"},{"movimentoLocal":{"codigoMovimento":1855,"codigoPaiNacional":12263},"dataHora":"20061205140517"},{"movimentoLocal":{"codigoMovimento":1283,"codigoPaiNacional":12315},"dataHora":"20061205140352"},{"movimentoLocal":{"codigoMovimento":1282,"codigoPaiNacional":60},"dataHora":"20061127123441"},{"movimentoLocal":{"codigoMovimento":1281,"codigoPaiNacional":60},"dataHora":"20061114162904"},{"movimentoLocal":{"codigoMovimento":2181,"codigoPaiNacional":132},"dataHora":"20061114162859"},{"movimentoLocal":{"codigoMovimento":1540,"codigoPaiNacional":11010},"dataHora":"20061114085547"},{"movimentoLocal":{"codigoMovimento":1371,"codigoPaiNacional":51},"dataHora":"20061110162758"},{"movimentoLocal":{"codigoMovimento":2181,"codigoPaiNacional":132},"dataHora":"20061017174852"},{"movimentoLocal":{"codigoMovimento":1263,"codigoPaiNacional":493},"dataHora":"20061016081220"},{"movimentoLocal":{"codigoMovimento":1855,"codigoPaiNacional":12263},"dataHora":"20061013114828"},{"movimentoLocal":{"codigoMovimento":1283,"codigoPaiNacional":12315},"dataHora":"20061013114432"},{"movimentoLocal":{"codigoMovimento":1285,"codigoPaiNacional":581},"dataHora":"20060818092148"},{"movimentoLocal":{"codigoMovimento":2060,"codigoPaiNacional":11383},"dataHora":"20060705172723"},{"movimentoLocal":{"codigoMovimento":2181,"codigoPaiNacional":132},"dataHora":"20060704180000"},{"movimentoLocal":{"codigoMovimento":1263,"codigoPaiNacional":493},"dataHora":"20060703104802"},{"movimentoLocal":{"codigoMovimento":1855,"codigoPaiNacional":12263},"dataHora":"20060630155001"},{"movimentoLocal":{"codigoMovimento":2181,"codigoPaiNacional":132},"dataHora":"20060529173120"},{"movimentoLocal":{"codigoMovimento":2181,"codigoPaiNacional":132},"dataHora":"20081003171055"},{"movimentoLocal":{"codigoMovimento":2181,"codigoPaiNacional":132},"dataHora":"20071023171651"},{"movimentoLocal":{"codigoMovimento":1371,"codigoPaiNacional":51},"dataHora":"20081002171450"},{"movimentoLocal":{"codigoMovimento":1855,"codigoPaiNacional":12263},"dataHora":"20080131135813"},{"movimentoLocal":{"codigoMovimento":1791,"codigoPaiNacional":92},"dataHora":"20080108085509"},{"movimentoLocal":{"codigoMovimento":1781,"codigoPaiNacional":12263},"dataHora":"20071126191312"},{"movimentoLocal":{"codigoMovimento":2100,"codigoPaiNacional":132},"dataHora":"20071121142900"},{"movimentoLocal":{"codigoMovimento":2181,"codigoPaiNacional":132},"dataHora":"20071120173131"},{"movimentoLocal":{"codigoMovimento":1263,"codigoPaiNacional":493},"dataHora":"20071114084527"},{"movimentoLocal":{"codigoMovimento":1855,"codigoPaiNacional":12263},"dataHora":"20071112180401"},{"movimentoLocal":{"codigoMovimento":2120,"codigoPaiNacional":11383},"dataHora":"20071112180336"},{"movimentoLocal":{"codigoMovimento":1791,"codigoPaiNacional":92},"dataHora":"20071108170249"},{"movimentoLocal":{"codigoMovimento":2282,"codigoPaiNacional":11383},"dataHora":"20080515132948"},{"movimentoLocal":{"codigoMovimento":1781,"codigoPaiNacional":12263},"dataHora":"20071106210123"},{"movimentoLocal":{"codigoMovimento":2181,"codigoPaiNacional":132},"dataHora":"20071029163308"},{"movimentoLocal":{"codigoMovimento":1263,"codigoPaiNacional":493},"dataHora":"20071024083352"},{"movimentoLocal":{"codigoMovimento":1540,"codigoPaiNacional":11010},"dataHora":"20071023113111"},{"movimentoLocal":{"codigoMovimento":2181,"codigoPaiNacional":132},"dataHora":"20080729174736"},{"movimentoLocal":{"codigoMovimento":1373,"codigoPaiNacional":51},"dataHora":"20080515133012"},{"movimentoLocal":{"codigoMovimento":1551,"codigoPaiNacional":219},"dataHora":"20080725090802"},{"movimentoLocal":{"codigoMovimento":2181,"codigoPaiNacional":132},"dataHora":"20080725163424"},{"movimentoLocal":{"codigoMovimento":1855,"codigoPaiNacional":12263},"dataHora":"20080725163432"},{"movimentoLocal":{"codigoMovimento":1263,"codigoPaiNacional":493},"dataHora":"20080728085635"},{"movimentoLocal":{"codigoMovimento":1540,"codigoPaiNacional":11010},"dataHora":"20081003163904"},{"movimentoLocal":{"codigoMovimento":1263,"codigoPaiNacional":493},"dataHora":"20080201113524"},{"movimentoLocal":{"codigoMovimento":2181,"codigoPaiNacional":132},"dataHora":"20080201174257"},{"movimentoLocal":{"codigoMovimento":1783,"codigoPaiNacional":12263},"dataHora":"20080804100703"},{"movimentoLocal":{"codigoMovimento":12614,"codigoPaiNacional":493},"dataHora":"20080208111957"},{"movimentoLocal":{"codigoMovimento":1793,"codigoPaiNacional":92},"dataHora":"20080926092058"},{"movimentoLocal":{"codigoMovimento":1783,"codigoPaiNacional":12263},"dataHora":"20080916095700"},{"movimentoLocal":{"codigoMovimento":18515,"codigoPaiNacional":12263},"dataHora":"20080206181441"},{"movimentoLocal":{"codigoMovimento":2047,"codigoPaiNacional":11383},"dataHora":"20080818110215"},{"movimentoLocal":{"codigoMovimento":2282,"codigoPaiNacional":11383},"dataHora":"20080513173358"},{"movimentoLocal":{"codigoMovimento":2282,"codigoPaiNacional":11383},"dataHora":"20080418164146"},{"movimentoLocal":{"codigoMovimento":2042,"codigoPaiNacional":60},"dataHora":"20080416151759"},{"movimentoLocal":{"codigoMovimento":2181,"codigoPaiNacional":132},"dataHora":"20080930161459"},{"movimentoLocal":{"codigoMovimento":2181,"codigoPaiNacional":132},"dataHora":"20080415173842"},{"movimentoLocal":{"codigoMovimento":2100,"codigoPaiNacional":132},"dataHora":"20080416150252"},{"movimentoLocal":{"codigoMovimento":2181,"codigoPaiNacional":132},"dataHora":"20080229161331"},{"movimentoLocal":{"codigoMovimento":15399,"codigoPaiNacional":12164},"dataHora":"20080228103046"},{"movimentoLocal":{"codigoMovimento":22025,"codigoPaiNacional":85},"dataHora":"20081002171428"},{"movimentoLocal":{"codigoMovimento":1372,"codigoPaiNacional":51},"dataHora":"20080227100613"},{"movimentoLocal":{"codigoMovimento":2181,"codigoPaiNacional":132},"dataHora":"20080220152304"},{"movimentoLocal":{"codigoMovimento":1263,"codigoPaiNacional":493},"dataHora":"20080219100533"},{"movimentoLocal":{"codigoMovimento":1855,"codigoPaiNacional":12263},"dataHora":"20080218162132"},{"movimentoLocal":{"codigoMovimento":2100,"codigoPaiNacional":132},"dataHora":"20080218162051"},{"movimentoLocal":{"codigoMovimento":2181,"codigoPaiNacional":132},"dataHora":"20080213154639"},{"movimentoLocal":{"codigoMovimento":1262,"codigoPaiNacional":493},"dataHora":"20080229161548"},{"movimentoLocal":{"codigoMovimento":1262,"codigoPaiNacional":493},"dataHora":"20080930124107"},{"movimentoLocal":{"codigoMovimento":1263,"codigoPaiNacional":493},"dataHora":"20170711082552"},{"movimentoLocal":{"codigoMovimento":2181,"codigoPaiNacional":132},"dataHora":"20170713150217"},{"movimentoLocal":{"codigoMovimento":1371,"codigoPaiNacional":51},"dataHora":"20170809114859"},{"movimentoLocal":{"codigoMovimento":1540,"codigoPaiNacional":11010},"dataHora":"20170810123929"},{"movimentoLocal":{"codigoMovimento":1262,"codigoPaiNacional":493},"dataHora":"20170830102740"},{"movimentoLocal":{"codigoMovimento":2041,"codigoPaiNacional":60},"dataHora":"20170810123949"},{"movimentoLocal":{"codigoMovimento":1283,"codigoPaiNacional":12315},"dataHora":"20170818091300"},{"movimentoLocal":{"codigoMovimento":1286,"codigoPaiNacional":581},"dataHora":"20170818091413"},{"movimentoLocal":{"codigoMovimento":1855,"codigoPaiNacional":12263},"dataHora":"20170707162339"},{"movimentoLocal":{"codigoMovimento":2181,"codigoPaiNacional":132},"dataHora":"20170810123934"},{"movimentoLocal":{"codigoMovimento":2102,"codigoPaiNacional":581},"dataHora":"20170608094316"},{"movimentoLocal":{"codigoMovimento":2102,"codigoPaiNacional":581},"dataHora":"20161006150831"},{"movimentoLocal":{"codigoMovimento":2047,"codigoPaiNacional":11383},"dataHora":"20170608094106"},{"movimentoLocal":{"codigoMovimento":2181,"codigoPaiNacional":132},"dataHora":"20170605111135"},{"movimentoLocal":{"codigoMovimento":1263,"codigoPaiNacional":493},"dataHora":"20170519090603"},{"movimentoLocal":{"codigoMovimento":1855,"codigoPaiNacional":12263},"dataHora":"20170518152027"},{"movimentoLocal":{"codigoMovimento":2102,"codigoPaiNacional":581},"dataHora":"20170327111055"},{"movimentoLocal":{"codigoMovimento":1282,"codigoPaiNacional":60},"dataHora":"20170224175722"},{"movimentoLocal":{"codigoMovimento":2042,"codigoPaiNacional":60},"dataHora":"20170224175258"},{"movimentoLocal":{"codigoMovimento":2041,"codigoPaiNacional":60},"dataHora":"20170124104426"},{"movimentoLocal":{"codigoMovimento":2181,"codigoPaiNacional":132},"dataHora":"20170124104357"},{"movimentoLocal":{"codigoMovimento":1540,"codigoPaiNacional":11010},"dataHora":"20161212144618"},{"movimentoLocal":{"codigoMovimento":1371,"codigoPaiNacional":51},"dataHora":"20161209173348"},{"movimentoLocal":{"codigoMovimento":2181,"codigoPaiNacional":132},"dataHora":"20170908150859"},{"movimentoLocal":{"codigoMovimento":2102,"codigoPaiNacional":581},"dataHora":"20170608094206"},{"movimentoLocal":{"codigoMovimento":2102,"codigoPaiNacional":581},"dataHora":"20170919094434"},{"movimentoLocal":{"codigoMovimento":2490,"codigoPaiNacional":11383},"dataHora":"20180404151825"},{"movimentoLocal":{"codigoMovimento":1263,"codigoPaiNacional":493},"dataHora":"20171003121104"},{"movimentoLocal":{"codigoMovimento":1283,"codigoPaiNacional":12315},"dataHora":"20180509135812"},{"movimentoLocal":{"codigoMovimento":1791,"codigoPaiNacional":92},"dataHora":"20180409082558"},{"movimentoLocal":{"codigoMovimento":1781,"codigoPaiNacional":12263},"dataHora":"20180404152000"},{"movimentoLocal":{"codigoMovimento":2181,"codigoPaiNacional":132},"dataHora":"20160930160900"},{"movimentoLocal":{"codigoMovimento":2102,"codigoPaiNacional":581},"dataHora":"20180404151807"},{"movimentoLocal":{"codigoMovimento":2490,"codigoPaiNacional":11383},"dataHora":"20180404145804"},{"movimentoLocal":{"codigoMovimento":1594,"codigoPaiNacional":12444},"dataHora":"20180404102518"},{"movimentoLocal":{"codigoMovimento":2181,"codigoPaiNacional":132},"dataHora":"20180404102509"},{"movimentoLocal":{"codigoMovimento":1540,"codigoPaiNacional":11010},"dataHora":"20180404102504"},{"movimentoLocal":{"codigoMovimento":1371,"codigoPaiNacional":51},"dataHora":"20180327141434"},{"movimentoLocal":{"codigoMovimento":2102,"codigoPaiNacional":581},"dataHora":"20180327103855"},{"movimentoLocal":{"codigoMovimento":1855,"codigoPaiNacional":12263},"dataHora":"20171003120916"},{"movimentoLocal":{"codigoMovimento":1793,"codigoPaiNacional":92},"dataHora":"20180306090643"},{"movimentoLocal":{"codigoMovimento":2181,"codigoPaiNacional":132},"dataHora":"20180130132553"},{"movimentoLocal":{"codigoMovimento":1263,"codigoPaiNacional":493},"dataHora":"20180126113000"},{"movimentoLocal":{"codigoMovimento":1855,"codigoPaiNacional":12263},"dataHora":"20180126103602"},{"movimentoLocal":{"codigoMovimento":2181,"codigoPaiNacional":132},"dataHora":"20180126103558"},{"movimentoLocal":{"codigoMovimento":15515,"codigoPaiNacional":1050},"dataHora":"20180126103551"},{"movimentoLocal":{"codigoMovimento":1373,"codigoPaiNacional":51},"dataHora":"20180125115539"},{"movimentoLocal":{"codigoMovimento":2102,"codigoPaiNacional":581},"dataHora":"20180124141534"},{"movimentoLocal":{"codigoMovimento":2181,"codigoPaiNacional":132},"dataHora":"20180117155838"},{"movimentoLocal":{"codigoMovimento":1263,"codigoPaiNacional":493},"dataHora":"20171219091756"},{"movimentoLocal":{"codigoMovimento":2102,"codigoPaiNacional":581},"dataHora":"20171023140422"},{"movimentoLocal":{"codigoMovimento":2181,"codigoPaiNacional":132},"dataHora":"20171019162111"},{"movimentoLocal":{"codigoMovimento":1783,"codigoPaiNacional":12263},"dataHora":"20180220103100"},{"movimentoLocal":{"codigoMovimento":1263,"codigoPaiNacional":493},"dataHora":"20160923093533"},{"movimentoLocal":{"codigoMovimento":1855,"codigoPaiNacional":12263},"dataHora":"20171218145342"},{"movimentoLocal":{"codigoMovimento":24699,"codigoPaiNacional":12282},"dataHora":"20160719085548"},{"movimentoLocal":{"codigoMovimento":1855,"codigoPaiNacional":12263},"dataHora":"20060303164446"},{"movimentoLocal":{"codigoMovimento":1784,"codigoPaiNacional":12263},"dataHora":"20150727125000"},{"movimentoLocal":{"codigoMovimento":1161,"codigoPaiNacional":970},"dataHora":"20150602130826"},{"movimentoLocal":{"codigoMovimento":1540,"codigoPaiNacional":11010},"dataHora":"20150602104322"},{"movimentoLocal":{"codigoMovimento":1371,"codigoPaiNacional":51},"dataHora":"20150601175545"},{"movimentoLocal":{"codigoMovimento":2490,"codigoPaiNacional":11383},"dataHora":"20150529180406"},{"movimentoLocal":{"codigoMovimento":1794,"codigoPaiNacional":92},"dataHora":"20150304101337"},{"movimentoLocal":{"codigoMovimento":2183,"codigoPaiNacional":132},"dataHora":"20150224154446"},{"movimentoLocal":{"codigoMovimento":2102,"codigoPaiNacional":581},"dataHora":"20150213101445"},{"movimentoLocal":{"codigoMovimento":2181,"codigoPaiNacional":132},"dataHora":"20150212131050"},{"movimentoLocal":{"codigoMovimento":1263,"codigoPaiNacional":493},"dataHora":"20150209092500"},{"movimentoLocal":{"codigoMovimento":1855,"codigoPaiNacional":12263},"dataHora":"20150206165353"},{"movimentoLocal":{"codigoMovimento":1855,"codigoPaiNacional":12263},"dataHora":"20150730112216"},{"movimentoLocal":{"codigoMovimento":1285,"codigoPaiNacional":581},"dataHora":"20060508110823"},{"movimentoLocal":{"codigoMovimento":1263,"codigoPaiNacional":493},"dataHora":"20060329145440"},{"movimentoLocal":{"codigoMovimento":1855,"codigoPaiNacional":12263},"dataHora":"20060327163549"},{"movimentoLocal":{"codigoMovimento":1282,"codigoPaiNacional":60},"dataHora":"20060327163458"},{"movimentoLocal":{"codigoMovimento":1281,"codigoPaiNacional":60},"dataHora":"20060324174849"},{"movimentoLocal":{"codigoMovimento":2181,"codigoPaiNacional":132},"dataHora":"20060324174846"},{"movimentoLocal":{"codigoMovimento":1540,"codigoPaiNacional":11010},"dataHora":"20060323150501"},{"movimentoLocal":{"codigoMovimento":1371,"codigoPaiNacional":51},"dataHora":"20060323144135"},{"movimentoLocal":{"codigoMovimento":2181,"codigoPaiNacional":132},"dataHora":"20060309194924"},{"movimentoLocal":{"codigoMovimento":1263,"codigoPaiNacional":493},"dataHora":"20060308143614"},{"movimentoLocal":{"codigoMovimento":1855,"codigoPaiNacional":12263},"dataHora":"20160923085143"},{"movimentoLocal":{"codigoMovimento":30,"codigoPaiNacional":26},"dataHora":"20060223165535"},{"movimentoLocal":{"codigoMovimento":2181,"codigoPaiNacional":132},"dataHora":"20060224181205"},{"movimentoLocal":{"codigoMovimento":2181,"codigoPaiNacional":132},"dataHora":"20060330174926"},{"movimentoLocal":{"codigoMovimento":1282,"codigoPaiNacional":60},"dataHora":"20150730114514"},{"movimentoLocal":{"codigoMovimento":1791,"codigoPaiNacional":92},"dataHora":"20150730111926"},{"movimentoLocal":{"codigoMovimento":1263,"codigoPaiNacional":493},"dataHora":"20150731064849"},{"movimentoLocal":{"codigoMovimento":24699,"codigoPaiNacional":12282},"dataHora":"20160713090707"},{"movimentoLocal":{"codigoMovimento":2490,"codigoPaiNacional":11383},"dataHora":"20160608094130"},{"movimentoLocal":{"codigoMovimento":2102,"codigoPaiNacional":581},"dataHora":"20160608094103"},{"movimentoLocal":{"codigoMovimento":24799,"codigoPaiNacional":12283},"dataHora":"20160425114815"},{"movimentoLocal":{"codigoMovimento":24699,"codigoPaiNacional":12282},"dataHora":"20160422111754"},{"movimentoLocal":{"codigoMovimento":1286,"codigoPaiNacional":581},"dataHora":"20160316095933"},{"movimentoLocal":{"codigoMovimento":1283,"codigoPaiNacional":12315},"dataHora":"20160316095837"},{"movimentoLocal":{"codigoMovimento":2047,"codigoPaiNacional":11383},"dataHora":"20160212155831"},{"movimentoLocal":{"codigoMovimento":24799,"codigoPaiNacional":12283},"dataHora":"20160203152810"},{"movimentoLocal":{"codigoMovimento":2047,"codigoPaiNacional":11383},"dataHora":"20160122124758"},{"movimentoLocal":{"codigoMovimento":1855,"codigoPaiNacional":12263},"dataHora":"20150730160112"},{"movimentoLocal":{"codigoMovimento":2102,"codigoPaiNacional":581},"dataHora":"20151204140804"},{"movimentoLocal":{"codigoMovimento":2042,"codigoPaiNacional":60},"dataHora":"20151125113826"},{"movimentoLocal":{"codigoMovimento":2490,"codigoPaiNacional":11383},"dataHora":"20151204140922"},{"movimentoLocal":{"codigoMovimento":2042,"codigoPaiNacional":60},"dataHora":"20151124130125"},{"movimentoLocal":{"codigoMovimento":1282,"codigoPaiNacional":60},"dataHora":"20151124122750"},{"movimentoLocal":{"codigoMovimento":2181,"codigoPaiNacional":132},"dataHora":"20151020095344"},{"movimentoLocal":{"codigoMovimento":1181,"codigoPaiNacional":970},"dataHora":"20151008170657"},{"movimentoLocal":{"codigoMovimento":2102,"codigoPaiNacional":581},"dataHora":"20151008093826"},{"movimentoLocal":{"codigoMovimento":24699,"codigoPaiNacional":12282},"dataHora":"20151002113529"},{"movimentoLocal":{"codigoMovimento":2490,"codigoPaiNacional":11383},"dataHora":"20151002112127"},{"movimentoLocal":{"codigoMovimento":2102,"codigoPaiNacional":581},"dataHora":"20151002112108"},{"movimentoLocal":{"codigoMovimento":2181,"codigoPaiNacional":132},"dataHora":"20150917123041"},{"movimentoLocal":{"codigoMovimento":1263,"codigoPaiNacional":493},"dataHora":"20150915145234"},{"movimentoLocal":{"codigoMovimento":2490,"codigoPaiNacional":11383},"dataHora":"20151125113800"},{"movimentoLocal":{"codigoMovimento":2181,"codigoPaiNacional":132},"dataHora":"20150819113551"},{"movimentoLocal":{"codigoMovimento":1855,"codigoPaiNacional":12263},"dataHora":"20150915111402"},{"movimentoLocal":{"codigoMovimento":24699,"codigoPaiNacional":12282},"dataHora":"20150914120000"}],"grau":"G1"},{"millisInsercao":1569979652320,"dadosBasicos":{"assunto":[{"principal":true,"assuntoLocal":{"codigoAssunto":5060400,"codigoPaiNacional":3404}},{"principal":false,"assuntoLocal":{"codigoAssunto":5201500,"codigoPaiNacional":3618}}],"numero":"00013028120104013902","dataAjuizamento":"40470720171015","classeProcessual":283,"nivelSigilo":0,"orgaoJulgador":{"nomeOrgao":"1\u00aa Santar\u00e9m","codigoMunicipioIBGE":4467,"codigoOrgao":"12412","instancia":"ORIG"},"competencia":0,"codigoLocalidade":"1506807"},"siglaTribunal":"TRF1","movimento":[{"movimentoLocal":{"codigoMovimento":1352,"codigoPaiNacional":12284},"dataHora":"20110726110000"},{"movimentoLocal":{"codigoMovimento":1357,"codigoPaiNacional":12284},"dataHora":"20110812143739"},{"movimentoLocal":{"codigoMovimento":30,"codigoPaiNacional":26},"dataHora":"20100504171532"},{"movimentoLocal":{"codigoMovimento":2100,"codigoPaiNacional":132},"dataHora":"20100819140118"},{"movimentoLocal":{"codigoMovimento":2234,"codigoPaiNacional":123},"dataHora":"20100823140245"},{"movimentoLocal":{"codigoMovimento":2238,"codigoPaiNacional":123},"dataHora":"20100825124235"},{"movimentoLocal":{"codigoMovimento":1351,"codigoPaiNacional":12284},"dataHora":"20100825133545"},{"movimentoLocal":{"codigoMovimento":1353,"codigoPaiNacional":12284},"dataHora":"20110726110019"},{"movimentoLocal":{"codigoMovimento":1263,"codigoPaiNacional":493},"dataHora":"20100826123417"},{"movimentoLocal":{"codigoMovimento":1540,"codigoPaiNacional":11010},"dataHora":"20121129084217"},{"movimentoLocal":{"codigoMovimento":1540,"codigoPaiNacional":11010},"dataHora":"20120502101900"},{"movimentoLocal":{"codigoMovimento":1855,"codigoPaiNacional":12263},"dataHora":"20100825133700"},{"movimentoLocal":{"codigoMovimento":1371,"codigoPaiNacional":51},"dataHora":"20111212111823"},{"movimentoLocal":{"codigoMovimento":1842,"codigoPaiNacional":12263},"dataHora":"20130621144044"},{"movimentoLocal":{"codigoMovimento":2042,"codigoPaiNacional":60},"dataHora":"20180323095605"},{"movimentoLocal":{"codigoMovimento":1357,"codigoPaiNacional":12284},"dataHora":"20110823155853"},{"movimentoLocal":{"codigoMovimento":2047,"codigoPaiNacional":11383},"dataHora":"20180404112414"},{"movimentoLocal":{"codigoMovimento":1231,"codigoPaiNacional":22},"dataHora":"20180703142740"},{"movimentoLocal":{"codigoMovimento":2182,"codigoPaiNacional":132},"dataHora":"20100827181507"},{"movimentoLocal":{"codigoMovimento":1371,"codigoPaiNacional":51},"dataHora":"20121106101615"},{"movimentoLocal":{"codigoMovimento":1165,"codigoPaiNacional":970},"dataHora":"20160318114043"},{"movimentoLocal":{"codigoMovimento":2102,"codigoPaiNacional":581},"dataHora":"20160802155321"},{"movimentoLocal":{"codigoMovimento":1847,"codigoPaiNacional":12263},"dataHora":"20160802155312"},{"movimentoLocal":{"codigoMovimento":1847,"codigoPaiNacional":12263},"dataHora":"20160729153739"},{"movimentoLocal":{"codigoMovimento":1849,"codigoPaiNacional":12263},"dataHora":"20160729153732"},{"movimentoLocal":{"codigoMovimento":2181,"codigoPaiNacional":132},"dataHora":"20160729153707"},{"movimentoLocal":{"codigoMovimento":12614,"codigoPaiNacional":493},"dataHora":"20160714123702"},{"movimentoLocal":{"codigoMovimento":18515,"codigoPaiNacional":12263},"dataHora":"20160712122122"},{"movimentoLocal":{"codigoMovimento":1843,"codigoPaiNacional":12263},"dataHora":"20160712121427"},{"movimentoLocal":{"codigoMovimento":1842,"codigoPaiNacional":12263},"dataHora":"20160712121419"},{"movimentoLocal":{"codigoMovimento":1841,"codigoPaiNacional":12263},"dataHora":"20160712095824"},{"movimentoLocal":{"codigoMovimento":2102,"codigoPaiNacional":581},"dataHora":"20160711185814"},{"movimentoLocal":{"codigoMovimento":2181,"codigoPaiNacional":132},"dataHora":"20160705162425"},{"movimentoLocal":{"codigoMovimento":1263,"codigoPaiNacional":493},"dataHora":"20160701114728"},{"movimentoLocal":{"codigoMovimento":18515,"codigoPaiNacional":12263},"dataHora":"20160629142520"},{"movimentoLocal":{"codigoMovimento":2183,"codigoPaiNacional":132},"dataHora":"20160629142513"},{"movimentoLocal":{"codigoMovimento":2102,"codigoPaiNacional":581},"dataHora":"20160629100742"},{"movimentoLocal":{"codigoMovimento":2182,"codigoPaiNacional":132},"dataHora":"20160620130858"},{"movimentoLocal":{"codigoMovimento":1263,"codigoPaiNacional":493},"dataHora":"20160527114302"},{"movimentoLocal":{"codigoMovimento":1855,"codigoPaiNacional":12263},"dataHora":"20160525134020"},{"movimentoLocal":{"codigoMovimento":2183,"codigoPaiNacional":132},"dataHora":"20160525133958"},{"movimentoLocal":{"codigoMovimento":2102,"codigoPaiNacional":581},"dataHora":"20160525133940"},{"movimentoLocal":{"codigoMovimento":2102,"codigoPaiNacional":581},"dataHora":"20160525111611"},{"movimentoLocal":{"codigoMovimento":2181,"codigoPaiNacional":132},"dataHora":"20160524171146"},{"movimentoLocal":{"codigoMovimento":1184,"codigoPaiNacional":970},"dataHora":"20160808135016"},{"movimentoLocal":{"codigoMovimento":1371,"codigoPaiNacional":51},"dataHora":"20160808135112"},{"movimentoLocal":{"codigoMovimento":1540,"codigoPaiNacional":11010},"dataHora":"20160808135126"},{"movimentoLocal":{"codigoMovimento":1855,"codigoPaiNacional":12263},"dataHora":"20160923163311"},{"movimentoLocal":{"codigoMovimento":2430,"codigoPaiNacional":848},"dataHora":"20180315110407"},{"movimentoLocal":{"codigoMovimento":2041,"codigoPaiNacional":60},"dataHora":"20180315110313"},{"movimentoLocal":{"codigoMovimento":2041,"codigoPaiNacional":60},"dataHora":"20171212163649"},{"movimentoLocal":{"codigoMovimento":1793,"codigoPaiNacional":92},"dataHora":"20171207102249"},{"movimentoLocal":{"codigoMovimento":1783,"codigoPaiNacional":12263},"dataHora":"20171205115600"},{"movimentoLocal":{"codigoMovimento":1763,"codigoPaiNacional":12263},"dataHora":"20171201105018"},{"movimentoLocal":{"codigoMovimento":2181,"codigoPaiNacional":132},"dataHora":"20171130105009"},{"movimentoLocal":{"codigoMovimento":1263,"codigoPaiNacional":493},"dataHora":"20171128123921"},{"movimentoLocal":{"codigoMovimento":1855,"codigoPaiNacional":12263},"dataHora":"20171127175320"},{"movimentoLocal":{"codigoMovimento":15510,"codigoPaiNacional":220},"dataHora":"20171127175041"},{"movimentoLocal":{"codigoMovimento":1373,"codigoPaiNacional":51},"dataHora":"20170328124010"},{"movimentoLocal":{"codigoMovimento":1263,"codigoPaiNacional":493},"dataHora":"20160519121222"},{"movimentoLocal":{"codigoMovimento":1012,"codigoPaiNacional":11383},"dataHora":"20170327075552"},{"movimentoLocal":{"codigoMovimento":1262,"codigoPaiNacional":493},"dataHora":"20170316084318"},{"movimentoLocal":{"codigoMovimento":1794,"codigoPaiNacional":92},"dataHora":"20170309085800"},{"movimentoLocal":{"codigoMovimento":1784,"codigoPaiNacional":12263},"dataHora":"20170302103900"},{"movimentoLocal":{"codigoMovimento":1764,"codigoPaiNacional":12263},"dataHora":"20170301140636"},{"movimentoLocal":{"codigoMovimento":2183,"codigoPaiNacional":132},"dataHora":"20170301135544"},{"movimentoLocal":{"codigoMovimento":2181,"codigoPaiNacional":132},"dataHora":"20161104125922"},{"movimentoLocal":{"codigoMovimento":12614,"codigoPaiNacional":493},"dataHora":"20161024091816"},{"movimentoLocal":{"codigoMovimento":18515,"codigoPaiNacional":12263},"dataHora":"20161018095512"},{"movimentoLocal":{"codigoMovimento":1013,"codigoPaiNacional":11383},"dataHora":"20161007114803"},{"movimentoLocal":{"codigoMovimento":2181,"codigoPaiNacional":132},"dataHora":"20160930172600"},{"movimentoLocal":{"codigoMovimento":1263,"codigoPaiNacional":493},"dataHora":"20160926115706"},{"movimentoLocal":{"codigoMovimento":2181,"codigoPaiNacional":132},"dataHora":"20170317171404"},{"movimentoLocal":{"codigoMovimento":1855,"codigoPaiNacional":12263},"dataHora":"20160518131622"},{"movimentoLocal":{"codigoMovimento":1843,"codigoPaiNacional":12263},"dataHora":"20160304175437"},{"movimentoLocal":{"codigoMovimento":2102,"codigoPaiNacional":581},"dataHora":"20150610160229"},{"movimentoLocal":{"codigoMovimento":2183,"codigoPaiNacional":132},"dataHora":"20150610160307"},{"movimentoLocal":{"codigoMovimento":1594,"codigoPaiNacional":12444},"dataHora":"20160317160452"},{"movimentoLocal":{"codigoMovimento":15399,"codigoPaiNacional":12164},"dataHora":"20150602153400"},{"movimentoLocal":{"codigoMovimento":1372,"codigoPaiNacional":51},"dataHora":"20141022163433"},{"movimentoLocal":{"codigoMovimento":2252,"codigoPaiNacional":85},"dataHora":"20140915141150"},{"movimentoLocal":{"codigoMovimento":2182,"codigoPaiNacional":132},"dataHora":"20140912181345"},{"movimentoLocal":{"codigoMovimento":1263,"codigoPaiNacional":493},"dataHora":"20140610112516"},{"movimentoLocal":{"codigoMovimento":1855,"codigoPaiNacional":12263},"dataHora":"20140605112822"},{"movimentoLocal":{"codigoMovimento":2183,"codigoPaiNacional":132},"dataHora":"20140605112809"},{"movimentoLocal":{"codigoMovimento":1855,"codigoPaiNacional":12263},"dataHora":"20150610160330"},{"movimentoLocal":{"codigoMovimento":1442,"codigoPaiNacional":11383},"dataHora":"20140408145228"},{"movimentoLocal":{"codigoMovimento":12614,"codigoPaiNacional":493},"dataHora":"20140401140236"},{"movimentoLocal":{"codigoMovimento":18515,"codigoPaiNacional":12263},"dataHora":"20140401132535"},{"movimentoLocal":{"codigoMovimento":1540,"codigoPaiNacional":11010},"dataHora":"20140401110654"},{"movimentoLocal":{"codigoMovimento":1371,"codigoPaiNacional":51},"dataHora":"20140127140834"},{"movimentoLocal":{"codigoMovimento":1540,"codigoPaiNacional":11010},"dataHora":"20130813115257"},{"movimentoLocal":{"codigoMovimento":1371,"codigoPaiNacional":51},"dataHora":"20130806105828"},{"movimentoLocal":{"codigoMovimento":1442,"codigoPaiNacional":11383},"dataHora":"20130709115724"},{"movimentoLocal":{"codigoMovimento":1847,"codigoPaiNacional":12263},"dataHora":"20130709115653"},{"movimentoLocal":{"codigoMovimento":1843,"codigoPaiNacional":12263},"dataHora":"20130621144129"},{"movimentoLocal":{"codigoMovimento":2182,"codigoPaiNacional":132},"dataHora":"20140407171700"},{"movimentoLocal":{"codigoMovimento":2181,"codigoPaiNacional":132},"dataHora":"20150618175200"},{"movimentoLocal":{"codigoMovimento":1263,"codigoPaiNacional":493},"dataHora":"20150611111315"},{"movimentoLocal":{"codigoMovimento":1847,"codigoPaiNacional":12263},"dataHora":"20160314140006"},{"movimentoLocal":{"codigoMovimento":2102,"codigoPaiNacional":581},"dataHora":"20160317094034"},{"movimentoLocal":{"codigoMovimento":1849,"codigoPaiNacional":12263},"dataHora":"20160316180745"},{"movimentoLocal":{"codigoMovimento":1847,"codigoPaiNacional":12263},"dataHora":"20160316180740"},{"movimentoLocal":{"codigoMovimento":2181,"codigoPaiNacional":132},"dataHora":"20160316173013"},{"movimentoLocal":{"codigoMovimento":1263,"codigoPaiNacional":493},"dataHora":"20160315111255"},{"movimentoLocal":{"codigoMovimento":1855,"codigoPaiNacional":12263},"dataHora":"20160314140132"},{"movimentoLocal":{"codigoMovimento":2183,"codigoPaiNacional":132},"dataHora":"20160314140119"},{"movimentoLocal":{"codigoMovimento":1849,"codigoPaiNacional":12263},"dataHora":"20160314140037"},{"movimentoLocal":{"codigoMovimento":1165,"codigoPaiNacional":970},"dataHora":"20160303133350"},{"movimentoLocal":{"codigoMovimento":1184,"codigoPaiNacional":970},"dataHora":"20160317155953"},{"movimentoLocal":{"codigoMovimento":24799,"codigoPaiNacional":12283},"dataHora":"20160314135945"},{"movimentoLocal":{"codigoMovimento":2181,"codigoPaiNacional":132},"dataHora":"20160311174021"},{"movimentoLocal":{"codigoMovimento":12614,"codigoPaiNacional":493},"dataHora":"20160307132627"},{"movimentoLocal":{"codigoMovimento":18515,"codigoPaiNacional":12263},"dataHora":"20160304175522"},{"movimentoLocal":{"codigoMovimento":1842,"codigoPaiNacional":12263},"dataHora":"20160304175428"},{"movimentoLocal":{"codigoMovimento":1841,"codigoPaiNacional":12263},"dataHora":"20160304175418"},{"movimentoLocal":{"codigoMovimento":2043,"codigoPaiNacional":123},"dataHora":"20160304171240"},{"movimentoLocal":{"codigoMovimento":2042,"codigoPaiNacional":60},"dataHora":"20160304171226"},{"movimentoLocal":{"codigoMovimento":2041,"codigoPaiNacional":60},"dataHora":"20160304162913"},{"movimentoLocal":{"codigoMovimento":2047,"codigoPaiNacional":11383},"dataHora":"20160314135921"}],"grau":"G1"},{"millisInsercao":1569996072018,"dadosBasicos":{"assunto":[{"principal":true,"assuntoLocal":{"codigoAssunto":5221100,"codigoPaiNacional":3598}}],"numero":"00060316720114013304","dataAjuizamento":"50110705155500","classeProcessual":279,"nivelSigilo":0,"orgaoJulgador":{"nomeOrgao":"3\u00aa Feira de Santana","codigoMunicipioIBGE":1737,"codigoOrgao":"18350","instancia":"ORIG"},"competencia":0,"codigoLocalidade":"2910800"},"siglaTribunal":"TRF1","movimento":[{"movimentoLocal":{"codigoMovimento":1371,"codigoPaiNacional":51},"dataHora":"20141112165316"},{"movimentoLocal":{"codigoMovimento":1540,"codigoPaiNacional":11010},"dataHora":"20141112165331"},{"movimentoLocal":{"codigoMovimento":2234,"codigoPaiNacional":123},"dataHora":"20141120170420"},{"movimentoLocal":{"codigoMovimento":1234,"codigoPaiNacional":22},"dataHora":"20150212185244"},{"movimentoLocal":{"codigoMovimento":1855,"codigoPaiNacional":12263},"dataHora":"20140728151527"},{"movimentoLocal":{"codigoMovimento":2181,"codigoPaiNacional":132},"dataHora":"20141112165233"},{"movimentoLocal":{"codigoMovimento":1240,"codigoPaiNacional":12291},"dataHora":"20141112110125"},{"movimentoLocal":{"codigoMovimento":1238,"codigoPaiNacional":22},"dataHora":"20140728151601"},{"movimentoLocal":{"codigoMovimento":1540,"codigoPaiNacional":11010},"dataHora":"20140724150000"},{"movimentoLocal":{"codigoMovimento":15399,"codigoPaiNacional":12164},"dataHora":"20140509180000"},{"movimentoLocal":{"codigoMovimento":2102,"codigoPaiNacional":581},"dataHora":"20140701180346"},{"movimentoLocal":{"codigoMovimento":20,"codigoPaiNacional":26},"dataHora":"20110805131538"},{"movimentoLocal":{"codigoMovimento":2181,"codigoPaiNacional":132},"dataHora":"20110805134634"},{"movimentoLocal":{"codigoMovimento":1701,"codigoPaiNacional":118},"dataHora":"20110812093235"},{"movimentoLocal":{"codigoMovimento":2181,"codigoPaiNacional":132},"dataHora":"20110812093250"},{"movimentoLocal":{"codigoMovimento":1372,"codigoPaiNacional":51},"dataHora":"20120125161204"},{"movimentoLocal":{"codigoMovimento":23499,"codigoPaiNacional":25},"dataHora":"20120201155945"},{"movimentoLocal":{"codigoMovimento":1080,"codigoPaiNacional":12430},"dataHora":"20120214145604"},{"movimentoLocal":{"codigoMovimento":2100,"codigoPaiNacional":132},"dataHora":"20120330182637"},{"movimentoLocal":{"codigoMovimento":1540,"codigoPaiNacional":11010},"dataHora":"20120409182049"},{"movimentoLocal":{"codigoMovimento":1855,"codigoPaiNacional":12263},"dataHora":"20120510114701"},{"movimentoLocal":{"codigoMovimento":1263,"codigoPaiNacional":493},"dataHora":"20120511092654"},{"movimentoLocal":{"codigoMovimento":2181,"codigoPaiNacional":132},"dataHora":"20120515175346"},{"movimentoLocal":{"codigoMovimento":1371,"codigoPaiNacional":51},"dataHora":"20140724142000"},{"movimentoLocal":{"codigoMovimento":23499,"codigoPaiNacional":25},"dataHora":"20120604162319"},{"movimentoLocal":{"codigoMovimento":1540,"codigoPaiNacional":11010},"dataHora":"20130625202912"},{"movimentoLocal":{"codigoMovimento":1238,"codigoPaiNacional":22},"dataHora":"20130725180157"},{"movimentoLocal":{"codigoMovimento":40,"codigoPaiNacional":36},"dataHora":"20140219070000"},{"movimentoLocal":{"codigoMovimento":1238,"codigoPaiNacional":22},"dataHora":"20140219070001"},{"movimentoLocal":{"codigoMovimento":1240,"codigoPaiNacional":12291},"dataHora":"20140509140000"},{"movimentoLocal":{"codigoMovimento":2102,"codigoPaiNacional":581},"dataHora":"20140509141500"},{"movimentoLocal":{"codigoMovimento":1372,"codigoPaiNacional":51},"dataHora":"20140509142000"},{"movimentoLocal":{"codigoMovimento":1240,"codigoPaiNacional":12291},"dataHora":"20140512151506"},{"movimentoLocal":{"codigoMovimento":1855,"codigoPaiNacional":12263},"dataHora":"20140512152454"},{"movimentoLocal":{"codigoMovimento":1263,"codigoPaiNacional":493},"dataHora":"20140516085354"},{"movimentoLocal":{"codigoMovimento":2181,"codigoPaiNacional":132},"dataHora":"20140701180325"},{"movimentoLocal":{"codigoMovimento":2100,"codigoPaiNacional":132},"dataHora":"20140701180333"},{"movimentoLocal":{"codigoMovimento":1371,"codigoPaiNacional":51},"dataHora":"20130625140621"},{"movimentoLocal":{"codigoMovimento":15399,"codigoPaiNacional":12164},"dataHora":"20120201155624"},{"movimentoLocal":{"codigoMovimento":1371,"codigoPaiNacional":51},"dataHora":"20120402162749"}],"grau":"G1"},{"millisInsercao":1569965535609,"dadosBasicos":{"assunto":[{"principal":true,"assuntoLocal":{"codigoAssunto":5180700,"codigoPaiNacional":3531}}],"numero":"00001481220154013301","dataAjuizamento":"50150113164200","classeProcessual":307,"nivelSigilo":0,"orgaoJulgador":{"nomeOrgao":"Ilh\u00e9us","codigoMunicipioIBGE":2146,"codigoOrgao":"12363","instancia":"ORIG"},"competencia":0,"codigoLocalidade":"2913606"},"siglaTribunal":"TRF1","movimento":[{"movimentoLocal":{"codigoMovimento":1701,"codigoPaiNacional":118},"dataHora":"20150113184722"},{"movimentoLocal":{"codigoMovimento":1231,"codigoPaiNacional":22},"dataHora":"20151118153419"},{"movimentoLocal":{"codigoMovimento":1080,"codigoPaiNacional":12430},"dataHora":"20151118153414"},{"movimentoLocal":{"codigoMovimento":2182,"codigoPaiNacional":132},"dataHora":"20150119180000"},{"movimentoLocal":{"codigoMovimento":1263,"codigoPaiNacional":493},"dataHora":"20150116095834"},{"movimentoLocal":{"codigoMovimento":1855,"codigoPaiNacional":12263},"dataHora":"20150114154042"},{"movimentoLocal":{"codigoMovimento":1821,"codigoPaiNacional":12268},"dataHora":"20150114152644"},{"movimentoLocal":{"codigoMovimento":2238,"codigoPaiNacional":123},"dataHora":"20150113184727"},{"movimentoLocal":{"codigoMovimento":1372,"codigoPaiNacional":51},"dataHora":"20150113185904"},{"movimentoLocal":{"codigoMovimento":30,"codigoPaiNacional":26},"dataHora":"20150113184316"},{"movimentoLocal":{"codigoMovimento":1540,"codigoPaiNacional":11010},"dataHora":"20150114151417"}],"grau":"G1"},{"millisInsercao":1569967279520,"dadosBasicos":{"assunto":[{"principal":true,"assuntoLocal":{"codigoAssunto":5180100,"codigoPaiNacional":3524}}],"numero":"00263732720154013800","dataAjuizamento":"50150507105000","classeProcessual":279,"nivelSigilo":0,"orgaoJulgador":{"nomeOrgao":"35\u00aa - Belo Horizonte","codigoMunicipioIBGE":583,"codigoOrgao":"17968","instancia":"ORIG"},"competencia":0,"codigoLocalidade":"3106200"},"siglaTribunal":"TRF1","movimento":[{"movimentoLocal":{"codigoMovimento":2225,"codigoPaiNacional":978},"dataHora":"20160222160207"},{"movimentoLocal":{"codigoMovimento":1231,"codigoPaiNacional":22},"dataHora":"20160428120429"},{"movimentoLocal":{"codigoMovimento":1080,"codigoPaiNacional":12430},"dataHora":"20160222160201"},{"movimentoLocal":{"codigoMovimento":18599,"codigoPaiNacional":12263},"dataHora":"20151203152509"},{"movimentoLocal":{"codigoMovimento":2041,"codigoPaiNacional":60},"dataHora":"20150930141801"},{"movimentoLocal":{"codigoMovimento":2225,"codigoPaiNacional":978},"dataHora":"20151125140305"},{"movimentoLocal":{"codigoMovimento":2047,"codigoPaiNacional":11383},"dataHora":"20151125140251"},{"movimentoLocal":{"codigoMovimento":18599,"codigoPaiNacional":12263},"dataHora":"20151123103503"},{"movimentoLocal":{"codigoMovimento":18599,"codigoPaiNacional":12263},"dataHora":"20151116152311"},{"movimentoLocal":{"codigoMovimento":2181,"codigoPaiNacional":132},"dataHora":"20151109133815"},{"movimentoLocal":{"codigoMovimento":1263,"codigoPaiNacional":493},"dataHora":"20151104091556"},{"movimentoLocal":{"codigoMovimento":2228,"codigoPaiNacional":123},"dataHora":"20151103161848"},{"movimentoLocal":{"codigoMovimento":2043,"codigoPaiNacional":123},"dataHora":"20151103161833"},{"movimentoLocal":{"codigoMovimento":2042,"codigoPaiNacional":60},"dataHora":"20151029144748"},{"movimentoLocal":{"codigoMovimento":2041,"codigoPaiNacional":60},"dataHora":"20151027155707"},{"movimentoLocal":{"codigoMovimento":2102,"codigoPaiNacional":581},"dataHora":"20160222160152"},{"movimentoLocal":{"codigoMovimento":2120,"codigoPaiNacional":11383},"dataHora":"20160122135654"},{"movimentoLocal":{"codigoMovimento":15313,"codigoPaiNacional":246},"dataHora":"20150930140902"},{"movimentoLocal":{"codigoMovimento":1371,"codigoPaiNacional":51},"dataHora":"20150511165040"},{"movimentoLocal":{"codigoMovimento":1701,"codigoPaiNacional":118},"dataHora":"20150511165036"},{"movimentoLocal":{"codigoMovimento":2181,"codigoPaiNacional":132},"dataHora":"20150511165033"},{"movimentoLocal":{"codigoMovimento":2238,"codigoPaiNacional":123},"dataHora":"20150511104002"},{"movimentoLocal":{"codigoMovimento":20,"codigoPaiNacional":26},"dataHora":"20150508164550"},{"movimentoLocal":{"codigoMovimento":1594,"codigoPaiNacional":12444},"dataHora":"20160122135708"},{"movimentoLocal":{"codigoMovimento":1080,"codigoPaiNacional":12430},"dataHora":"20160215165122"},{"movimentoLocal":{"codigoMovimento":24699,"codigoPaiNacional":12282},"dataHora":"20150930140949"}],"grau":"G1"},{"millisInsercao":1569967279524,"dadosBasicos":{"assunto":[{"principal":true,"assuntoLocal":{"codigoAssunto":5180100,"codigoPaiNacional":3524}}],"numero":"00263776420154013800","dataAjuizamento":"50150507105400","classeProcessual":279,"nivelSigilo":0,"orgaoJulgador":{"nomeOrgao":"9\u00aa - Belo Horizonte","codigoMunicipioIBGE":583,"codigoOrgao":"17686","instancia":"ORIG"},"competencia":0,"codigoLocalidade":"3106200"},"siglaTribunal":"TRF1","movimento":[{"movimentoLocal":{"codigoMovimento":20,"codigoPaiNacional":26},"dataHora":"20150508164650"},{"movimentoLocal":{"codigoMovimento":2238,"codigoPaiNacional":123},"dataHora":"20150511104002"},{"movimentoLocal":{"codigoMovimento":2181,"codigoPaiNacional":132},"dataHora":"20150511164817"},{"movimentoLocal":{"codigoMovimento":1371,"codigoPaiNacional":51},"dataHora":"20150511164821"},{"movimentoLocal":{"codigoMovimento":1263,"codigoPaiNacional":493},"dataHora":"20150525153930"},{"movimentoLocal":{"codigoMovimento":2181,"codigoPaiNacional":132},"dataHora":"20150528173426"},{"movimentoLocal":{"codigoMovimento":2042,"codigoPaiNacional":60},"dataHora":"20150903133211"},{"movimentoLocal":{"codigoMovimento":1080,"codigoPaiNacional":12430},"dataHora":"20150903133822"},{"movimentoLocal":{"codigoMovimento":1231,"codigoPaiNacional":22},"dataHora":"20150925165459"},{"movimentoLocal":{"codigoMovimento":15313,"codigoPaiNacional":246},"dataHora":"20150513183513"},{"movimentoLocal":{"codigoMovimento":1855,"codigoPaiNacional":12263},"dataHora":"20150513183518"}],"grau":"G1"},{"millisInsercao":1569967279528,"dadosBasicos":{"assunto":[{"principal":true,"assuntoLocal":{"codigoAssunto":5060200,"codigoPaiNacional":3402}}],"numero":"00263801920154013800","dataAjuizamento":"50150507105900","classeProcessual":279,"nivelSigilo":0,"orgaoJulgador":{"nomeOrgao":"35\u00aa - Belo Horizonte","codigoMunicipioIBGE":583,"codigoOrgao":"17968","instancia":"ORIG"},"competencia":0,"codigoLocalidade":"3106200"},"siglaTribunal":"TRF1","movimento":[{"movimentoLocal":{"codigoMovimento":12319,"codigoPaiNacional":22},"dataHora":"20170809122951"},{"movimentoLocal":{"codigoMovimento":23799,"codigoPaiNacional":25},"dataHora":"20150929110254"},{"movimentoLocal":{"codigoMovimento":1371,"codigoPaiNacional":51},"dataHora":"20150511165040"},{"movimentoLocal":{"codigoMovimento":1540,"codigoPaiNacional":11010},"dataHora":"20150924180936"},{"movimentoLocal":{"codigoMovimento":1701,"codigoPaiNacional":118},"dataHora":"20150511165036"},{"movimentoLocal":{"codigoMovimento":2228,"codigoPaiNacional":123},"dataHora":"20150924181004"},{"movimentoLocal":{"codigoMovimento":1240,"codigoPaiNacional":12291},"dataHora":"20170912131655"},{"movimentoLocal":{"codigoMovimento":24699,"codigoPaiNacional":12282},"dataHora":"20171004173935"},{"movimentoLocal":{"codigoMovimento":1371,"codigoPaiNacional":51},"dataHora":"20170914165214"},{"movimentoLocal":{"codigoMovimento":15313,"codigoPaiNacional":246},"dataHora":"20171004173910"},{"movimentoLocal":{"codigoMovimento":2238,"codigoPaiNacional":123},"dataHora":"20150511104002"},{"movimentoLocal":{"codigoMovimento":2228,"codigoPaiNacional":123},"dataHora":"20171004173953"},{"movimentoLocal":{"codigoMovimento":1263,"codigoPaiNacional":493},"dataHora":"20171005085928"},{"movimentoLocal":{"codigoMovimento":2181,"codigoPaiNacional":132},"dataHora":"20171009133331"},{"movimentoLocal":{"codigoMovimento":1080,"codigoPaiNacional":12430},"dataHora":"20171011105842"},{"movimentoLocal":{"codigoMovimento":1231,"codigoPaiNacional":22},"dataHora":"20171025102057"},{"movimentoLocal":{"codigoMovimento":20,"codigoPaiNacional":26},"dataHora":"20150508152254"},{"movimentoLocal":{"codigoMovimento":2102,"codigoPaiNacional":581},"dataHora":"20170914165212"},{"movimentoLocal":{"codigoMovimento":2181,"codigoPaiNacional":132},"dataHora":"20150511165033"}],"grau":"G1"},{"millisInsercao":1569964148753,"dadosBasicos":{"assunto":[{"principal":false,"assuntoLocal":{"codigoAssunto":5180900,"codigoPaiNacional":3533}},{"principal":true,"assuntoLocal":{"codigoAssunto":5060100,"codigoPaiNacional":3401}}],"numero":"00137572020144013100","dataAjuizamento":"90141230000014","classeProcessual":279,"nivelSigilo":0,"orgaoJulgador":{"nomeOrgao":"4\u00aa - Macap\u00e1","codigoMunicipioIBGE":2796,"codigoOrgao":"16964","instancia":"ORIG"},"competencia":0,"codigoLocalidade":"1600303"},"siglaTribunal":"TRF1","movimento":[{"movimentoLocal":{"codigoMovimento":20,"codigoPaiNacional":26},"dataHora":"20141001114238"},{"movimentoLocal":{"codigoMovimento":1701,"codigoPaiNacional":118},"dataHora":"20141001161242"},{"movimentoLocal":{"codigoMovimento":2238,"codigoPaiNacional":123},"dataHora":"20141001161248"},{"movimentoLocal":{"codigoMovimento":2181,"codigoPaiNacional":132},"dataHora":"20141001165841"},{"movimentoLocal":{"codigoMovimento":1372,"codigoPaiNacional":51},"dataHora":"20141001174928"},{"movimentoLocal":{"codigoMovimento":15399,"codigoPaiNacional":12164},"dataHora":"20141013134335"},{"movimentoLocal":{"codigoMovimento":1263,"codigoPaiNacional":493},"dataHora":"20141020084656"},{"movimentoLocal":{"codigoMovimento":2181,"codigoPaiNacional":132},"dataHora":"20141023173400"},{"movimentoLocal":{"codigoMovimento":18512,"codigoPaiNacional":12263},"dataHora":"20141028093957"},{"movimentoLocal":{"codigoMovimento":22210,"codigoPaiNacional":123},"dataHora":"20141028094008"},{"movimentoLocal":{"codigoMovimento":2228,"codigoPaiNacional":123},"dataHora":"20150227081815"},{"movimentoLocal":{"codigoMovimento":12610,"codigoPaiNacional":493},"dataHora":"20141030152602"},{"movimentoLocal":{"codigoMovimento":2100,"codigoPaiNacional":132},"dataHora":"20141125144357"},{"movimentoLocal":{"codigoMovimento":1540,"codigoPaiNacional":11010},"dataHora":"20150706155734"},{"movimentoLocal":{"codigoMovimento":1371,"codigoPaiNacional":51},"dataHora":"20150609083952"},{"movimentoLocal":{"codigoMovimento":2102,"codigoPaiNacional":581},"dataHora":"20150608120437"},{"movimentoLocal":{"codigoMovimento":2100,"codigoPaiNacional":132},"dataHora":"20150608120411"},{"movimentoLocal":{"codigoMovimento":1231,"codigoPaiNacional":22},"dataHora":"20150716142808"},{"movimentoLocal":{"codigoMovimento":1263,"codigoPaiNacional":493},"dataHora":"20150227094106"},{"movimentoLocal":{"codigoMovimento":2183,"codigoPaiNacional":132},"dataHora":"20150226155129"},{"movimentoLocal":{"codigoMovimento":2181,"codigoPaiNacional":132},"dataHora":"20150605172153"},{"movimentoLocal":{"codigoMovimento":2102,"codigoPaiNacional":581},"dataHora":"20141125144400"},{"movimentoLocal":{"codigoMovimento":2181,"codigoPaiNacional":132},"dataHora":"20141125113627"},{"movimentoLocal":{"codigoMovimento":1855,"codigoPaiNacional":12263},"dataHora":"20150227081809"}],"grau":"G1"}]