[{"millisInsercao":1600188735304,"dadosBasicos":{"valorCausa":0.0,"numero":"02568806220168217000","procEl":2,"competencia":null,"codigoLocalidade":"4314902","assunto":[{"principal":true,"assuntoLocal":null,"codigoNacional":3386},{"principal":true,"assuntoLocal":null,"codigoNacional":3386}],"dscSistema":null,"tamanhoProcesso":-1,"dataAjuizamento":"20160725000000","totalAssuntos":1,"nivelSigilo":0,"classeProcessual":385,"orgaoJulgador":{"nomeOrgao":"4\u00aa C\u00e2mara Criminal - Porto Alegre","codigoMunicipioIBGE":4314902,"codigoOrgao":52043,"instancia":"REV"}},"siglaTribunal":"TJRS","movimento":[{"identificadorMovimento":"1","tipoResponsavelMovimento":null,"movimentoNacional":{"codigoNacional":123},"complementoNacional":[],"idDocumentoVinculado":[],"movimentoLocal":null,"nivelSigilo":0,"orgaoJulgador":{"nomeOrgao":"4\u00aa C\u00e2mara Criminal - Porto Alegre","codigoMunicipioIBGE":4314902,"codigoOrgao":52043,"instancia":"REV"},"dataHora":"20170817142841","tipoDecisao":null},{"identificadorMovimento":"2","tipoResponsavelMovimento":null,"movimentoNacional":{"codigoNacional":246},"complementoNacional":[],"idDocumentoVinculado":[],"movimentoLocal":null,"nivelSigilo":0,"orgaoJulgador":{"nomeOrgao":"4\u00aa C\u00e2mara Criminal - Porto Alegre","codigoMunicipioIBGE":4314902,"codigoOrgao":52043,"instancia":"REV"},"dataHora":"20170802152632","tipoDecisao":null},{"identificadorMovimento":"3","tipoResponsavelMovimento":null,"movimentoNacional":{"codigoNacional":22},"complementoNacional":[],"idDocumentoVinculado":[],"movimentoLocal":null,"nivelSigilo":0,"orgaoJulgador":{"nomeOrgao":"4\u00aa C\u00e2mara Criminal - Porto Alegre","codigoMunicipioIBGE":4314902,"codigoOrgao":52043,"instancia":"REV"},"dataHora":"20170802125633","tipoDecisao":null},{"identificadorMovimento":"4","tipoResponsavelMovimento":null,"movimentoNacional":{"codigoNacional":848},"complementoNacional":[],"idDocumentoVinculado":[],"movimentoLocal":null,"nivelSigilo":0,"orgaoJulgador":{"nomeOrgao":"4\u00aa C\u00e2mara Criminal - Porto Alegre","codigoMunicipioIBGE":4314902,"codigoOrgao":52043,"instancia":"REV"},"dataHora":"20170802120706","tipoDecisao":null},{"identificadorMovimento":"5","tipoResponsavelMovimento":null,"movimentoNacional":{"codigoNacional":92},"complementoNacional":[],"idDocumentoVinculado":[],"movimentoLocal":null,"nivelSigilo":0,"orgaoJulgador":{"nomeOrgao":"4\u00aa C\u00e2mara Criminal - Porto Alegre","codigoMunicipioIBGE":4314902,"codigoOrgao":52043,"instancia":"REV"},"dataHora":"20170628222055","tipoDecisao":null},{"identificadorMovimento":"6","tipoResponsavelMovimento":null,"movimentoNacional":{"codigoNacional":1061},"complementoNacional":[],"idDocumentoVinculado":[],"movimentoLocal":null,"nivelSigilo":0,"orgaoJulgador":{"nomeOrgao":"4\u00aa C\u00e2mara Criminal - Porto Alegre","codigoMunicipioIBGE":4314902,"codigoOrgao":52043,"instancia":"REV"},"dataHora":"20170628222055","tipoDecisao":null},{"identificadorMovimento":"7","tipoResponsavelMovimento":null,"movimentoNacional":{"codigoNacional":60},"complementoNacional":[],"idDocumentoVinculado":[],"movimentoLocal":null,"nivelSigilo":0,"orgaoJulgador":{"nomeOrgao":"4\u00aa C\u00e2mara Criminal - Porto Alegre","codigoMunicipioIBGE":4314902,"codigoOrgao":52043,"instancia":"REV"},"dataHora":"20170628130020","tipoDecisao":null},{"identificadorMovimento":"10","tipoResponsavelMovimento":null,"movimentoNacional":{"codigoNacional":132},"complementoNacional":[],"idDocumentoVinculado":[],"movimentoLocal":null,"nivelSigilo":0,"orgaoJulgador":{"nomeOrgao":"4\u00aa C\u00e2mara Criminal - Porto Alegre","codigoMunicipioIBGE":4314902,"codigoOrgao":52043,"instancia":"REV"},"dataHora":"20170612104211","tipoDecisao":null},{"identificadorMovimento":"11","tipoResponsavelMovimento":null,"movimentoNacional":{"codigoNacional":132},"complementoNacional":[],"idDocumentoVinculado":[],"movimentoLocal":null,"nivelSigilo":0,"orgaoJulgador":{"nomeOrgao":"4\u00aa C\u00e2mara Criminal - Porto Alegre","codigoMunicipioIBGE":4314902,"codigoOrgao":52043,"instancia":"REV"},"dataHora":"20170413104701","tipoDecisao":null},{"identificadorMovimento":"12","tipoResponsavelMovimento":null,"movimentoNacional":{"codigoNacional":493},"complementoNacional":[],"idDocumentoVinculado":[],"movimentoLocal":null,"nivelSigilo":0,"orgaoJulgador":{"nomeOrgao":"4\u00aa C\u00e2mara Criminal - Porto Alegre","codigoMunicipioIBGE":4314902,"codigoOrgao":52043,"instancia":"REV"},"dataHora":"20170405155057","tipoDecisao":null},{"identificadorMovimento":"14","tipoResponsavelMovimento":null,"movimentoNacional":{"codigoNacional":51},"complementoNacional":[],"idDocumentoVinculado":[],"movimentoLocal":null,"nivelSigilo":0,"orgaoJulgador":{"nomeOrgao":"4\u00aa C\u00e2mara Criminal - Porto Alegre","codigoMunicipioIBGE":4314902,"codigoOrgao":52043,"instancia":"REV"},"dataHora":"20170331141620","tipoDecisao":null},{"identificadorMovimento":"15","tipoResponsavelMovimento":null,"movimentoNacional":{"codigoNacional":132},"complementoNacional":[],"idDocumentoVinculado":[],"movimentoLocal":null,"nivelSigilo":0,"orgaoJulgador":{"nomeOrgao":"4\u00aa C\u00e2mara Criminal - Porto Alegre","codigoMunicipioIBGE":4314902,"codigoOrgao":52043,"instancia":"REV"},"dataHora":"20160812172351","tipoDecisao":null},{"identificadorMovimento":"16","tipoResponsavelMovimento":null,"movimentoNacional":{"codigoNacional":982},"complementoNacional":[{"descricaoComplemento":"motivo_da_remessa","codComplementoTabelado":37,"codComplemento":18},{"descricaoComplemento":"motivo_da_remessa","codComplementoTabelado":37,"codComplemento":18}],"idDocumentoVinculado":[],"movimentoLocal":null,"nivelSigilo":0,"orgaoJulgador":{"nomeOrgao":"4\u00aa C\u00e2mara Criminal - Porto Alegre","codigoMunicipioIBGE":4314902,"codigoOrgao":52043,"instancia":"REV"},"dataHora":"20160725135926","tipoDecisao":null}],"grau":"G2"},{"millisInsercao":1600189474349,"dadosBasicos":{"valorCausa":0.0,"numero":"00107549820178217000","procEl":2,"competencia":null,"codigoLocalidade":"4314902","assunto":[{"principal":true,"assuntoLocal":null,"codigoNacional":3632},{"principal":true,"assuntoLocal":null,"codigoNacional":3632}],"dscSistema":null,"tamanhoProcesso":-1,"dataAjuizamento":"20170119000000","totalAssuntos":1,"nivelSigilo":0,"classeProcessual":385,"orgaoJulgador":{"nomeOrgao":"4\u00aa C\u00e2mara Criminal - Porto Alegre","codigoMunicipioIBGE":4314902,"codigoOrgao":52043,"instancia":"REV"}},"siglaTribunal":"TJRS","movimento":[{"identificadorMovimento":"1","tipoResponsavelMovimento":null,"movimentoNacional":{"codigoNacional":123},"complementoNacional":[{"descricaoComplemento":"motivo_da_remessa","codComplementoTabelado":194,"codComplemento":18},{"descricaoComplemento":"motivo_da_remessa","codComplementoTabelado":194,"codComplemento":18}],"idDocumentoVinculado":[],"movimentoLocal":null,"nivelSigilo":0,"orgaoJulgador":{"nomeOrgao":"4\u00aa C\u00e2mara Criminal - Porto Alegre","codigoMunicipioIBGE":4314902,"codigoOrgao":52043,"instancia":"REV"},"dataHora":"20180312132653","tipoDecisao":null},{"identificadorMovimento":"2","tipoResponsavelMovimento":null,"movimentoNacional":{"codigoNacional":849},"complementoNacional":[],"idDocumentoVinculado":[],"movimentoLocal":null,"nivelSigilo":0,"orgaoJulgador":{"nomeOrgao":"4\u00aa C\u00e2mara Criminal - Porto Alegre","codigoMunicipioIBGE":4314902,"codigoOrgao":52043,"instancia":"REV"},"dataHora":"20180312132522","tipoDecisao":null},{"identificadorMovimento":"3","tipoResponsavelMovimento":null,"movimentoNacional":{"codigoNacional":123},"complementoNacional":[{"descricaoComplemento":"motivo_da_remessa","codComplementoTabelado":194,"codComplemento":18},{"descricaoComplemento":"motivo_da_remessa","codComplementoTabelado":194,"codComplemento":18}],"idDocumentoVinculado":[],"movimentoLocal":null,"nivelSigilo":0,"orgaoJulgador":{"nomeOrgao":"4\u00aa C\u00e2mara Criminal - Porto Alegre","codigoMunicipioIBGE":4314902,"codigoOrgao":52043,"instancia":"REV"},"dataHora":"20170714105726","tipoDecisao":null},{"identificadorMovimento":"4","tipoResponsavelMovimento":null,"movimentoNacional":{"codigoNacional":849},"complementoNacional":[],"idDocumentoVinculado":[],"movimentoLocal":null,"nivelSigilo":0,"orgaoJulgador":{"nomeOrgao":"4\u00aa C\u00e2mara Criminal - Porto Alegre","codigoMunicipioIBGE":4314902,"codigoOrgao":52043,"instancia":"REV"},"dataHora":"20170714105653","tipoDecisao":null},{"identificadorMovimento":"5","tipoResponsavelMovimento":null,"movimentoNacional":{"codigoNacional":123},"complementoNacional":[{"descricaoComplemento":"motivo_da_remessa","codComplementoTabelado":194,"codComplemento":18},{"descricaoComplemento":"motivo_da_remessa","codComplementoTabelado":194,"codComplemento":18}],"idDocumentoVinculado":[],"movimentoLocal":null,"nivelSigilo":0,"orgaoJulgador":{"nomeOrgao":"4\u00aa C\u00e2mara Criminal - Porto Alegre","codigoMunicipioIBGE":4314902,"codigoOrgao":52043,"instancia":"REV"},"dataHora":"20170321125135","tipoDecisao":null},{"identificadorMovimento":"6","tipoResponsavelMovimento":null,"movimentoNacional":{"codigoNacional":92},"complementoNacional":[],"idDocumentoVinculado":[],"movimentoLocal":null,"nivelSigilo":0,"orgaoJulgador":{"nomeOrgao":"4\u00aa C\u00e2mara Criminal - Porto Alegre","codigoMunicipioIBGE":4314902,"codigoOrgao":52043,"instancia":"REV"},"dataHora":"20170308223029","tipoDecisao":null},{"identificadorMovimento":"7","tipoResponsavelMovimento":null,"movimentoNacional":{"codigoNacional":1061},"complementoNacional":[],"idDocumentoVinculado":[],"movimentoLocal":null,"nivelSigilo":0,"orgaoJulgador":{"nomeOrgao":"4\u00aa C\u00e2mara Criminal - Porto Alegre","codigoMunicipioIBGE":4314902,"codigoOrgao":52043,"instancia":"REV"},"dataHora":"20170308223029","tipoDecisao":null},{"identificadorMovimento":"8","tipoResponsavelMovimento":null,"movimentoNacional":{"codigoNacional":60},"complementoNacional":[],"idDocumentoVinculado":[],"movimentoLocal":null,"nivelSigilo":0,"orgaoJulgador":{"nomeOrgao":"4\u00aa C\u00e2mara Criminal - Porto Alegre","codigoMunicipioIBGE":4314902,"codigoOrgao":52043,"instancia":"REV"},"dataHora":"20170308125556","tipoDecisao":null},{"identificadorMovimento":"10","tipoResponsavelMovimento":null,"movimentoNacional":{"codigoNacional":132},"complementoNacional":[],"idDocumentoVinculado":[],"movimentoLocal":null,"nivelSigilo":0,"orgaoJulgador":{"nomeOrgao":"4\u00aa C\u00e2mara Criminal - Porto Alegre","codigoMunicipioIBGE":4314902,"codigoOrgao":52043,"instancia":"REV"},"dataHora":"20170223111533","tipoDecisao":null},{"identificadorMovimento":"11","tipoResponsavelMovimento":null,"movimentoNacional":{"codigoNacional":493},"complementoNacional":[],"idDocumentoVinculado":[],"movimentoLocal":null,"nivelSigilo":0,"orgaoJulgador":{"nomeOrgao":"4\u00aa C\u00e2mara Criminal - Porto Alegre","codigoMunicipioIBGE":4314902,"codigoOrgao":52043,"instancia":"REV"},"dataHora":"20170131095609","tipoDecisao":null},{"identificadorMovimento":"12","tipoResponsavelMovimento":null,"movimentoNacional":{"codigoNacional":123},"complementoNacional":[{"descricaoComplemento":"motivo_da_remessa","codComplementoTabelado":37,"codComplemento":18},{"descricaoComplemento":"motivo_da_remessa","codComplementoTabelado":37,"codComplemento":18}],"idDocumentoVinculado":[],"movimentoLocal":null,"nivelSigilo":0,"orgaoJulgador":{"nomeOrgao":"4\u00aa C\u00e2mara Criminal - Porto Alegre","codigoMunicipioIBGE":4314902,"codigoOrgao":52043,"instancia":"REV"},"dataHora":"20170130123125","tipoDecisao":null},{"identificadorMovimento":"13","tipoResponsavelMovimento":null,"movimentoNacional":{"codigoNacional":941},"complementoNacional":[],"idDocumentoVinculado":[],"movimentoLocal":null,"nivelSigilo":0,"orgaoJulgador":{"nomeOrgao":"4\u00aa C\u00e2mara Criminal - Porto Alegre","codigoMunicipioIBGE":4314902,"codigoOrgao":52043,"instancia":"REV"},"dataHora":"20170130122842","tipoDecisao":null},{"identificadorMovimento":"14","tipoResponsavelMovimento":null,"movimentoNacional":{"codigoNacional":51},"complementoNacional":[],"idDocumentoVinculado":[],"movimentoLocal":null,"nivelSigilo":0,"orgaoJulgador":{"nomeOrgao":"4\u00aa C\u00e2mara Criminal - Porto Alegre","codigoMunicipioIBGE":4314902,"codigoOrgao":52043,"instancia":"REV"},"dataHora":"20170126122924","tipoDecisao":null},{"identificadorMovimento":"15","tipoResponsavelMovimento":null,"movimentoNacional":{"codigoNacional":982},"complementoNacional":[{"descricaoComplemento":"motivo_da_remessa","codComplementoTabelado":37,"codComplemento":18},{"descricaoComplemento":"motivo_da_remessa","codComplementoTabelado":37,"codComplemento":18}],"idDocumentoVinculado":[],"movimentoLocal":null,"nivelSigilo":0,"orgaoJulgador":{"nomeOrgao":"4\u00aa C\u00e2mara Criminal - Porto Alegre","codigoMunicipioIBGE":4314902,"codigoOrgao":52043,"instancia":"REV"},"dataHora":"20170119101805","tipoDecisao":null}],"grau":"G2"},{"millisInsercao":1598393057632,"dadosBasicos":{"valorCausa":0.0,"assunto":[{"principal":true,"codigoNacional":3604}],"tamanhoProcesso":-1,"numero":"00120263020178217000","procEl":2,"dataAjuizamento":"20170119000000","totalAssuntos":1,"classeProcessual":385,"nivelSigilo":0,"orgaoJulgador":{"nomeOrgao":"4\u00aa C\u00e2mara Criminal - Porto Alegre","codigoMunicipioIBGE":4314902,"codigoOrgao":52043,"instancia":"REV"},"codigoLocalidade":"4314902"},"siglaTribunal":"TJRS","movimento":[{"identificadorMovimento":"1","movimentoNacional":{"codigoNacional":123},"nivelSigilo":0,"orgaoJulgador":{"nomeOrgao":"4\u00aa C\u00e2mara Criminal - Porto Alegre","codigoMunicipioIBGE":4314902,"codigoOrgao":52043,"instancia":"REV"},"dataHora":"20180312132248"},{"identificadorMovimento":"2","movimentoNacional":{"codigoNacional":849},"nivelSigilo":0,"orgaoJulgador":{"nomeOrgao":"4\u00aa C\u00e2mara Criminal - Porto Alegre","codigoMunicipioIBGE":4314902,"codigoOrgao":52043,"instancia":"REV"},"dataHora":"20180312131833"},{"identificadorMovimento":"3","movimentoNacional":{"codigoNacional":123},"nivelSigilo":0,"orgaoJulgador":{"nomeOrgao":"4\u00aa C\u00e2mara Criminal - Porto Alegre","codigoMunicipioIBGE":4314902,"codigoOrgao":52043,"instancia":"REV"},"dataHora":"20170321125246"},{"identificadorMovimento":"4","movimentoNacional":{"codigoNacional":92},"nivelSigilo":0,"orgaoJulgador":{"nomeOrgao":"4\u00aa C\u00e2mara Criminal - Porto Alegre","codigoMunicipioIBGE":4314902,"codigoOrgao":52043,"instancia":"REV"},"dataHora":"20170308223030"},{"identificadorMovimento":"5","movimentoNacional":{"codigoNacional":1061},"nivelSigilo":0,"orgaoJulgador":{"nomeOrgao":"4\u00aa C\u00e2mara Criminal - Porto Alegre","codigoMunicipioIBGE":4314902,"codigoOrgao":52043,"instancia":"REV"},"dataHora":"20170308223030"},{"identificadorMovimento":"6","movimentoNacional":{"codigoNacional":60},"nivelSigilo":0,"orgaoJulgador":{"nomeOrgao":"4\u00aa C\u00e2mara Criminal - Porto Alegre","codigoMunicipioIBGE":4314902,"codigoOrgao":52043,"instancia":"REV"},"dataHora":"20170308125556"},{"identificadorMovimento":"8","movimentoNacional":{"codigoNacional":132},"nivelSigilo":0,"orgaoJulgador":{"nomeOrgao":"4\u00aa C\u00e2mara Criminal - Porto Alegre","codigoMunicipioIBGE":4314902,"codigoOrgao":52043,"instancia":"REV"},"dataHora":"20170223111533"},{"identificadorMovimento":"9","movimentoNacional":{"codigoNacional":493},"nivelSigilo":0,"orgaoJulgador":{"nomeOrgao":"4\u00aa C\u00e2mara Criminal - Porto Alegre","codigoMunicipioIBGE":4314902,"codigoOrgao":52043,"instancia":"REV"},"dataHora":"20170131095656"},{"identificadorMovimento":"11","movimentoNacional":{"codigoNacional":132},"nivelSigilo":0,"orgaoJulgador":{"nomeOrgao":"4\u00aa C\u00e2mara Criminal - Porto Alegre","codigoMunicipioIBGE":4314902,"codigoOrgao":52043,"instancia":"REV"},"dataHora":"20170131100047"},{"identificadorMovimento":"12","movimentoNacional":{"codigoNacional":51},"nivelSigilo":0,"orgaoJulgador":{"nomeOrgao":"4\u00aa C\u00e2mara Criminal - Porto Alegre","codigoMunicipioIBGE":4314902,"codigoOrgao":52043,"instancia":"REV"},"dataHora":"20170126123005"},{"identificadorMovimento":"13","movimentoNacional":{"codigoNacional":982},"nivelSigilo":0,"orgaoJulgador":{"nomeOrgao":"4\u00aa C\u00e2mara Criminal - Porto Alegre","codigoMunicipioIBGE":4314902,"codigoOrgao":52043,"instancia":"REV"},"dataHora":"20170119160741"}],"grau":"G2"},{"millisInsercao":1600189474675,"dadosBasicos":{"valorCausa":0.0,"numero":"00120159820178217000","procEl":2,"competencia":null,"codigoLocalidade":"4314902","assunto":[{"principal":true,"assuntoLocal":null,"codigoNacional":3604},{"principal":true,"assuntoLocal":null,"codigoNacional":3604}],"dscSistema":null,"tamanhoProcesso":-1,"dataAjuizamento":"20170119000000","totalAssuntos":1,"nivelSigilo":0,"classeProcessual":385,"orgaoJulgador":{"nomeOrgao":"4\u00aa C\u00e2mara Criminal - Porto Alegre","codigoMunicipioIBGE":4314902,"codigoOrgao":52043,"instancia":"REV"}},"siglaTribunal":"TJRS","movimento":[{"identificadorMovimento":"1","tipoResponsavelMovimento":null,"movimentoNacional":{"codigoNacional":123},"complementoNacional":[{"descricaoComplemento":"motivo_da_remessa","codComplementoTabelado":194,"codComplemento":18},{"descricaoComplemento":"motivo_da_remessa","codComplementoTabelado":194,"codComplemento":18}],"idDocumentoVinculado":[],"movimentoLocal":null,"nivelSigilo":0,"orgaoJulgador":{"nomeOrgao":"4\u00aa C\u00e2mara Criminal - Porto Alegre","codigoMunicipioIBGE":4314902,"codigoOrgao":52043,"instancia":"REV"},"dataHora":"20180312132820","tipoDecisao":null},{"identificadorMovimento":"2","tipoResponsavelMovimento":null,"movimentoNacional":{"codigoNacional":849},"complementoNacional":[],"idDocumentoVinculado":[],"movimentoLocal":null,"nivelSigilo":0,"orgaoJulgador":{"nomeOrgao":"4\u00aa C\u00e2mara Criminal - Porto Alegre","codigoMunicipioIBGE":4314902,"codigoOrgao":52043,"instancia":"REV"},"dataHora":"20180312132748","tipoDecisao":null},{"identificadorMovimento":"3","tipoResponsavelMovimento":null,"movimentoNacional":{"codigoNacional":123},"complementoNacional":[{"descricaoComplemento":"motivo_da_remessa","codComplementoTabelado":194,"codComplemento":18},{"descricaoComplemento":"motivo_da_remessa","codComplementoTabelado":194,"codComplemento":18}],"idDocumentoVinculado":[],"movimentoLocal":null,"nivelSigilo":0,"orgaoJulgador":{"nomeOrgao":"4\u00aa C\u00e2mara Criminal - Porto Alegre","codigoMunicipioIBGE":4314902,"codigoOrgao":52043,"instancia":"REV"},"dataHora":"20170321125206","tipoDecisao":null},{"identificadorMovimento":"4","tipoResponsavelMovimento":null,"movimentoNacional":{"codigoNacional":92},"complementoNacional":[],"idDocumentoVinculado":[],"movimentoLocal":null,"nivelSigilo":0,"orgaoJulgador":{"nomeOrgao":"4\u00aa C\u00e2mara Criminal - Porto Alegre","codigoMunicipioIBGE":4314902,"codigoOrgao":52043,"instancia":"REV"},"dataHora":"20170308223030","tipoDecisao":null},{"identificadorMovimento":"5","tipoResponsavelMovimento":null,"movimentoNacional":{"codigoNacional":1061},"complementoNacional":[],"idDocumentoVinculado":[],"movimentoLocal":null,"nivelSigilo":0,"orgaoJulgador":{"nomeOrgao":"4\u00aa C\u00e2mara Criminal - Porto Alegre","codigoMunicipioIBGE":4314902,"codigoOrgao":52043,"instancia":"REV"},"dataHora":"20170308223029","tipoDecisao":null},{"identificadorMovimento":"6","tipoResponsavelMovimento":null,"movimentoNacional":{"codigoNacional":60},"complementoNacional":[],"idDocumentoVinculado":[],"movimentoLocal":null,"nivelSigilo":0,"orgaoJulgador":{"nomeOrgao":"4\u00aa C\u00e2mara Criminal - Porto Alegre","codigoMunicipioIBGE":4314902,"codigoOrgao":52043,"instancia":"REV"},"dataHora":"20170308125556","tipoDecisao":null},{"identificadorMovimento":"8","tipoResponsavelMovimento":null,"movimentoNacional":{"codigoNacional":132},"complementoNacional":[],"idDocumentoVinculado":[],"movimentoLocal":null,"nivelSigilo":0,"orgaoJulgador":{"nomeOrgao":"4\u00aa C\u00e2mara Criminal - Porto Alegre","codigoMunicipioIBGE":4314902,"codigoOrgao":52043,"instancia":"REV"},"dataHora":"20170223111533","tipoDecisao":null},{"identificadorMovimento":"9","tipoResponsavelMovimento":null,"movimentoNacional":{"codigoNacional":493},"complementoNacional":[],"idDocumentoVinculado":[],"movimentoLocal":null,"nivelSigilo":0,"orgaoJulgador":{"nomeOrgao":"4\u00aa C\u00e2mara Criminal - Porto Alegre","codigoMunicipioIBGE":4314902,"codigoOrgao":52043,"instancia":"REV"},"dataHora":"20170131095730","tipoDecisao":null},{"identificadorMovimento":"11","tipoResponsavelMovimento":null,"movimentoNacional":{"codigoNacional":132},"complementoNacional":[],"idDocumentoVinculado":[],"movimentoLocal":null,"nivelSigilo":0,"orgaoJulgador":{"nomeOrgao":"4\u00aa C\u00e2mara Criminal - Porto Alegre","codigoMunicipioIBGE":4314902,"codigoOrgao":52043,"instancia":"REV"},"dataHora":"20170131095959","tipoDecisao":null},{"identificadorMovimento":"12","tipoResponsavelMovimento":null,"movimentoNacional":{"codigoNacional":51},"complementoNacional":[],"idDocumentoVinculado":[],"movimentoLocal":null,"nivelSigilo":0,"orgaoJulgador":{"nomeOrgao":"4\u00aa C\u00e2mara Criminal - Porto Alegre","codigoMunicipioIBGE":4314902,"codigoOrgao":52043,"instancia":"REV"},"dataHora":"20170126123005","tipoDecisao":null},{"identificadorMovimento":"13","tipoResponsavelMovimento":null,"movimentoNacional":{"codigoNacional":982},"complementoNacional":[{"descricaoComplemento":"motivo_da_remessa","codComplementoTabelado":37,"codComplemento":18},{"descricaoComplemento":"motivo_da_remessa","codComplementoTabelado":37,"codComplemento":18}],"idDocumentoVinculado":[],"movimentoLocal":null,"nivelSigilo":0,"orgaoJulgador":{"nomeOrgao":"4\u00aa C\u00e2mara Criminal - Porto Alegre","codigoMunicipioIBGE":4314902,"codigoOrgao":52043,"instancia":"REV"},"dataHora":"20170119160741","tipoDecisao":null}],"grau":"G2"}]