[{"millisInsercao":1595578751614,"dadosBasicos":{"assunto":[{"principal":true,"codigoNacional":287}],"numero":"00288535220208090079","dataAjuizamento":"20200318000000","totalAssuntos":1,"classeProcessual":1288,"nivelSigilo":0,"orgaoJulgador":{"nomeOrgao":"1\u00aa Vara (c\u00edvel, criminal - crimes em geral, Execu\u00e7\u00e3o Penal, da Inf\u00e2ncia e da Juventude)","codigoMunicipioIBGE":2262,"codigoOrgao":11491,"instancia":"ORIG"},"codigoLocalidade":"2262"},"siglaTribunal":"TJGO","movimento":[{"movimentoNacional":{"codigoNacional":132},"nivelSigilo":0,"dataHora":"20200616000000"}],"grau":"G1"},{"millisInsercao":1598402063795,"dadosBasicos":{"assunto":[{"principal":true,"codigoNacional":11114}],"dscSistema":"8","numero":"00288626320208090095","procEl":2,"dataAjuizamento":"20200318000000","totalAssuntos":1,"classeProcessual":407,"nivelSigilo":0,"orgaoJulgador":{"nomeOrgao":"2\u00aa Vara Judicial (Fazendas P\u00fablicas, Criminal, Execu\u00e7\u00e3o Penal e Juizado Criminal)","codigoMunicipioIBGE":5200134,"codigoOrgao":81437,"instancia":"ORIG"},"codigoLocalidade":"27"},"siglaTribunal":"TJGO","movimento":[{"identificadorMovimento":"1","movimentoNacional":{"codigoNacional":132},"nivelSigilo":0,"dataHora":"20200702000000"}],"grau":"G1"},{"millisInsercao":1593067315132,"dadosBasicos":{"valorCausa":null,"numero":"00216314820208090074","procEl":null,"competencia":null,"codigoLocalidade":"2193","assunto":[{"principal":true,"assuntoLocal":null,"codigoNacional":1209},{"principal":true,"assuntoLocal":null,"codigoNacional":1209}],"dscSistema":null,"tamanhoProcesso":null,"dataAjuizamento":"20200319000000","totalAssuntos":1,"nivelSigilo":0,"classeProcessual":1288,"orgaoJulgador":{"nomeOrgao":"1\u00aa Vara (C\u00edvel, Criminal - crime em geral e exec penais - e da Inf e da Juv)","codigoMunicipioIBGE":2193,"codigoOrgao":11562,"instancia":"ORIG"}},"siglaTribunal":"TJGO","movimento":[{"identificadorMovimento":null,"tipoResponsavelMovimento":null,"movimentoNacional":{"codigoNacional":132},"complementoNacional":[],"idDocumentoVinculado":[],"movimentoLocal":null,"nivelSigilo":0,"orgaoJulgador":null,"dataHora":"20200504000000","tipoDecisao":null}],"grau":"G1"},{"millisInsercao":1590873531181,"dadosBasicos":{"assunto":[{"principal":true,"codigoNacional":287}],"numero":"00294743220208090020","dataAjuizamento":"20200320000000","totalAssuntos":1,"classeProcessual":12128,"nivelSigilo":0,"orgaoJulgador":{"nomeOrgao":"Vara Judicial","codigoMunicipioIBGE":828,"codigoOrgao":11597,"instancia":"ORIG"},"codigoLocalidade":"828"},"siglaTribunal":"TJGO","movimento":[{"movimentoNacional":{"codigoNacional":1051},"nivelSigilo":0,"dataHora":"20200402000000"}],"grau":"G1"},{"millisInsercao":1593067369335,"dadosBasicos":{"valorCausa":null,"numero":"00304357020208090117","procEl":null,"competencia":null,"codigoLocalidade":"3498","assunto":[{"principal":true,"assuntoLocal":null,"codigoNacional":287},{"principal":true,"assuntoLocal":null,"codigoNacional":287}],"dscSistema":null,"tamanhoProcesso":null,"dataAjuizamento":"20200327000000","totalAssuntos":1,"nivelSigilo":0,"classeProcessual":1288,"orgaoJulgador":{"nomeOrgao":"Vara Judicial","codigoMunicipioIBGE":3498,"codigoOrgao":11554,"instancia":"ORIG"}},"siglaTribunal":"TJGO","movimento":[{"identificadorMovimento":null,"tipoResponsavelMovimento":null,"movimentoNacional":{"codigoNacional":132},"complementoNacional":[],"idDocumentoVinculado":[],"movimentoLocal":null,"nivelSigilo":0,"orgaoJulgador":null,"dataHora":"20200512000000","tipoDecisao":null}],"grau":"G1"},{"millisInsercao":1590881682104,"dadosBasicos":{"assunto":[{"principal":true,"codigoNacional":287}],"numero":"00312015320208090011","dataAjuizamento":"20200401000000","totalAssuntos":1,"classeProcessual":1288,"nivelSigilo":0,"orgaoJulgador":{"nomeOrgao":"3\u00aa Vara Criminal","codigoMunicipioIBGE":268,"codigoOrgao":13370,"instancia":"ORIG"},"codigoLocalidade":"268"},"siglaTribunal":"TJGO","movimento":[{"movimentoNacional":{"codigoNacional":132},"nivelSigilo":0,"dataHora":"20200401000000"}],"grau":"G1"},{"millisInsercao":1590877485713,"dadosBasicos":{"assunto":[{"principal":true,"codigoNacional":3608}],"numero":"00311727920208090018","dataAjuizamento":"20200401000000","totalAssuntos":1,"classeProcessual":407,"nivelSigilo":0,"orgaoJulgador":{"nomeOrgao":"2\u00aa Vara Judicial (Fazendas P\u00fablicas, Criminal, Execu\u00e7\u00e3o Penal e Juizado Criminal)","codigoMunicipioIBGE":673,"codigoOrgao":81443,"instancia":"ORIG"},"codigoLocalidade":"673"},"siglaTribunal":"TJGO","movimento":[{"movimentoNacional":{"codigoNacional":132},"nivelSigilo":0,"dataHora":"20200402000000"}],"grau":"G1"},{"millisInsercao":1598402074682,"dadosBasicos":{"assunto":[{"principal":true,"codigoNacional":287}],"dscSistema":"8","numero":"00314087120208090134","procEl":2,"dataAjuizamento":"20200402000000","totalAssuntos":1,"classeProcessual":1288,"nivelSigilo":0,"orgaoJulgador":{"nomeOrgao":"Vara Criminal","codigoMunicipioIBGE":5218508,"codigoOrgao":13601,"instancia":"ORIG"},"codigoLocalidade":"4034"},"siglaTribunal":"TJGO","movimento":[{"identificadorMovimento":"1","movimentoNacional":{"codigoNacional":246},"nivelSigilo":0,"dataHora":"20200724000000"},{"identificadorMovimento":"2","movimentoNacional":{"codigoNacional":22},"nivelSigilo":0,"dataHora":"20200724000000"}],"grau":"G1"},{"millisInsercao":1598402075041,"dadosBasicos":{"assunto":[{"principal":true,"codigoNacional":7942}],"dscSistema":"8","numero":"00316702820208090067","procEl":2,"dataAjuizamento":"20200403000000","totalAssuntos":1,"classeProcessual":1288,"nivelSigilo":0,"orgaoJulgador":{"nomeOrgao":"1\u00aa Vara (C\u00edvel, Criminal - crime em geral e exec penais - e da Inf e da Juv)","codigoMunicipioIBGE":5209101,"codigoOrgao":52647,"instancia":"ORIG"},"codigoLocalidade":"1909"},"siglaTribunal":"TJGO","movimento":[{"identificadorMovimento":"1","movimentoNacional":{"codigoNacional":132},"nivelSigilo":0,"dataHora":"20200728000000"}],"grau":"G1"},{"millisInsercao":1593066718393,"dadosBasicos":{"valorCausa":null,"numero":"00315178820208090036","procEl":null,"competencia":null,"codigoLocalidade":"1441","assunto":[{"principal":true,"assuntoLocal":null,"codigoNacional":7942},{"principal":true,"assuntoLocal":null,"codigoNacional":7942}],"dscSistema":null,"tamanhoProcesso":null,"dataAjuizamento":"20200403000000","totalAssuntos":1,"nivelSigilo":0,"classeProcessual":1288,"orgaoJulgador":{"nomeOrgao":"Vara Criminal","codigoMunicipioIBGE":1441,"codigoOrgao":14599,"instancia":"ORIG"}},"siglaTribunal":"TJGO","movimento":[{"identificadorMovimento":null,"tipoResponsavelMovimento":null,"movimentoNacional":{"codigoNacional":11010},"complementoNacional":[],"idDocumentoVinculado":[],"movimentoLocal":null,"nivelSigilo":0,"orgaoJulgador":null,"dataHora":"20200528000000","tipoDecisao":null}],"grau":"G1"},{"millisInsercao":1595579093991,"dadosBasicos":{"assunto":[{"principal":true,"codigoNacional":11417},{"principal":false,"codigoNacional":10907}],"numero":"00320454820208090093","dataAjuizamento":"20200406000000","totalAssuntos":2,"classeProcessual":1288,"nivelSigilo":0,"orgaoJulgador":{"nomeOrgao":"1\u00aa Vara Criminal (Crimes em geral e Execu\u00e7\u00f5es Penais)","codigoMunicipioIBGE":2520,"codigoOrgao":11622,"instancia":"ORIG"},"codigoLocalidade":"2520"},"siglaTribunal":"TJGO","movimento":[{"movimentoNacional":{"codigoNacional":11010},"nivelSigilo":0,"dataHora":"20200624000000"}],"grau":"G1"},{"millisInsercao":1593067663931,"dadosBasicos":{"valorCausa":null,"numero":"00321226720208090122","procEl":null,"competencia":null,"codigoLocalidade":"3714","assunto":[{"principal":true,"assuntoLocal":null,"codigoNacional":287},{"principal":true,"assuntoLocal":null,"codigoNacional":287}],"dscSistema":null,"tamanhoProcesso":null,"dataAjuizamento":"20200407000000","totalAssuntos":1,"nivelSigilo":0,"classeProcessual":1288,"orgaoJulgador":{"nomeOrgao":"Vara Judicial","codigoMunicipioIBGE":3714,"codigoOrgao":11586,"instancia":"ORIG"}},"siglaTribunal":"TJGO","movimento":[{"identificadorMovimento":null,"tipoResponsavelMovimento":null,"movimentoNacional":{"codigoNacional":22},"complementoNacional":[],"idDocumentoVinculado":[],"movimentoLocal":null,"nivelSigilo":0,"orgaoJulgador":null,"dataHora":"20200518000000","tipoDecisao":null},{"identificadorMovimento":null,"tipoResponsavelMovimento":null,"movimentoNacional":{"codigoNacional":246},"complementoNacional":[],"idDocumentoVinculado":[],"movimentoLocal":null,"nivelSigilo":0,"orgaoJulgador":null,"dataHora":"20200518000000","tipoDecisao":null}],"grau":"G1"},{"millisInsercao":1593070329997,"dadosBasicos":{"valorCausa":null,"numero":"00328610720208090036","procEl":null,"competencia":null,"codigoLocalidade":"1441","assunto":[{"principal":true,"assuntoLocal":null,"codigoNacional":7942},{"principal":true,"assuntoLocal":null,"codigoNacional":7942}],"dscSistema":null,"tamanhoProcesso":null,"dataAjuizamento":"20200414000000","totalAssuntos":1,"nivelSigilo":0,"classeProcessual":1288,"orgaoJulgador":{"nomeOrgao":"Vara Criminal","codigoMunicipioIBGE":1441,"codigoOrgao":14599,"instancia":"ORIG"}},"siglaTribunal":"TJGO","movimento":[{"identificadorMovimento":null,"tipoResponsavelMovimento":null,"movimentoNacional":{"codigoNacional":118},"complementoNacional":[],"idDocumentoVinculado":[],"movimentoLocal":null,"nivelSigilo":0,"orgaoJulgador":null,"dataHora":"20200504000000","tipoDecisao":null}],"grau":"G1"},{"millisInsercao":1590878621225,"dadosBasicos":{"assunto":[{"principal":true,"codigoNacional":287}],"numero":"00336215020208090134","dataAjuizamento":"20200417000000","totalAssuntos":1,"classeProcessual":1288,"nivelSigilo":0,"orgaoJulgador":{"nomeOrgao":"Vara Criminal","codigoMunicipioIBGE":4034,"codigoOrgao":13601,"instancia":"ORIG"},"codigoLocalidade":"4034"},"siglaTribunal":"TJGO","movimento":[{"movimentoNacional":{"codigoNacional":982},"nivelSigilo":0,"dataHora":"20200424000000"},{"movimentoNacional":{"codigoNacional":22},"nivelSigilo":0,"dataHora":"20200424000000"}],"grau":"G1"},{"millisInsercao":1593067205339,"dadosBasicos":{"valorCausa":null,"numero":"00335029220208090036","procEl":null,"competencia":null,"codigoLocalidade":"1441","assunto":[{"principal":true,"assuntoLocal":null,"codigoNacional":7942},{"principal":true,"assuntoLocal":null,"codigoNacional":7942}],"dscSistema":null,"tamanhoProcesso":null,"dataAjuizamento":"20200417000000","totalAssuntos":1,"nivelSigilo":0,"classeProcessual":1288,"orgaoJulgador":{"nomeOrgao":"Vara Criminal","codigoMunicipioIBGE":1441,"codigoOrgao":14599,"instancia":"ORIG"}},"siglaTribunal":"TJGO","movimento":[{"identificadorMovimento":null,"tipoResponsavelMovimento":null,"movimentoNacional":{"codigoNacional":22},"complementoNacional":[],"idDocumentoVinculado":[],"movimentoLocal":null,"nivelSigilo":0,"orgaoJulgador":null,"dataHora":"20200522000000","tipoDecisao":null},{"identificadorMovimento":null,"tipoResponsavelMovimento":null,"movimentoNacional":{"codigoNacional":246},"complementoNacional":[],"idDocumentoVinculado":[],"movimentoLocal":null,"nivelSigilo":0,"orgaoJulgador":null,"dataHora":"20200522000000","tipoDecisao":null}],"grau":"G1"},{"millisInsercao":1593068422388,"dadosBasicos":{"valorCausa":null,"numero":"00336544720208090067","procEl":null,"competencia":null,"codigoLocalidade":"1909","assunto":[{"principal":true,"assuntoLocal":null,"codigoNacional":7942},{"principal":true,"assuntoLocal":null,"codigoNacional":7942}],"dscSistema":null,"tamanhoProcesso":null,"dataAjuizamento":"20200417000000","totalAssuntos":1,"nivelSigilo":0,"classeProcessual":1288,"orgaoJulgador":{"nomeOrgao":"1\u00aa Vara (C\u00edvel, Criminal - crime em geral e exec penais - e da Inf e da Juv)","codigoMunicipioIBGE":1909,"codigoOrgao":52647,"instancia":"ORIG"}},"siglaTribunal":"TJGO","movimento":[{"identificadorMovimento":null,"tipoResponsavelMovimento":null,"movimentoNacional":{"codigoNacional":51},"complementoNacional":[],"idDocumentoVinculado":[],"movimentoLocal":null,"nivelSigilo":0,"orgaoJulgador":null,"dataHora":"20200508000000","tipoDecisao":null}],"grau":"G1"},{"millisInsercao":1590880170945,"dadosBasicos":{"assunto":[{"principal":true,"codigoNacional":287}],"numero":"00339436620208090103","dataAjuizamento":"20200422000000","totalAssuntos":1,"classeProcessual":1288,"nivelSigilo":0,"orgaoJulgador":{"nomeOrgao":"1\u00aa Vara (C\u00edvel, Criminal - crime em geral e exec penais - e da Inf e da Juv)","codigoMunicipioIBGE":3029,"codigoOrgao":11525,"instancia":"ORIG"},"codigoLocalidade":"3029"},"siglaTribunal":"TJGO","movimento":[{"movimentoNacional":{"codigoNacional":11010},"nivelSigilo":0,"dataHora":"20200430000000"}],"grau":"G1"},{"millisInsercao":1595964207621,"dadosBasicos":{"assunto":[{"principal":true,"codigoNacional":287}],"dscSistema":"8","numero":"00342640420208090103","procEl":2,"dataAjuizamento":"20200423000000","totalAssuntos":1,"classeProcessual":1288,"nivelSigilo":0,"orgaoJulgador":{"nomeOrgao":"1\u00aa Vara (C\u00edvel, Criminal - crime em geral e exec penais - e da Inf e da Juv)","codigoMunicipioIBGE":5213087,"codigoOrgao":11525,"instancia":"ORIG"},"codigoLocalidade":"3029"},"siglaTribunal":"TJGO","movimento":[{"identificadorMovimento":"1","movimentoNacional":{"codigoNacional":132},"nivelSigilo":0,"dataHora":"20200609000000"}],"grau":"G1"},{"millisInsercao":1590876784713,"dadosBasicos":{"assunto":[{"principal":true,"codigoNacional":287}],"numero":"00342416220208090134","dataAjuizamento":"20200423000000","totalAssuntos":1,"classeProcessual":1288,"nivelSigilo":0,"orgaoJulgador":{"nomeOrgao":"Vara Criminal","codigoMunicipioIBGE":4034,"codigoOrgao":13601,"instancia":"ORIG"},"codigoLocalidade":"4034"},"siglaTribunal":"TJGO","movimento":[{"movimentoNacional":{"codigoNacional":22},"nivelSigilo":0,"dataHora":"20200424000000"},{"movimentoNacional":{"codigoNacional":982},"nivelSigilo":0,"dataHora":"20200424000000"}],"grau":"G1"},{"millisInsercao":1590876661057,"dadosBasicos":{"assunto":[{"principal":true,"codigoNacional":7942}],"numero":"00343518720208090093","dataAjuizamento":"20200423000000","totalAssuntos":1,"classeProcessual":1288,"nivelSigilo":0,"orgaoJulgador":{"nomeOrgao":"1\u00aa Vara Criminal (Crimes em geral e Execu\u00e7\u00f5es Penais)","codigoMunicipioIBGE":2520,"codigoOrgao":11622,"instancia":"ORIG"},"codigoLocalidade":"2520"},"siglaTribunal":"TJGO","movimento":[{"movimentoNacional":{"codigoNacional":132},"nivelSigilo":0,"dataHora":"20200423000000"}],"grau":"G1"},{"millisInsercao":1593068187209,"dadosBasicos":{"valorCausa":null,"numero":"51895668720208090119","procEl":null,"competencia":null,"codigoLocalidade":"3546","assunto":[{"principal":true,"assuntoLocal":null,"codigoNacional":3608},{"principal":true,"assuntoLocal":null,"codigoNacional":3608}],"dscSistema":null,"tamanhoProcesso":null,"dataAjuizamento":"20200426000000","totalAssuntos":1,"nivelSigilo":0,"classeProcessual":1288,"orgaoJulgador":{"nomeOrgao":"Vara Judicial","codigoMunicipioIBGE":3546,"codigoOrgao":11583,"instancia":"ORIG"}},"siglaTribunal":"TJGO","movimento":[{"identificadorMovimento":null,"tipoResponsavelMovimento":null,"movimentoNacional":{"codigoNacional":581},"complementoNacional":[],"idDocumentoVinculado":[],"movimentoLocal":null,"nivelSigilo":0,"orgaoJulgador":null,"dataHora":"20200519000000","tipoDecisao":null},{"identificadorMovimento":null,"tipoResponsavelMovimento":null,"movimentoNacional":{"codigoNacional":3},"complementoNacional":[],"idDocumentoVinculado":[],"movimentoLocal":null,"nivelSigilo":0,"orgaoJulgador":null,"dataHora":"20200503000000","tipoDecisao":null},{"identificadorMovimento":null,"tipoResponsavelMovimento":null,"movimentoNacional":{"codigoNacional":51},"complementoNacional":[],"idDocumentoVinculado":[],"movimentoLocal":null,"nivelSigilo":0,"orgaoJulgador":null,"dataHora":"20200504000000","tipoDecisao":null},{"identificadorMovimento":null,"tipoResponsavelMovimento":null,"movimentoNacional":{"codigoNacional":3},"complementoNacional":[],"idDocumentoVinculado":[],"movimentoLocal":null,"nivelSigilo":0,"orgaoJulgador":null,"dataHora":"20200514000000","tipoDecisao":null},{"identificadorMovimento":null,"tipoResponsavelMovimento":null,"movimentoNacional":{"codigoNacional":51},"complementoNacional":[],"idDocumentoVinculado":[],"movimentoLocal":null,"nivelSigilo":0,"orgaoJulgador":null,"dataHora":"20200519000000","tipoDecisao":null},{"identificadorMovimento":null,"tipoResponsavelMovimento":null,"movimentoNacional":{"codigoNacional":60},"complementoNacional":[],"idDocumentoVinculado":[],"movimentoLocal":null,"nivelSigilo":0,"orgaoJulgador":null,"dataHora":"20200519000000","tipoDecisao":null},{"identificadorMovimento":null,"tipoResponsavelMovimento":null,"movimentoNacional":{"codigoNacional":60},"complementoNacional":[],"idDocumentoVinculado":[],"movimentoLocal":null,"nivelSigilo":0,"orgaoJulgador":null,"dataHora":"20200504000000","tipoDecisao":null}],"grau":"G1"},{"millisInsercao":1595989227451,"dadosBasicos":{"valorCausa":100.0,"assunto":[{"principal":true,"codigoNacional":3608}],"dscSistema":"8","numero":"51895503620208090119","procEl":1,"dataAjuizamento":"20200426000000","totalAssuntos":1,"classeProcessual":1288,"nivelSigilo":0,"orgaoJulgador":{"nomeOrgao":"Vara Judicial","codigoMunicipioIBGE":5216304,"codigoOrgao":11583,"instancia":"ORIG"},"codigoLocalidade":"3546"},"siglaTribunal":"TJGO","movimento":[{"identificadorMovimento":"1","movimentoNacional":{"codigoNacional":26},"nivelSigilo":0,"dataHora":"20200426000000"},{"identificadorMovimento":"2","movimentoNacional":{"codigoNacional":85},"nivelSigilo":0,"dataHora":"20200426000000"},{"identificadorMovimento":"3","movimentoNacional":{"codigoNacional":60},"nivelSigilo":0,"dataHora":"20200426000000"},{"identificadorMovimento":"4","movimentoNacional":{"codigoNacional":60},"nivelSigilo":0,"dataHora":"20200427000000"},{"identificadorMovimento":"5","movimentoNacional":{"codigoNacional":85},"nivelSigilo":0,"dataHora":"20200429000000"},{"identificadorMovimento":"6","movimentoNacional":{"codigoNacional":51},"nivelSigilo":0,"dataHora":"20200430000000"},{"identificadorMovimento":"7","movimentoNacional":{"codigoNacional":3},"nivelSigilo":0,"dataHora":"20200503000000"},{"identificadorMovimento":"8","movimentoNacional":{"codigoNacional":51},"nivelSigilo":0,"dataHora":"20200504000000"},{"identificadorMovimento":"9","movimentoNacional":{"codigoNacional":60},"nivelSigilo":0,"dataHora":"20200504000000"},{"identificadorMovimento":"10","movimentoNacional":{"codigoNacional":3},"nivelSigilo":0,"dataHora":"20200514000000"},{"identificadorMovimento":"11","movimentoNacional":{"codigoNacional":60},"nivelSigilo":0,"dataHora":"20200518000000"},{"identificadorMovimento":"12","movimentoNacional":{"codigoNacional":581},"nivelSigilo":0,"dataHora":"20200529000000"},{"identificadorMovimento":"13","movimentoNacional":{"codigoNacional":51},"nivelSigilo":0,"dataHora":"20200602000000"}],"grau":"G1"},{"millisInsercao":1595580126976,"dadosBasicos":{"assunto":[{"principal":true,"codigoNacional":3608}],"numero":"52067509220208090010","dataAjuizamento":"20200506000000","totalAssuntos":1,"classeProcessual":1288,"nivelSigilo":0,"orgaoJulgador":{"nomeOrgao":"2\u00aa Vara Judicial (Fazendas P\u00fablicas, Criminal, Execu\u00e7\u00e3o Penal e Juizado Criminal)","codigoMunicipioIBGE":245,"codigoOrgao":81439,"instancia":"ORIG"},"codigoLocalidade":"245"},"siglaTribunal":"TJGO","movimento":[{"movimentoNacional":{"codigoNacional":581},"nivelSigilo":0,"dataHora":"20200609000000"},{"movimentoNacional":{"codigoNacional":60},"nivelSigilo":0,"dataHora":"20200624000000"}],"grau":"G1"},{"millisInsercao":1595578437796,"dadosBasicos":{"assunto":[{"principal":true,"codigoNacional":9678}],"numero":"52510972320208090137","dataAjuizamento":"20200601000000","totalAssuntos":1,"classeProcessual":11957,"nivelSigilo":0,"orgaoJulgador":{"nomeOrgao":"3\u00aa Vara Criminal (Crimes em geral e Precat\u00f3rias Criminais)","codigoMunicipioIBGE":4193,"codigoOrgao":79783,"instancia":"ORIG"},"codigoLocalidade":"4193"},"siglaTribunal":"TJGO","movimento":[{"movimentoNacional":{"codigoNacional":85},"nivelSigilo":0,"dataHora":"20200604000000"},{"movimentoNacional":{"codigoNacional":3},"nivelSigilo":0,"dataHora":"20200602000000"},{"movimentoNacional":{"codigoNacional":60},"nivelSigilo":0,"dataHora":"20200605000000"},{"movimentoNacional":{"codigoNacional":85},"nivelSigilo":0,"dataHora":"20200616000000"},{"movimentoNacional":{"codigoNacional":26},"nivelSigilo":0,"dataHora":"20200601000000"},{"movimentoNacional":{"codigoNacional":60},"nivelSigilo":0,"dataHora":"20200623000000"},{"movimentoNacional":{"codigoNacional":85},"nivelSigilo":0,"dataHora":"20200601000000"},{"movimentoNacional":{"codigoNacional":60},"nivelSigilo":0,"dataHora":"20200604000000"},{"movimentoNacional":{"codigoNacional":51},"nivelSigilo":0,"dataHora":"20200605000000"},{"movimentoNacional":{"codigoNacional":51},"nivelSigilo":0,"dataHora":"20200602000000"},{"movimentoNacional":{"codigoNacional":3},"nivelSigilo":0,"dataHora":"20200608000000"},{"movimentoNacional":{"codigoNacional":60},"nivelSigilo":0,"dataHora":"20200603000000"}],"grau":"G1"},{"millisInsercao":1595579427977,"dadosBasicos":{"assunto":[{"principal":true,"codigoNacional":9638}],"numero":"52530001720208090130","dataAjuizamento":"20200602000000","totalAssuntos":1,"classeProcessual":1288,"nivelSigilo":0,"orgaoJulgador":{"nomeOrgao":"1\u00aa Vara (C\u00edvel, Criminal - crime em geral e exec penais - e da Inf e da Juv)","codigoMunicipioIBGE":3885,"codigoOrgao":11565,"instancia":"ORIG"},"codigoLocalidade":"3885"},"siglaTribunal":"TJGO","movimento":[{"movimentoNacional":{"codigoNacional":60},"nivelSigilo":0,"dataHora":"20200604000000"},{"movimentoNacional":{"codigoNacional":85},"nivelSigilo":0,"dataHora":"20200602000000"},{"movimentoNacional":{"codigoNacional":581},"nivelSigilo":0,"dataHora":"20200603000000"},{"movimentoNacional":{"codigoNacional":51},"nivelSigilo":0,"dataHora":"20200602000000"},{"movimentoNacional":{"codigoNacional":581},"nivelSigilo":0,"dataHora":"20200616000000"},{"movimentoNacional":{"codigoNacional":3},"nivelSigilo":0,"dataHora":"20200603000000"},{"movimentoNacional":{"codigoNacional":26},"nivelSigilo":0,"dataHora":"20200602000000"},{"movimentoNacional":{"codigoNacional":10966},"nivelSigilo":0,"dataHora":"20200610000000"}],"grau":"G1"},{"millisInsercao":1595579097650,"dadosBasicos":{"assunto":[{"principal":true,"codigoNacional":3419}],"numero":"52580913420208090051","dataAjuizamento":"20200604000000","totalAssuntos":1,"classeProcessual":1288,"nivelSigilo":0,"orgaoJulgador":{"nomeOrgao":"1\u00aa Vara de Execu\u00e7\u00e3o Penal","codigoMunicipioIBGE":1903,"codigoOrgao":11419,"instancia":"ORIG"},"codigoLocalidade":"1903"},"siglaTribunal":"TJGO","movimento":[{"movimentoNacional":{"codigoNacional":246},"nivelSigilo":0,"dataHora":"20200615000000"},{"movimentoNacional":{"codigoNacional":51},"nivelSigilo":0,"dataHora":"20200604000000"},{"movimentoNacional":{"codigoNacional":85},"nivelSigilo":0,"dataHora":"20200604000000"},{"movimentoNacional":{"codigoNacional":60},"nivelSigilo":0,"dataHora":"20200615000000"},{"movimentoNacional":{"codigoNacional":3},"nivelSigilo":0,"dataHora":"20200605000000"},{"movimentoNacional":{"codigoNacional":36},"nivelSigilo":0,"dataHora":"20200605000000"},{"movimentoNacional":{"codigoNacional":60},"nivelSigilo":0,"dataHora":"20200605000000"},{"movimentoNacional":{"codigoNacional":60},"nivelSigilo":0,"dataHora":"20200604000000"},{"movimentoNacional":{"codigoNacional":26},"nivelSigilo":0,"dataHora":"20200604000000"},{"movimentoNacional":{"codigoNacional":3},"nivelSigilo":0,"dataHora":"20200604000000"}],"grau":"G1"},{"millisInsercao":1595884380120,"dadosBasicos":{"assunto":[{"principal":true,"codigoNacional":9678}],"dscSistema":"8","numero":"52595411120208090116","procEl":1,"dataAjuizamento":"20200604000000","totalAssuntos":1,"classeProcessual":1288,"nivelSigilo":0,"orgaoJulgador":{"nomeOrgao":"2\u00aa Vara Judicial (Fazendas P\u00fablicas, Criminal, Execu\u00e7\u00e3o Penal e Juizado Criminal)","codigoMunicipioIBGE":5215603,"codigoOrgao":81457,"instancia":"ORIG"},"codigoLocalidade":"3459"},"siglaTribunal":"TJGO","movimento":[{"identificadorMovimento":"1","movimentoNacional":{"codigoNacional":85},"nivelSigilo":0,"dataHora":"20200604000000"},{"identificadorMovimento":"2","movimentoNacional":{"codigoNacional":26},"nivelSigilo":0,"dataHora":"20200604000000"},{"identificadorMovimento":"3","movimentoNacional":{"codigoNacional":10966},"nivelSigilo":0,"dataHora":"20200604000000"},{"identificadorMovimento":"4","movimentoNacional":{"codigoNacional":51},"nivelSigilo":0,"dataHora":"20200606000000"},{"identificadorMovimento":"5","movimentoNacional":{"codigoNacional":3},"nivelSigilo":0,"dataHora":"20200610000000"},{"identificadorMovimento":"6","movimentoNacional":{"codigoNacional":60},"nivelSigilo":0,"dataHora":"20200615000000"},{"identificadorMovimento":"7","movimentoNacional":{"codigoNacional":581},"nivelSigilo":0,"dataHora":"20200615000000"}],"grau":"G1"},{"millisInsercao":1595963092259,"dadosBasicos":{"assunto":[{"principal":true,"codigoNacional":9858}],"dscSistema":"8","numero":"52635111920208090116","procEl":1,"dataAjuizamento":"20200605000000","totalAssuntos":1,"classeProcessual":1288,"nivelSigilo":0,"orgaoJulgador":{"nomeOrgao":"2\u00aa Vara Judicial (Fazendas P\u00fablicas, Criminal, Execu\u00e7\u00e3o Penal e Juizado Criminal)","codigoMunicipioIBGE":5215603,"codigoOrgao":81457,"instancia":"ORIG"},"codigoLocalidade":"3459"},"siglaTribunal":"TJGO","movimento":[{"identificadorMovimento":"1","movimentoNacional":{"codigoNacional":85},"nivelSigilo":0,"dataHora":"20200605000000"},{"identificadorMovimento":"2","movimentoNacional":{"codigoNacional":26},"nivelSigilo":0,"dataHora":"20200605000000"},{"identificadorMovimento":"3","movimentoNacional":{"codigoNacional":51},"nivelSigilo":0,"dataHora":"20200606000000"},{"identificadorMovimento":"4","movimentoNacional":{"codigoNacional":3},"nivelSigilo":0,"dataHora":"20200610000000"},{"identificadorMovimento":"5","movimentoNacional":{"codigoNacional":581},"nivelSigilo":0,"dataHora":"20200616000000"},{"identificadorMovimento":"6","movimentoNacional":{"codigoNacional":60},"nivelSigilo":0,"dataHora":"20200616000000"},{"identificadorMovimento":"7","movimentoNacional":{"codigoNacional":581},"nivelSigilo":0,"dataHora":"20200622000000"}],"grau":"G1"},{"millisInsercao":1598402856329,"dadosBasicos":{"assunto":[{"principal":true,"codigoNacional":9678}],"dscSistema":"2","numero":"52731835120208090116","procEl":1,"dataAjuizamento":"20200610000000","totalAssuntos":1,"classeProcessual":1288,"nivelSigilo":0,"orgaoJulgador":{"nomeOrgao":"2\u00aa Vara Judicial (Fazendas P\u00fablicas, Criminal, Execu\u00e7\u00e3o Penal e Juizado Criminal)","codigoMunicipioIBGE":5215603,"codigoOrgao":81457,"instancia":"ORIG"},"codigoLocalidade":"3459"},"siglaTribunal":"TJGO","movimento":[{"identificadorMovimento":"1","movimentoNacional":{"codigoNacional":26},"nivelSigilo":0,"dataHora":"20200610000000"},{"identificadorMovimento":"2","movimentoNacional":{"codigoNacional":85},"nivelSigilo":0,"dataHora":"20200610000000"},{"identificadorMovimento":"3","movimentoNacional":{"codigoNacional":51},"nivelSigilo":0,"dataHora":"20200615000000"},{"identificadorMovimento":"4","movimentoNacional":{"codigoNacional":60},"nivelSigilo":0,"dataHora":"20200615000000"},{"identificadorMovimento":"5","movimentoNacional":{"codigoNacional":60},"nivelSigilo":0,"dataHora":"20200619000000"},{"identificadorMovimento":"6","movimentoNacional":{"codigoNacional":3},"nivelSigilo":0,"dataHora":"20200619000000"},{"identificadorMovimento":"7","movimentoNacional":{"codigoNacional":581},"nivelSigilo":0,"dataHora":"20200619000000"},{"identificadorMovimento":"8","movimentoNacional":{"codigoNacional":581},"nivelSigilo":0,"dataHora":"20200625000000"},{"identificadorMovimento":"9","movimentoNacional":{"codigoNacional":3},"nivelSigilo":0,"dataHora":"20200721000000"},{"identificadorMovimento":"10","movimentoNacional":{"codigoNacional":51},"nivelSigilo":0,"dataHora":"20200721000000"},{"identificadorMovimento":"11","movimentoNacional":{"codigoNacional":581},"nivelSigilo":0,"dataHora":"20200727000000"},{"identificadorMovimento":"12","movimentoNacional":{"codigoNacional":60},"nivelSigilo":0,"dataHora":"20200727000000"}],"grau":"G1"},{"millisInsercao":1595579003445,"dadosBasicos":{"assunto":[{"principal":true,"codigoNacional":9858}],"numero":"52731757420208090116","dataAjuizamento":"20200610000000","totalAssuntos":1,"classeProcessual":1288,"nivelSigilo":0,"orgaoJulgador":{"nomeOrgao":"2\u00aa Vara Judicial (Fazendas P\u00fablicas, Criminal, Execu\u00e7\u00e3o Penal e Juizado Criminal)","codigoMunicipioIBGE":3459,"codigoOrgao":81457,"instancia":"ORIG"},"codigoLocalidade":"3459"},"siglaTribunal":"TJGO","movimento":[{"movimentoNacional":{"codigoNacional":51},"nivelSigilo":0,"dataHora":"20200615000000"},{"movimentoNacional":{"codigoNacional":26},"nivelSigilo":0,"dataHora":"20200610000000"},{"movimentoNacional":{"codigoNacional":60},"nivelSigilo":0,"dataHora":"20200630000000"},{"movimentoNacional":{"codigoNacional":85},"nivelSigilo":0,"dataHora":"20200610000000"},{"movimentoNacional":{"codigoNacional":3},"nivelSigilo":0,"dataHora":"20200619000000"},{"movimentoNacional":{"codigoNacional":581},"nivelSigilo":0,"dataHora":"20200630000000"},{"movimentoNacional":{"codigoNacional":60},"nivelSigilo":0,"dataHora":"20200615000000"}],"grau":"G1"},{"millisInsercao":1595579266708,"dadosBasicos":{"assunto":[{"principal":true,"codigoNacional":3608}],"numero":"52779833020208090179","dataAjuizamento":"20200615000000","totalAssuntos":1,"classeProcessual":1288,"nivelSigilo":0,"orgaoJulgador":{"nomeOrgao":"Vara Judicial","codigoMunicipioIBGE":4957,"codigoOrgao":13690,"instancia":"ORIG"},"codigoLocalidade":"4957"},"siglaTribunal":"TJGO","movimento":[{"movimentoNacional":{"codigoNacional":60},"nivelSigilo":0,"dataHora":"20200622000000"},{"movimentoNacional":{"codigoNacional":85},"nivelSigilo":0,"dataHora":"20200618000000"},{"movimentoNacional":{"codigoNacional":581},"nivelSigilo":0,"dataHora":"20200619000000"},{"movimentoNacional":{"codigoNacional":51},"nivelSigilo":0,"dataHora":"20200618000000"},{"movimentoNacional":{"codigoNacional":85},"nivelSigilo":0,"dataHora":"20200615000000"},{"movimentoNacional":{"codigoNacional":60},"nivelSigilo":0,"dataHora":"20200615000000"},{"movimentoNacional":{"codigoNacional":26},"nivelSigilo":0,"dataHora":"20200615000000"},{"movimentoNacional":{"codigoNacional":3},"nivelSigilo":0,"dataHora":"20200619000000"}],"grau":"G1"},{"millisInsercao":1595578561405,"dadosBasicos":{"assunto":[{"principal":true,"codigoNacional":287}],"numero":"52911999320208090038","dataAjuizamento":"20200617000000","totalAssuntos":1,"classeProcessual":386,"nivelSigilo":0,"orgaoJulgador":{"nomeOrgao":"1\u00aa Vara (C\u00edvel, Criminal - crimes em geral, execu\u00e7\u00f5es penais - e da Inf\u00e2ncia e da Juventude)","codigoMunicipioIBGE":1448,"codigoOrgao":11509,"instancia":"ORIG"},"codigoLocalidade":"1448"},"siglaTribunal":"TJGO","movimento":[{"movimentoNacional":{"codigoNacional":26},"nivelSigilo":0,"dataHora":"20200617000000"},{"movimentoNacional":{"codigoNacional":60},"nivelSigilo":0,"dataHora":"20200617000000"},{"movimentoNacional":{"codigoNacional":246},"nivelSigilo":0,"dataHora":"20200617000000"},{"movimentoNacional":{"codigoNacional":85},"nivelSigilo":0,"dataHora":"20200617000000"}],"grau":"G1"},{"millisInsercao":1595579932687,"dadosBasicos":{"assunto":[{"principal":true,"codigoNacional":287}],"numero":"52892299820208090154","dataAjuizamento":"20200617000000","totalAssuntos":1,"classeProcessual":1288,"nivelSigilo":0,"orgaoJulgador":{"nomeOrgao":"Vara Judicial","codigoMunicipioIBGE":5333,"codigoOrgao":11601,"instancia":"ORIG"},"codigoLocalidade":"5333"},"siglaTribunal":"TJGO","movimento":[{"movimentoNacional":{"codigoNacional":51},"nivelSigilo":0,"dataHora":"20200623000000"},{"movimentoNacional":{"codigoNacional":85},"nivelSigilo":0,"dataHora":"20200617000000"},{"movimentoNacional":{"codigoNacional":26},"nivelSigilo":0,"dataHora":"20200617000000"}],"grau":"G1"},{"millisInsercao":1598402802615,"dadosBasicos":{"assunto":[{"principal":true,"codigoNacional":4263}],"dscSistema":"2","numero":"53094736620208090051","procEl":1,"dataAjuizamento":"20200626000000","totalAssuntos":1,"classeProcessual":1288,"nivelSigilo":0,"orgaoJulgador":{"nomeOrgao":"12\u00aa Vara Criminal dos crimes punidos com reclus\u00e3o","codigoMunicipioIBGE":5208707,"codigoOrgao":11432,"instancia":"ORIG"},"codigoLocalidade":"1903"},"siglaTribunal":"TJGO","movimento":[{"identificadorMovimento":"1","movimentoNacional":{"codigoNacional":36},"nivelSigilo":0,"dataHora":"20200626000000"},{"identificadorMovimento":"2","movimentoNacional":{"codigoNacional":26},"nivelSigilo":0,"dataHora":"20200626000000"},{"identificadorMovimento":"3","movimentoNacional":{"codigoNacional":3},"nivelSigilo":0,"dataHora":"20200626000000"},{"identificadorMovimento":"4","movimentoNacional":{"codigoNacional":85},"nivelSigilo":0,"dataHora":"20200626000000"},{"identificadorMovimento":"5","movimentoNacional":{"codigoNacional":51},"nivelSigilo":0,"dataHora":"20200626000000"},{"identificadorMovimento":"6","movimentoNacional":{"codigoNacional":60},"nivelSigilo":0,"dataHora":"20200626000000"},{"identificadorMovimento":"7","movimentoNacional":{"codigoNacional":51},"nivelSigilo":0,"dataHora":"20200629000000"},{"identificadorMovimento":"8","movimentoNacional":{"codigoNacional":85},"nivelSigilo":0,"dataHora":"20200629000000"},{"identificadorMovimento":"9","movimentoNacional":{"codigoNacional":3},"nivelSigilo":0,"dataHora":"20200630000000"},{"identificadorMovimento":"10","movimentoNacional":{"codigoNacional":60},"nivelSigilo":0,"dataHora":"20200702000000"},{"identificadorMovimento":"11","movimentoNacional":{"codigoNacional":60},"nivelSigilo":0,"dataHora":"20200706000000"}],"grau":"G1"}]