[{"millisInsercao":1601121168443,"dadosBasicos":{"valorCausa":0.0,"assunto":[{"principal":false,"codigoNacional":11062},{"principal":true,"codigoNacional":11114},{"principal":false,"codigoNacional":10628},{"principal":false,"codigoNacional":11115},{"principal":false,"codigoNacional":7789}],"dscSistema":"8","numero":"00011622320208250013","procEl":1,"dataAjuizamento":"20200527120000","totalAssuntos":5,"classeProcessual":407,"nivelSigilo":0,"orgaoJulgador":{"nomeOrgao":"CARIRA","codigoMunicipioIBGE":2801405,"codigoOrgao":8609,"instancia":"ORIG"},"competencia":650,"codigoLocalidade":"2801405"},"siglaTribunal":"TJSE","movimento":[{"identificadorMovimento":"00000000007","tipoResponsavelMovimento":0,"movimentoNacional":{"codigoNacional":51},"nivelSigilo":1,"dataHora":"20200617094928"},{"identificadorMovimento":"00000000006","tipoResponsavelMovimento":0,"movimentoNacional":{"codigoNacional":85},"nivelSigilo":1,"dataHora":"20200616193540"},{"identificadorMovimento":"00000000005","tipoResponsavelMovimento":0,"movimentoLocal":{"codigoMovimento":345,"codigoPaiNacional":14},"nivelSigilo":1,"dataHora":"20200616112251"},{"identificadorMovimento":"00000000004","tipoResponsavelMovimento":0,"movimentoLocal":{"codigoMovimento":408,"codigoPaiNacional":12265},"nivelSigilo":1,"dataHora":"20200611122019"},{"identificadorMovimento":"00000000003","tipoResponsavelMovimento":1,"movimentoNacional":{"codigoNacional":11010},"nivelSigilo":1,"dataHora":"20200603163646"},{"identificadorMovimento":"00000000002","tipoResponsavelMovimento":0,"movimentoNacional":{"codigoNacional":51},"nivelSigilo":1,"dataHora":"20200527154129"},{"identificadorMovimento":"00000000001","tipoResponsavelMovimento":0,"movimentoNacional":{"codigoNacional":26},"nivelSigilo":1,"dataHora":"20200527151601"}],"grau":"G1"}]