[{"millisInsercao":1598556775196,"dadosBasicos":{"assunto":[{"principal":true,"codigoNacional":7787}],"numero":"50017203520204025104","dataAjuizamento":"20200320155203","totalAssuntos":1,"classeProcessual":386,"nivelSigilo":0,"orgaoJulgador":{"nomeOrgao":"2\u00aa Vara Federal de Volta Redonda","codigoMunicipioIBGE":3306305,"codigoOrgao":12313,"instancia":"ORIG"},"codigoLocalidade":"RJ"},"siglaTribunal":"TRF2","movimento":[{"movimentoNacional":{"codigoNacional":26},"dataHora":"20200320155203"}],"grau":"G1"},{"millisInsercao":1598567438471,"dadosBasicos":{"assunto":[{"principal":true,"codigoNacional":7787}],"numero":"50017957420204025104","dataAjuizamento":"20200324173150","totalAssuntos":1,"classeProcessual":386,"nivelSigilo":0,"orgaoJulgador":{"nomeOrgao":"2\u00aa Vara Federal de Volta Redonda","codigoMunicipioIBGE":3306305,"codigoOrgao":12313,"instancia":"ORIG"},"codigoLocalidade":"RJ"},"siglaTribunal":"TRF2","movimento":[{"movimentoNacional":{"codigoNacional":26},"dataHora":"20200324173150"}],"grau":"G1"},{"millisInsercao":1598764877717,"dadosBasicos":{"assunto":[{"principal":true,"codigoNacional":3539}],"numero":"50018450620204025103","dataAjuizamento":"20200325134124","totalAssuntos":1,"classeProcessual":386,"nivelSigilo":0,"orgaoJulgador":{"nomeOrgao":"2\u00aa Vara Federal de Campos","codigoMunicipioIBGE":3301009,"codigoOrgao":12294,"instancia":"ORIG"},"codigoLocalidade":"RJ"},"siglaTribunal":"TRF2","movimento":[{"movimentoNacional":{"codigoNacional":26},"dataHora":"20200325134124"}],"grau":"G1"},{"millisInsercao":1598565046852,"dadosBasicos":{"assunto":[{"principal":true,"codigoNacional":7787}],"numero":"50018242720204025104","dataAjuizamento":"20200325153401","totalAssuntos":1,"classeProcessual":386,"nivelSigilo":0,"orgaoJulgador":{"nomeOrgao":"2\u00aa Vara Federal de Volta Redonda","codigoMunicipioIBGE":3306305,"codigoOrgao":12313,"instancia":"ORIG"},"codigoLocalidade":"RJ"},"siglaTribunal":"TRF2","movimento":[{"movimentoNacional":{"codigoNacional":26},"dataHora":"20200325153401"}],"grau":"G1"},{"millisInsercao":1598561733033,"dadosBasicos":{"assunto":[{"principal":true,"codigoNacional":7790}],"numero":"50019074320204025104","dataAjuizamento":"20200330150402","totalAssuntos":1,"classeProcessual":386,"nivelSigilo":0,"orgaoJulgador":{"nomeOrgao":"2\u00aa Vara Federal de Volta Redonda","codigoMunicipioIBGE":3306305,"codigoOrgao":12313,"instancia":"ORIG"},"codigoLocalidade":"RJ"},"siglaTribunal":"TRF2","movimento":[{"movimentoNacional":{"codigoNacional":26},"dataHora":"20200330150402"}],"grau":"G1"},{"millisInsercao":1598895943003,"dadosBasicos":{"assunto":[{"principal":true,"codigoNacional":3574}],"numero":"50019862520204025103","dataAjuizamento":"20200331125155","totalAssuntos":1,"classeProcessual":386,"nivelSigilo":0,"orgaoJulgador":{"nomeOrgao":"2\u00aa Vara Federal de Campos","codigoMunicipioIBGE":3301009,"codigoOrgao":12294,"instancia":"ORIG"},"codigoLocalidade":"RJ"},"siglaTribunal":"TRF2","movimento":[{"movimentoNacional":{"codigoNacional":26},"dataHora":"20200331125155"}],"grau":"G1"},{"millisInsercao":1601456029675,"dadosBasicos":{"assunto":[{"principal":true,"codigoNacional":7942}],"numero":"50019396320204025002","dataAjuizamento":"20200331204606","totalAssuntos":1,"classeProcessual":386,"nivelSigilo":0,"orgaoJulgador":{"nomeOrgao":"3\u00aa vara federal de cachoeiro de itapemirim","codigoMunicipioIBGE":3201209,"codigoOrgao":16836,"instancia":"ORIG"},"codigoLocalidade":"ES"},"siglaTribunal":"TRF2","movimento":[{"movimentoNacional":{"codigoNacional":26},"dataHora":"20200331204606"},{"movimentoNacional":{"codigoNacional":22},"dataHora":"20200824132844"}],"grau":"G1"},{"millisInsercao":1598560416691,"dadosBasicos":{"assunto":[{"principal":true,"codigoNacional":7787}],"numero":"50005917720204025109","dataAjuizamento":"20200401103035","totalAssuntos":1,"classeProcessual":386,"nivelSigilo":0,"orgaoJulgador":{"nomeOrgao":"Vara Federal de Resende","codigoMunicipioIBGE":3304201,"codigoOrgao":12286,"instancia":"ORIG"},"codigoLocalidade":"RJ"},"siglaTribunal":"TRF2","movimento":[{"movimentoNacional":{"codigoNacional":26},"dataHora":"20200401103035"}],"grau":"G1"},{"millisInsercao":1598560337754,"dadosBasicos":{"assunto":[{"principal":true,"codigoNacional":7787}],"numero":"50019698320204025104","dataAjuizamento":"20200401172352","totalAssuntos":1,"classeProcessual":386,"nivelSigilo":0,"orgaoJulgador":{"nomeOrgao":"2\u00aa Vara Federal de Volta Redonda","codigoMunicipioIBGE":3306305,"codigoOrgao":12313,"instancia":"ORIG"},"codigoLocalidade":"RJ"},"siglaTribunal":"TRF2","movimento":[{"movimentoNacional":{"codigoNacional":26},"dataHora":"20200401172352"}],"grau":"G1"},{"millisInsercao":1598015451900,"dadosBasicos":{"assunto":[{"principal":true,"codigoNacional":7787}],"numero":"50020122020204025104","dataAjuizamento":"20200403135541","totalAssuntos":1,"classeProcessual":386,"nivelSigilo":0,"orgaoJulgador":{"nomeOrgao":"2\u00aa Vara Federal de Volta Redonda","codigoMunicipioIBGE":3306305,"codigoOrgao":12313,"instancia":"ORIG"},"codigoLocalidade":"RJ"},"siglaTribunal":"TRF2","movimento":[{"movimentoNacional":{"codigoNacional":26},"dataHora":"20200403135541"}],"grau":"G1"},{"millisInsercao":1598549910219,"dadosBasicos":{"assunto":[{"principal":true,"codigoNacional":7787}],"numero":"50020130520204025104","dataAjuizamento":"20200403135951","totalAssuntos":1,"classeProcessual":386,"nivelSigilo":0,"orgaoJulgador":{"nomeOrgao":"2\u00aa Vara Federal de Volta Redonda","codigoMunicipioIBGE":3306305,"codigoOrgao":12313,"instancia":"ORIG"},"codigoLocalidade":"RJ"},"siglaTribunal":"TRF2","movimento":[{"movimentoNacional":{"codigoNacional":26},"dataHora":"20200403135951"}],"grau":"G1"},{"millisInsercao":1598416416702,"dadosBasicos":{"assunto":[{"principal":true,"codigoNacional":7787}],"numero":"50020209420204025104","dataAjuizamento":"20200403154435","totalAssuntos":1,"classeProcessual":386,"nivelSigilo":0,"orgaoJulgador":{"nomeOrgao":"2\u00aa Vara Federal de Volta Redonda","codigoMunicipioIBGE":3306305,"codigoOrgao":12313,"instancia":"ORIG"},"codigoLocalidade":"RJ"},"siglaTribunal":"TRF2","movimento":[{"movimentoNacional":{"codigoNacional":26},"dataHora":"20200403154435"}],"grau":"G1"},{"millisInsercao":1596663337537,"dadosBasicos":{"assunto":[{"principal":true,"codigoNacional":7790}],"numero":"50210667820204025101","dataAjuizamento":"20200403154454","totalAssuntos":1,"classeProcessual":386,"nivelSigilo":0,"orgaoJulgador":{"nomeOrgao":"9\u00aa Vara Federal Criminal do Rio de Janeiro","codigoMunicipioIBGE":3304557,"codigoOrgao":12151,"instancia":"ORIG"},"codigoLocalidade":"RJ"},"siglaTribunal":"TRF2","movimento":[{"movimentoNacional":{"codigoNacional":26},"dataHora":"20200403154454"}],"grau":"G1"},{"millisInsercao":1598537518941,"dadosBasicos":{"assunto":[{"principal":true,"codigoNacional":7790}],"numero":"50006368120204025109","dataAjuizamento":"20200406154722","totalAssuntos":1,"classeProcessual":386,"nivelSigilo":0,"orgaoJulgador":{"nomeOrgao":"Vara Federal de Resende","codigoMunicipioIBGE":3304201,"codigoOrgao":12286,"instancia":"ORIG"},"codigoLocalidade":"RJ"},"siglaTribunal":"TRF2","movimento":[{"movimentoNacional":{"codigoNacional":26},"dataHora":"20200406154722"},{"movimentoNacional":{"codigoNacional":22},"dataHora":"20200415163505"}],"grau":"G1"},{"millisInsercao":1598910229219,"dadosBasicos":{"assunto":[{"principal":true,"codigoNacional":7942}],"numero":"50020626120204025002","dataAjuizamento":"20200406190054","totalAssuntos":1,"classeProcessual":386,"nivelSigilo":0,"orgaoJulgador":{"nomeOrgao":"3\u00aa vara federal de cachoeiro de itapemirim","codigoMunicipioIBGE":3201209,"codigoOrgao":16836,"instancia":"ORIG"},"codigoLocalidade":"ES"},"siglaTribunal":"TRF2","movimento":[{"movimentoNacional":{"codigoNacional":26},"dataHora":"20200406190054"}],"grau":"G1"},{"millisInsercao":1598763681206,"dadosBasicos":{"assunto":[{"principal":true,"codigoNacional":7787}],"numero":"50020641620204025104","dataAjuizamento":"20200407171406","totalAssuntos":1,"classeProcessual":386,"nivelSigilo":0,"orgaoJulgador":{"nomeOrgao":"2\u00aa Vara Federal de Volta Redonda","codigoMunicipioIBGE":3306305,"codigoOrgao":12313,"instancia":"ORIG"},"codigoLocalidade":"RJ"},"siglaTribunal":"TRF2","movimento":[{"movimentoNacional":{"codigoNacional":26},"dataHora":"20200407171406"}],"grau":"G1"},{"millisInsercao":1598909909955,"dadosBasicos":{"assunto":[{"principal":true,"codigoNacional":7787}],"numero":"50022883320204025110","dataAjuizamento":"20200417124614","totalAssuntos":1,"classeProcessual":386,"nivelSigilo":0,"orgaoJulgador":{"nomeOrgao":"3\u00aa Vara Federal de S\u00e3o Jo\u00e3o de Meriti","codigoMunicipioIBGE":3305109,"codigoOrgao":12307,"instancia":"ORIG"},"codigoLocalidade":"RJ"},"siglaTribunal":"TRF2","movimento":[{"movimentoNacional":{"codigoNacional":26},"dataHora":"20200417124614"}],"grau":"G1"},{"millisInsercao":1598420518599,"dadosBasicos":{"assunto":[{"principal":true,"codigoNacional":7787}],"numero":"50022891820204025110","dataAjuizamento":"20200417132130","totalAssuntos":1,"classeProcessual":386,"nivelSigilo":0,"orgaoJulgador":{"nomeOrgao":"3\u00aa Vara Federal de S\u00e3o Jo\u00e3o de Meriti","codigoMunicipioIBGE":3305109,"codigoOrgao":12307,"instancia":"ORIG"},"codigoLocalidade":"RJ"},"siglaTribunal":"TRF2","movimento":[{"movimentoNacional":{"codigoNacional":26},"dataHora":"20200417132130"}],"grau":"G1"},{"millisInsercao":1598538493620,"dadosBasicos":{"assunto":[{"principal":true,"codigoNacional":7787}],"numero":"50089349520204025001","dataAjuizamento":"20200420104734","totalAssuntos":1,"classeProcessual":386,"nivelSigilo":0,"orgaoJulgador":{"nomeOrgao":"2\u00aa Vara Federal Criminal de Vit\u00f3ria","codigoMunicipioIBGE":3205309,"codigoOrgao":12317,"instancia":"ORIG"},"codigoLocalidade":"ES"},"siglaTribunal":"TRF2","movimento":[{"movimentoNacional":{"codigoNacional":26},"dataHora":"20200420104734"},{"movimentoNacional":{"codigoNacional":36},"dataHora":"20200504170218"}],"grau":"G1"},{"millisInsercao":1598472401484,"dadosBasicos":{"assunto":[{"principal":true,"codigoNacional":7942}],"numero":"50234727220204025101","dataAjuizamento":"20200420114524","totalAssuntos":1,"classeProcessual":386,"nivelSigilo":0,"orgaoJulgador":{"nomeOrgao":"9\u00aa Vara Federal Criminal do Rio de Janeiro","codigoMunicipioIBGE":3304557,"codigoOrgao":12151,"instancia":"ORIG"},"codigoLocalidade":"RJ"},"siglaTribunal":"TRF2","movimento":[{"movimentoNacional":{"codigoNacional":26},"dataHora":"20200420114524"}],"grau":"G1"},{"millisInsercao":1598473033604,"dadosBasicos":{"assunto":[{"principal":true,"codigoNacional":7790}],"numero":"50235359720204025101","dataAjuizamento":"20200420151748","totalAssuntos":1,"classeProcessual":386,"nivelSigilo":0,"orgaoJulgador":{"nomeOrgao":"9\u00aa Vara Federal Criminal do Rio de Janeiro","codigoMunicipioIBGE":3304557,"codigoOrgao":12151,"instancia":"ORIG"},"codigoLocalidade":"RJ"},"siglaTribunal":"TRF2","movimento":[{"movimentoNacional":{"codigoNacional":26},"dataHora":"20200420151748"}],"grau":"G1"},{"millisInsercao":1598545837308,"dadosBasicos":{"assunto":[{"principal":true,"codigoNacional":3574}],"numero":"50007535720204025114","dataAjuizamento":"20200420154445","totalAssuntos":1,"classeProcessual":386,"nivelSigilo":0,"orgaoJulgador":{"nomeOrgao":"Vara Federal de Mag\u00e9","codigoMunicipioIBGE":3302502,"codigoOrgao":12282,"instancia":"ORIG"},"codigoLocalidade":"RJ"},"siglaTribunal":"TRF2","movimento":[{"movimentoNacional":{"codigoNacional":26},"dataHora":"20200420154445"}],"grau":"G1"},{"millisInsercao":1598599659318,"dadosBasicos":{"assunto":[{"principal":true,"codigoNacional":7787}],"numero":"50093887520204025001","dataAjuizamento":"20200427173327","totalAssuntos":1,"classeProcessual":386,"nivelSigilo":0,"orgaoJulgador":{"nomeOrgao":"2\u00aa Vara Federal Criminal de Vit\u00f3ria","codigoMunicipioIBGE":3205309,"codigoOrgao":12317,"instancia":"ORIG"},"codigoLocalidade":"ES"},"siglaTribunal":"TRF2","movimento":[{"movimentoNacional":{"codigoNacional":26},"dataHora":"20200427173327"}],"grau":"G1"},{"millisInsercao":1598565979684,"dadosBasicos":{"assunto":[{"principal":true,"codigoNacional":7790}],"numero":"50025822120204025002","dataAjuizamento":"20200429185053","totalAssuntos":1,"classeProcessual":386,"nivelSigilo":0,"orgaoJulgador":{"nomeOrgao":"3\u00aa vara federal de cachoeiro de itapemirim","codigoMunicipioIBGE":3201209,"codigoOrgao":16836,"instancia":"ORIG"},"codigoLocalidade":"ES"},"siglaTribunal":"TRF2","movimento":[{"movimentoNacional":{"codigoNacional":26},"dataHora":"20200429185053"}],"grau":"G1"},{"millisInsercao":1598557825828,"dadosBasicos":{"assunto":[{"principal":true,"codigoNacional":7790}],"numero":"50024077020204025117","dataAjuizamento":"20200430163432","totalAssuntos":1,"classeProcessual":386,"nivelSigilo":0,"orgaoJulgador":{"nomeOrgao":"2\u00aa Vara Federal de S\u00e3o Gon\u00e7alo","codigoMunicipioIBGE":3304904,"codigoOrgao":12305,"instancia":"ORIG"},"codigoLocalidade":"RJ"},"siglaTribunal":"TRF2","movimento":[{"movimentoNacional":{"codigoNacional":26},"dataHora":"20200430163432"}],"grau":"G1"},{"millisInsercao":1598764967794,"dadosBasicos":{"assunto":[{"principal":true,"codigoNacional":7942}],"numero":"50025483720204025102","dataAjuizamento":"20200430183655","totalAssuntos":1,"classeProcessual":386,"nivelSigilo":0,"orgaoJulgador":{"nomeOrgao":"Diretoria de Niter\u00f3i","codigoMunicipioIBGE":3303302,"codigoOrgao":63824,"instancia":"ADM"},"codigoLocalidade":"RJ"},"siglaTribunal":"TRF2","movimento":[{"movimentoNacional":{"codigoNacional":36},"dataHora":"20200430185148"}],"grau":"G1"},{"millisInsercao":1598562347934,"dadosBasicos":{"assunto":[{"principal":true,"codigoNacional":7785}],"numero":"50026262520204025104","dataAjuizamento":"20200505173449","totalAssuntos":1,"classeProcessual":386,"nivelSigilo":0,"orgaoJulgador":{"nomeOrgao":"2\u00aa Vara Federal de Volta Redonda","codigoMunicipioIBGE":3306305,"codigoOrgao":12313,"instancia":"ORIG"},"codigoLocalidade":"RJ"},"siglaTribunal":"TRF2","movimento":[{"movimentoNacional":{"codigoNacional":26},"dataHora":"20200505173449"}],"grau":"G1"},{"millisInsercao":1598555843110,"dadosBasicos":{"assunto":[{"principal":true,"codigoNacional":7790}],"numero":"50026775120204025002","dataAjuizamento":"20200506110153","totalAssuntos":1,"classeProcessual":386,"nivelSigilo":0,"orgaoJulgador":{"nomeOrgao":"3\u00aa vara federal de cachoeiro de itapemirim","codigoMunicipioIBGE":3201209,"codigoOrgao":16836,"instancia":"ORIG"},"codigoLocalidade":"ES"},"siglaTribunal":"TRF2","movimento":[{"movimentoNacional":{"codigoNacional":26},"dataHora":"20200506110153"}],"grau":"G1"},{"millisInsercao":1598561260348,"dadosBasicos":{"assunto":[{"principal":true,"codigoNacional":3637}],"numero":"50026081020204025102","dataAjuizamento":"20200506144407","totalAssuntos":1,"classeProcessual":386,"nivelSigilo":0,"orgaoJulgador":{"nomeOrgao":"2\u00aa Vara Federal de Niter\u00f3i","codigoMunicipioIBGE":3303302,"codigoOrgao":12297,"instancia":"ORIG"},"codigoLocalidade":"RJ"},"siglaTribunal":"TRF2","movimento":[{"movimentoNacional":{"codigoNacional":26},"dataHora":"20200506144407"},{"movimentoNacional":{"codigoNacional":36},"dataHora":"20200506155924"}],"grau":"G1"},{"millisInsercao":1598570139305,"dadosBasicos":{"assunto":[{"principal":true,"codigoNacional":3539}],"numero":"50024825420204025103","dataAjuizamento":"20200506170400","totalAssuntos":1,"classeProcessual":386,"nivelSigilo":0,"orgaoJulgador":{"nomeOrgao":"2\u00aa Vara Federal de Campos","codigoMunicipioIBGE":3301009,"codigoOrgao":12294,"instancia":"ORIG"},"codigoLocalidade":"RJ"},"siglaTribunal":"TRF2","movimento":[{"movimentoNacional":{"codigoNacional":26},"dataHora":"20200506170400"}],"grau":"G1"},{"millisInsercao":1598743907341,"dadosBasicos":{"assunto":[{"principal":true,"codigoNacional":7790}],"numero":"50028168520204025104","dataAjuizamento":"20200515123600","totalAssuntos":1,"classeProcessual":386,"nivelSigilo":0,"orgaoJulgador":{"nomeOrgao":"2\u00aa Vara Federal de Volta Redonda","codigoMunicipioIBGE":3306305,"codigoOrgao":12313,"instancia":"ORIG"},"codigoLocalidade":"RJ"},"siglaTribunal":"TRF2","movimento":[{"movimentoNacional":{"codigoNacional":26},"dataHora":"20200515123600"}],"grau":"G1"},{"millisInsercao":1598566709427,"dadosBasicos":{"assunto":[{"principal":true,"codigoNacional":7787}],"numero":"50028237720204025104","dataAjuizamento":"20200515151629","totalAssuntos":1,"classeProcessual":386,"nivelSigilo":0,"orgaoJulgador":{"nomeOrgao":"2\u00aa Vara Federal de Volta Redonda","codigoMunicipioIBGE":3306305,"codigoOrgao":12313,"instancia":"ORIG"},"codigoLocalidade":"RJ"},"siglaTribunal":"TRF2","movimento":[{"movimentoNacional":{"codigoNacional":26},"dataHora":"20200515151629"}],"grau":"G1"},{"millisInsercao":1598564316679,"dadosBasicos":{"assunto":[{"principal":true,"codigoNacional":3539}],"numero":"50028705120204025104","dataAjuizamento":"20200518193938","totalAssuntos":1,"classeProcessual":386,"nivelSigilo":0,"orgaoJulgador":{"nomeOrgao":"2\u00aa Vara Federal de Volta Redonda","codigoMunicipioIBGE":3306305,"codigoOrgao":12313,"instancia":"ORIG"},"codigoLocalidade":"RJ"},"siglaTribunal":"TRF2","movimento":[{"movimentoNacional":{"codigoNacional":26},"dataHora":"20200518193938"}],"grau":"G1"},{"millisInsercao":1598665824556,"dadosBasicos":{"assunto":[{"principal":true,"codigoNacional":3614}],"numero":"50306974620204025101","dataAjuizamento":"20200525155449","totalAssuntos":1,"classeProcessual":386,"nivelSigilo":0,"orgaoJulgador":{"nomeOrgao":"9\u00aa Vara Federal Criminal do Rio de Janeiro","codigoMunicipioIBGE":3304557,"codigoOrgao":12151,"instancia":"ORIG"},"codigoLocalidade":"RJ"},"siglaTribunal":"TRF2","movimento":[{"movimentoNacional":{"codigoNacional":26},"dataHora":"20200525155449"}],"grau":"G1"},{"millisInsercao":1598591601511,"dadosBasicos":{"assunto":[{"principal":true,"codigoNacional":3637}],"numero":"50312266520204025101","dataAjuizamento":"20200527123629","totalAssuntos":1,"classeProcessual":386,"nivelSigilo":0,"orgaoJulgador":{"nomeOrgao":"9\u00aa Vara Federal Criminal do Rio de Janeiro","codigoMunicipioIBGE":3304557,"codigoOrgao":12151,"instancia":"ORIG"},"codigoLocalidade":"RJ"},"siglaTribunal":"TRF2","movimento":[{"movimentoNacional":{"codigoNacional":26},"dataHora":"20200527123629"}],"grau":"G1"},{"millisInsercao":1598552550728,"dadosBasicos":{"assunto":[{"principal":true,"codigoNacional":7791}],"numero":"50008871420204025105","dataAjuizamento":"20200527161609","totalAssuntos":1,"classeProcessual":386,"nivelSigilo":0,"orgaoJulgador":{"nomeOrgao":"Vara Federal de Nova Friburgo","codigoMunicipioIBGE":3303401,"codigoOrgao":12284,"instancia":"ORIG"},"codigoLocalidade":"RJ"},"siglaTribunal":"TRF2","movimento":[{"movimentoNacional":{"codigoNacional":26},"dataHora":"20200527161609"}],"grau":"G1"},{"millisInsercao":1598231355893,"dadosBasicos":{"assunto":[{"principal":true,"codigoNacional":7791}],"numero":"50034213120204025104","dataAjuizamento":"20200616125301","totalAssuntos":1,"classeProcessual":386,"nivelSigilo":0,"orgaoJulgador":{"nomeOrgao":"2\u00aa Vara Federal de Volta Redonda","codigoMunicipioIBGE":3306305,"codigoOrgao":12313,"instancia":"ORIG"},"codigoLocalidade":"RJ"},"siglaTribunal":"TRF2","movimento":[{"movimentoNacional":{"codigoNacional":26},"dataHora":"20200616125301"},{"movimentoNacional":{"codigoNacional":22},"dataHora":"20200618144956"}],"grau":"G1"},{"millisInsercao":1598595119426,"dadosBasicos":{"assunto":[{"principal":true,"codigoNacional":7790}],"numero":"50359181020204025101","dataAjuizamento":"20200616171142","totalAssuntos":1,"classeProcessual":386,"nivelSigilo":0,"orgaoJulgador":{"nomeOrgao":"9\u00aa Vara Federal Criminal do Rio de Janeiro","codigoMunicipioIBGE":3304557,"codigoOrgao":12151,"instancia":"ORIG"},"codigoLocalidade":"RJ"},"siglaTribunal":"TRF2","movimento":[{"movimentoNacional":{"codigoNacional":26},"dataHora":"20200616171142"}],"grau":"G1"},{"millisInsercao":1598799817201,"dadosBasicos":{"assunto":[{"principal":true,"codigoNacional":3531}],"numero":"50006323220204025113","dataAjuizamento":"20200623160046","totalAssuntos":1,"classeProcessual":386,"nivelSigilo":0,"orgaoJulgador":{"nomeOrgao":"Vara Federal de Tr\u00eas Rios","codigoMunicipioIBGE":3306008,"codigoOrgao":12291,"instancia":"ORIG"},"codigoLocalidade":"RJ"},"siglaTribunal":"TRF2","movimento":[{"movimentoNacional":{"codigoNacional":26},"dataHora":"20200623160046"},{"movimentoNacional":{"codigoNacional":36},"dataHora":"20200722163313"}],"grau":"G1"},{"millisInsercao":1598541042262,"dadosBasicos":{"assunto":[{"principal":true,"codigoNacional":3421}],"numero":"50004886420204025111","dataAjuizamento":"20200623172944","totalAssuntos":1,"classeProcessual":1714,"nivelSigilo":0,"orgaoJulgador":{"nomeOrgao":"Vara Federal de Angra dos Reis","codigoMunicipioIBGE":3300100,"codigoOrgao":12273,"instancia":"ORIG"},"codigoLocalidade":"RJ"},"siglaTribunal":"TRF2","movimento":[{"movimentoNacional":{"codigoNacional":26},"dataHora":"20200623172944"}],"grau":"G1"},{"millisInsercao":1598592938442,"dadosBasicos":{"assunto":[{"principal":true,"codigoNacional":7790}],"numero":"50375507120204025101","dataAjuizamento":"20200623181621","totalAssuntos":1,"classeProcessual":386,"nivelSigilo":0,"orgaoJulgador":{"nomeOrgao":"9\u00aa Vara Federal Criminal do Rio de Janeiro","codigoMunicipioIBGE":3304557,"codigoOrgao":12151,"instancia":"ORIG"},"codigoLocalidade":"RJ"},"siglaTribunal":"TRF2","movimento":[{"movimentoNacional":{"codigoNacional":26},"dataHora":"20200623181621"}],"grau":"G1"},{"millisInsercao":1598762377113,"dadosBasicos":{"assunto":[{"principal":true,"codigoNacional":7790}],"numero":"50375541120204025101","dataAjuizamento":"20200623182859","totalAssuntos":1,"classeProcessual":386,"nivelSigilo":0,"orgaoJulgador":{"nomeOrgao":"9\u00aa Vara Federal Criminal do Rio de Janeiro","codigoMunicipioIBGE":3304557,"codigoOrgao":12151,"instancia":"ORIG"},"codigoLocalidade":"RJ"},"siglaTribunal":"TRF2","movimento":[{"movimentoNacional":{"codigoNacional":26},"dataHora":"20200623182859"}],"grau":"G1"},{"millisInsercao":1598597768062,"dadosBasicos":{"assunto":[{"principal":true,"codigoNacional":3548}],"numero":"50377862320204025101","dataAjuizamento":"20200624163349","totalAssuntos":1,"classeProcessual":386,"nivelSigilo":0,"orgaoJulgador":{"nomeOrgao":"9\u00aa Vara Federal Criminal do Rio de Janeiro","codigoMunicipioIBGE":3304557,"codigoOrgao":12151,"instancia":"ORIG"},"codigoLocalidade":"RJ"},"siglaTribunal":"TRF2","movimento":[{"movimentoNacional":{"codigoNacional":26},"dataHora":"20200624163349"}],"grau":"G1"},{"millisInsercao":1598541395389,"dadosBasicos":{"assunto":[{"principal":true,"codigoNacional":3615}],"numero":"50004920420204025111","dataAjuizamento":"20200625172712","totalAssuntos":1,"classeProcessual":386,"nivelSigilo":0,"orgaoJulgador":{"nomeOrgao":"Vara Federal de Angra dos Reis","codigoMunicipioIBGE":3300100,"codigoOrgao":12273,"instancia":"ORIG"},"codigoLocalidade":"RJ"},"siglaTribunal":"TRF2","movimento":[{"movimentoNacional":{"codigoNacional":26},"dataHora":"20200625172712"}],"grau":"G1"},{"millisInsercao":1598764568750,"dadosBasicos":{"assunto":[{"principal":true,"codigoNacional":3642}],"numero":"50006513820204025113","dataAjuizamento":"20200626100606","totalAssuntos":1,"classeProcessual":386,"nivelSigilo":0,"orgaoJulgador":{"nomeOrgao":"Vara Federal de Tr\u00eas Rios","codigoMunicipioIBGE":3306008,"codigoOrgao":12291,"instancia":"ORIG"},"codigoLocalidade":"RJ"},"siglaTribunal":"TRF2","movimento":[{"movimentoNacional":{"codigoNacional":26},"dataHora":"20200626100606"}],"grau":"G1"},{"millisInsercao":1598801601345,"dadosBasicos":{"assunto":[{"principal":true,"codigoNacional":3642}],"numero":"50006522320204025113","dataAjuizamento":"20200626101255","totalAssuntos":1,"classeProcessual":386,"nivelSigilo":0,"orgaoJulgador":{"nomeOrgao":"Vara Federal de Tr\u00eas Rios","codigoMunicipioIBGE":3306008,"codigoOrgao":12291,"instancia":"ORIG"},"codigoLocalidade":"RJ"},"siglaTribunal":"TRF2","movimento":[{"movimentoNacional":{"codigoNacional":26},"dataHora":"20200626101255"},{"movimentoNacional":{"codigoNacional":36},"dataHora":"20200722162438"}],"grau":"G1"},{"millisInsercao":1598798683508,"dadosBasicos":{"assunto":[{"principal":true,"codigoNacional":3642}],"numero":"50006530820204025113","dataAjuizamento":"20200626101751","totalAssuntos":1,"classeProcessual":386,"nivelSigilo":0,"orgaoJulgador":{"nomeOrgao":"Vara Federal de Tr\u00eas Rios","codigoMunicipioIBGE":3306008,"codigoOrgao":12291,"instancia":"ORIG"},"codigoLocalidade":"RJ"},"siglaTribunal":"TRF2","movimento":[{"movimentoNacional":{"codigoNacional":26},"dataHora":"20200626101751"},{"movimentoNacional":{"codigoNacional":36},"dataHora":"20200722162914"}],"grau":"G1"},{"millisInsercao":1598559357606,"dadosBasicos":{"assunto":[{"principal":true,"codigoNacional":3642}],"numero":"50006549020204025113","dataAjuizamento":"20200626102249","totalAssuntos":1,"classeProcessual":386,"nivelSigilo":0,"orgaoJulgador":{"nomeOrgao":"Vara Federal de Tr\u00eas Rios","codigoMunicipioIBGE":3306008,"codigoOrgao":12291,"instancia":"ORIG"},"codigoLocalidade":"RJ"},"siglaTribunal":"TRF2","movimento":[{"movimentoNacional":{"codigoNacional":26},"dataHora":"20200626102249"}],"grau":"G1"},{"millisInsercao":1598673522443,"dadosBasicos":{"assunto":[{"principal":true,"codigoNacional":7787}],"numero":"50040577620204025110","dataAjuizamento":"20200707140538","totalAssuntos":1,"classeProcessual":386,"nivelSigilo":0,"orgaoJulgador":{"nomeOrgao":"3\u00aa Vara Federal de S\u00e3o Jo\u00e3o de Meriti","codigoMunicipioIBGE":3305109,"codigoOrgao":12307,"instancia":"ORIG"},"codigoLocalidade":"RJ"},"siglaTribunal":"TRF2","movimento":[{"movimentoNacional":{"codigoNacional":26},"dataHora":"20200707140538"}],"grau":"G1"},{"millisInsercao":1598682962827,"dadosBasicos":{"assunto":[{"principal":true,"codigoNacional":7791}],"numero":"50407031520204025101","dataAjuizamento":"20200707162054","totalAssuntos":1,"classeProcessual":386,"nivelSigilo":0,"orgaoJulgador":{"nomeOrgao":"9\u00aa Vara Federal Criminal do Rio de Janeiro","codigoMunicipioIBGE":3304557,"codigoOrgao":12151,"instancia":"ORIG"},"codigoLocalidade":"RJ"},"siglaTribunal":"TRF2","movimento":[{"movimentoNacional":{"codigoNacional":26},"dataHora":"20200707162054"}],"grau":"G1"},{"millisInsercao":1598673751329,"dadosBasicos":{"assunto":[{"principal":true,"codigoNacional":7942}],"numero":"50019427620204025112","dataAjuizamento":"20200709140132","totalAssuntos":1,"classeProcessual":386,"nivelSigilo":0,"orgaoJulgador":{"nomeOrgao":"Vara Federal de Itaperuna","codigoMunicipioIBGE":3302205,"codigoOrgao":12278,"instancia":"ORIG"},"codigoLocalidade":"RJ"},"siglaTribunal":"TRF2","movimento":[{"movimentoNacional":{"codigoNacional":26},"dataHora":"20200709140132"}],"grau":"G1"},{"millisInsercao":1598682006797,"dadosBasicos":{"assunto":[{"principal":true,"codigoNacional":3432}],"numero":"50412228720204025101","dataAjuizamento":"20200709145607","totalAssuntos":1,"classeProcessual":386,"nivelSigilo":0,"orgaoJulgador":{"nomeOrgao":"9\u00aa Vara Federal Criminal do Rio de Janeiro","codigoMunicipioIBGE":3304557,"codigoOrgao":12151,"instancia":"ORIG"},"codigoLocalidade":"RJ"},"siglaTribunal":"TRF2","movimento":[{"movimentoNacional":{"codigoNacional":26},"dataHora":"20200709145607"}],"grau":"G1"},{"millisInsercao":1598672609078,"dadosBasicos":{"assunto":[{"principal":true,"codigoNacional":7942}],"numero":"50017135220204025004","dataAjuizamento":"20200713135033","totalAssuntos":1,"classeProcessual":386,"nivelSigilo":0,"orgaoJulgador":{"nomeOrgao":"Vara Federal de Linhares","codigoMunicipioIBGE":3203205,"codigoOrgao":12322,"instancia":"ORIG"},"codigoLocalidade":"ES"},"siglaTribunal":"TRF2","movimento":[{"movimentoNacional":{"codigoNacional":26},"dataHora":"20200713135033"}],"grau":"G1"},{"millisInsercao":1598673165930,"dadosBasicos":{"assunto":[{"principal":true,"codigoNacional":7942}],"numero":"50019895020204025112","dataAjuizamento":"20200713154212","totalAssuntos":1,"classeProcessual":386,"nivelSigilo":0,"orgaoJulgador":{"nomeOrgao":"Vara Federal de Itaperuna","codigoMunicipioIBGE":3302205,"codigoOrgao":12278,"instancia":"ORIG"},"codigoLocalidade":"RJ"},"siglaTribunal":"TRF2","movimento":[{"movimentoNacional":{"codigoNacional":26},"dataHora":"20200713154212"}],"grau":"G1"},{"millisInsercao":1598675388978,"dadosBasicos":{"assunto":[{"principal":true,"codigoNacional":7787}],"numero":"50040535720204025104","dataAjuizamento":"20200714124010","totalAssuntos":1,"classeProcessual":386,"nivelSigilo":0,"orgaoJulgador":{"nomeOrgao":"2\u00aa Vara Federal de Volta Redonda","codigoMunicipioIBGE":3306305,"codigoOrgao":12313,"instancia":"ORIG"},"codigoLocalidade":"RJ"},"siglaTribunal":"TRF2","movimento":[{"movimentoNacional":{"codigoNacional":26},"dataHora":"20200714124010"}],"grau":"G1"},{"millisInsercao":1598673572416,"dadosBasicos":{"assunto":[{"principal":true,"codigoNacional":7790}],"numero":"50042212020204025117","dataAjuizamento":"20200715105532","totalAssuntos":1,"classeProcessual":386,"nivelSigilo":0,"orgaoJulgador":{"nomeOrgao":"2\u00aa Vara Federal de S\u00e3o Gon\u00e7alo","codigoMunicipioIBGE":3304904,"codigoOrgao":12305,"instancia":"ORIG"},"codigoLocalidade":"RJ"},"siglaTribunal":"TRF2","movimento":[{"movimentoNacional":{"codigoNacional":26},"dataHora":"20200715105532"}],"grau":"G1"},{"millisInsercao":1601456074794,"dadosBasicos":{"assunto":[{"principal":true,"codigoNacional":7942}],"numero":"50424648120204025101","dataAjuizamento":"20200715123242","totalAssuntos":1,"classeProcessual":1714,"nivelSigilo":0,"orgaoJulgador":{"nomeOrgao":"9\u00aa Vara Federal Criminal do Rio de Janeiro","codigoMunicipioIBGE":3304557,"codigoOrgao":12151,"instancia":"ORIG"},"codigoLocalidade":"RJ"},"siglaTribunal":"TRF2","movimento":[{"movimentoNacional":{"codigoNacional":26},"dataHora":"20200715123242"}],"grau":"G1"},{"millisInsercao":1598674320689,"dadosBasicos":{"assunto":[{"principal":true,"codigoNacional":7790}],"numero":"50043234220204025117","dataAjuizamento":"20200717150313","totalAssuntos":1,"classeProcessual":386,"nivelSigilo":0,"orgaoJulgador":{"nomeOrgao":"2\u00aa Vara Federal de S\u00e3o Gon\u00e7alo","codigoMunicipioIBGE":3304904,"codigoOrgao":12305,"instancia":"ORIG"},"codigoLocalidade":"RJ"},"siglaTribunal":"TRF2","movimento":[{"movimentoNacional":{"codigoNacional":26},"dataHora":"20200717150313"}],"grau":"G1"},{"millisInsercao":1601455753362,"dadosBasicos":{"assunto":[{"principal":true,"codigoNacional":7942}],"numero":"50020682920204025112","dataAjuizamento":"20200720123755","totalAssuntos":1,"classeProcessual":386,"nivelSigilo":0,"orgaoJulgador":{"nomeOrgao":"Vara Federal de Itaperuna","codigoMunicipioIBGE":3302205,"codigoOrgao":12278,"instancia":"ORIG"},"codigoLocalidade":"RJ"},"siglaTribunal":"TRF2","movimento":[{"movimentoNacional":{"codigoNacional":26},"dataHora":"20200720123755"}],"grau":"G1"},{"millisInsercao":1601455858571,"dadosBasicos":{"assunto":[{"principal":true,"codigoNacional":3574},{"principal":false,"codigoNacional":7790}],"numero":"50165433220204025001","dataAjuizamento":"20200720124601","totalAssuntos":2,"classeProcessual":386,"nivelSigilo":0,"orgaoJulgador":{"nomeOrgao":"2\u00aa Vara Federal Criminal de Vit\u00f3ria","codigoMunicipioIBGE":3205309,"codigoOrgao":12317,"instancia":"ORIG"},"codigoLocalidade":"ES"},"siglaTribunal":"TRF2","movimento":[{"movimentoNacional":{"codigoNacional":26},"dataHora":"20200720124601"},{"movimentoNacional":{"codigoNacional":36},"dataHora":"20200721122640"}],"grau":"G1"},{"millisInsercao":1598672387736,"dadosBasicos":{"assunto":[{"principal":true,"codigoNacional":7787}],"numero":"50017698520204025004","dataAjuizamento":"20200720174926","totalAssuntos":1,"classeProcessual":386,"nivelSigilo":0,"orgaoJulgador":{"nomeOrgao":"Vara Federal de Linhares","codigoMunicipioIBGE":3203205,"codigoOrgao":12322,"instancia":"ORIG"},"codigoLocalidade":"ES"},"siglaTribunal":"TRF2","movimento":[{"movimentoNacional":{"codigoNacional":26},"dataHora":"20200720174926"}],"grau":"G1"},{"millisInsercao":1598674031479,"dadosBasicos":{"assunto":[{"principal":true,"codigoNacional":7787}],"numero":"50166784420204025001","dataAjuizamento":"20200721152747","totalAssuntos":1,"classeProcessual":386,"nivelSigilo":0,"orgaoJulgador":{"nomeOrgao":"2\u00aa Vara Federal Criminal de Vit\u00f3ria","codigoMunicipioIBGE":3205309,"codigoOrgao":12317,"instancia":"ORIG"},"codigoLocalidade":"ES"},"siglaTribunal":"TRF2","movimento":[{"movimentoNacional":{"codigoNacional":26},"dataHora":"20200721152747"}],"grau":"G1"},{"millisInsercao":1598673612738,"dadosBasicos":{"assunto":[{"principal":true,"codigoNacional":7942}],"numero":"50036578320204025103","dataAjuizamento":"20200721170856","totalAssuntos":1,"classeProcessual":386,"nivelSigilo":0,"orgaoJulgador":{"nomeOrgao":"2\u00aa Vara Federal de Campos","codigoMunicipioIBGE":3301009,"codigoOrgao":12294,"instancia":"ORIG"},"codigoLocalidade":"RJ"},"siglaTribunal":"TRF2","movimento":[{"movimentoNacional":{"codigoNacional":26},"dataHora":"20200721170856"}],"grau":"G1"},{"millisInsercao":1598682607420,"dadosBasicos":{"assunto":[{"principal":true,"codigoNacional":3574}],"numero":"50441813120204025101","dataAjuizamento":"20200722160505","totalAssuntos":1,"classeProcessual":386,"nivelSigilo":0,"orgaoJulgador":{"nomeOrgao":"9\u00aa Vara Federal Criminal do Rio de Janeiro","codigoMunicipioIBGE":3304557,"codigoOrgao":12151,"instancia":"ORIG"},"codigoLocalidade":"RJ"},"siglaTribunal":"TRF2","movimento":[{"movimentoNacional":{"codigoNacional":26},"dataHora":"20200722160505"}],"grau":"G1"},{"millisInsercao":1598673691206,"dadosBasicos":{"assunto":[{"principal":true,"codigoNacional":7790}],"numero":"50168187820204025001","dataAjuizamento":"20200723093154","totalAssuntos":1,"classeProcessual":386,"nivelSigilo":0,"orgaoJulgador":{"nomeOrgao":"2\u00aa Vara Federal Criminal de Vit\u00f3ria","codigoMunicipioIBGE":3205309,"codigoOrgao":12317,"instancia":"ORIG"},"codigoLocalidade":"ES"},"siglaTribunal":"TRF2","movimento":[{"movimentoNacional":{"codigoNacional":26},"dataHora":"20200723093154"}],"grau":"G1"},{"millisInsercao":1598682447696,"dadosBasicos":{"assunto":[{"principal":true,"codigoNacional":3419}],"numero":"50020001220204025005","dataAjuizamento":"20200724151045","totalAssuntos":1,"classeProcessual":1714,"nivelSigilo":0,"orgaoJulgador":{"nomeOrgao":"Vara Federal de Colatina","codigoMunicipioIBGE":3201506,"codigoOrgao":12658,"instancia":"ORIG"},"codigoLocalidade":"ES"},"siglaTribunal":"TRF2","movimento":[{"movimentoNacional":{"codigoNacional":26},"dataHora":"20200724151045"}],"grau":"G1"},{"millisInsercao":1598672031806,"dadosBasicos":{"assunto":[{"principal":true,"codigoNacional":10986}],"numero":"50005778720204025111","dataAjuizamento":"20200724151939","totalAssuntos":1,"classeProcessual":386,"nivelSigilo":0,"orgaoJulgador":{"nomeOrgao":"Vara Federal de Angra dos Reis","codigoMunicipioIBGE":3300100,"codigoOrgao":12273,"instancia":"ORIG"},"codigoLocalidade":"RJ"},"siglaTribunal":"TRF2","movimento":[{"movimentoNacional":{"codigoNacional":26},"dataHora":"20200724151939"}],"grau":"G1"},{"millisInsercao":1598673907614,"dadosBasicos":{"assunto":[{"principal":true,"codigoNacional":7787}],"numero":"50045314720204025110","dataAjuizamento":"20200724162654","totalAssuntos":1,"classeProcessual":386,"nivelSigilo":0,"orgaoJulgador":{"nomeOrgao":"3\u00aa Vara Federal de S\u00e3o Jo\u00e3o de Meriti","codigoMunicipioIBGE":3305109,"codigoOrgao":12307,"instancia":"ORIG"},"codigoLocalidade":"RJ"},"siglaTribunal":"TRF2","movimento":[{"movimentoNacional":{"codigoNacional":26},"dataHora":"20200724162654"}],"grau":"G1"},{"millisInsercao":1598673714704,"dadosBasicos":{"assunto":[{"principal":true,"codigoNacional":3533}],"numero":"50018209620204025004","dataAjuizamento":"20200724192001","totalAssuntos":1,"classeProcessual":386,"nivelSigilo":0,"orgaoJulgador":{"nomeOrgao":"Vara Federal de Linhares","codigoMunicipioIBGE":3203205,"codigoOrgao":12322,"instancia":"ORIG"},"codigoLocalidade":"ES"},"siglaTribunal":"TRF2","movimento":[{"movimentoNacional":{"codigoNacional":26},"dataHora":"20200724192001"}],"grau":"G1"},{"millisInsercao":1598674158126,"dadosBasicos":{"assunto":[{"principal":true,"codigoNacional":3419}],"numero":"50043298820204025104","dataAjuizamento":"20200727165027","totalAssuntos":1,"classeProcessual":386,"nivelSigilo":0,"orgaoJulgador":{"nomeOrgao":"2\u00aa Vara Federal de Volta Redonda","codigoMunicipioIBGE":3306305,"codigoOrgao":12313,"instancia":"ORIG"},"codigoLocalidade":"RJ"},"siglaTribunal":"TRF2","movimento":[{"movimentoNacional":{"codigoNacional":26},"dataHora":"20200727165027"}],"grau":"G1"},{"millisInsercao":1598683647139,"dadosBasicos":{"assunto":[{"principal":true,"codigoNacional":7942}],"numero":"50456017120204025101","dataAjuizamento":"20200728132850","totalAssuntos":1,"classeProcessual":1714,"nivelSigilo":0,"orgaoJulgador":{"nomeOrgao":"9\u00aa Vara Federal Criminal do Rio de Janeiro","codigoMunicipioIBGE":3304557,"codigoOrgao":12151,"instancia":"ORIG"},"codigoLocalidade":"RJ"},"siglaTribunal":"TRF2","movimento":[{"movimentoNacional":{"codigoNacional":26},"dataHora":"20200728132850"}],"grau":"G1"},{"millisInsercao":1601455916815,"dadosBasicos":{"assunto":[{"principal":true,"codigoNacional":3531},{"principal":false,"codigoNacional":3539}],"numero":"50010965020204025115","dataAjuizamento":"20200803164207","totalAssuntos":2,"classeProcessual":386,"nivelSigilo":0,"orgaoJulgador":{"nomeOrgao":"Vara Federal de Teres\u00f3polis","codigoMunicipioIBGE":3305802,"codigoOrgao":12289,"instancia":"ORIG"},"codigoLocalidade":"RJ"},"siglaTribunal":"TRF2","movimento":[{"movimentoNacional":{"codigoNacional":26},"dataHora":"20200803164207"}],"grau":"G1"},{"millisInsercao":1601455686003,"dadosBasicos":{"assunto":[{"principal":true,"codigoNacional":7791}],"numero":"50476387120204025101","dataAjuizamento":"20200805143020","totalAssuntos":1,"classeProcessual":386,"nivelSigilo":0,"orgaoJulgador":{"nomeOrgao":"9\u00aa Vara Federal Criminal do Rio de Janeiro","codigoMunicipioIBGE":3304557,"codigoOrgao":12151,"instancia":"ORIG"},"codigoLocalidade":"RJ"},"siglaTribunal":"TRF2","movimento":[{"movimentoNacional":{"codigoNacional":26},"dataHora":"20200805143020"}],"grau":"G1"},{"millisInsercao":1601455772813,"dadosBasicos":{"assunto":[{"principal":true,"codigoNacional":3432}],"numero":"50045481020204025102","dataAjuizamento":"20200805163812","totalAssuntos":1,"classeProcessual":386,"nivelSigilo":0,"orgaoJulgador":{"nomeOrgao":"2\u00aa Vara Federal de Niter\u00f3i","codigoMunicipioIBGE":3303302,"codigoOrgao":12297,"instancia":"ORIG"},"codigoLocalidade":"RJ"},"siglaTribunal":"TRF2","movimento":[{"movimentoNacional":{"codigoNacional":26},"dataHora":"20200805163812"},{"movimentoNacional":{"codigoNacional":36},"dataHora":"20200805172809"}],"grau":"G1"},{"millisInsercao":1601455731500,"dadosBasicos":{"assunto":[{"principal":true,"codigoNacional":7791},{"principal":false,"codigoNacional":7787}],"numero":"50511904420204025101","dataAjuizamento":"20200818111035","totalAssuntos":2,"classeProcessual":386,"nivelSigilo":0,"orgaoJulgador":{"nomeOrgao":"9\u00aa Vara Federal Criminal do Rio de Janeiro","codigoMunicipioIBGE":3304557,"codigoOrgao":12151,"instancia":"ORIG"},"codigoLocalidade":"RJ"},"siglaTribunal":"TRF2","movimento":[{"movimentoNacional":{"codigoNacional":26},"dataHora":"20200818111035"}],"grau":"G1"}]