[{"millisInsercao":1554235821361,"dadosBasicos":{"assunto":[{"principal":false,"codigoNacional":11557}],"valorCausa":0.0,"numero":"00000165620146190185","dataAjuizamento":1385564352000,"classeProcessual":279,"nivelSigilo":0,"orgaoJulgador":{"nomeOrgao":"185\u00aa Zona Eleitoral","codigoMunicipioIBGE":3304557,"codigoOrgao":"15219","instancia":"ORIG"},"codigoLocalidade":"3304557"},"siglaTribunal":"TRE-RJ","movimento":[{"identificadorMovimento":"20196544","movimentoNacional":{"codigoNacional":26},"dataHora":"20140711171711"},{"identificadorMovimento":"19183014","movimentoNacional":{"codigoNacional":67},"dataHora":"20140110182153"},{"identificadorMovimento":"30076024","movimentoNacional":{"codigoNacional":246},"dataHora":"20171201160525"}],"grau":"G1"},{"millisInsercao":1554232864538,"dadosBasicos":{"assunto":[{"principal":false,"codigoNacional":11692},{"principal":false,"codigoNacional":12048},{"principal":false,"codigoNacional":11614}],"valorCausa":0.0,"numero":"00000189020146190196","dataAjuizamento":1401728865000,"classeProcessual":11531,"nivelSigilo":0,"orgaoJulgador":{"nomeOrgao":"196\u00aa Zona Eleitoral","codigoMunicipioIBGE":3305158,"codigoOrgao":"15233","instancia":"ORIG"},"codigoLocalidade":"3305158"},"siglaTribunal":"TRE-RJ","movimento":[{"identificadorMovimento":"21993372","movimentoNacional":{"codigoNacional":246},"dataHora":"20150120121732"},{"identificadorMovimento":"19960570","movimentoNacional":{"codigoNacional":26},"dataHora":"20140603124632"}],"grau":"G1"},{"millisInsercao":1554236440513,"dadosBasicos":{"assunto":[{"principal":false,"codigoNacional":11692},{"principal":false,"codigoNacional":12048},{"principal":false,"codigoNacional":11614}],"valorCausa":0.0,"numero":"00000084620146190196","dataAjuizamento":1401728865000,"classeProcessual":11531,"nivelSigilo":0,"orgaoJulgador":{"nomeOrgao":"196\u00aa Zona Eleitoral","codigoMunicipioIBGE":3305158,"codigoOrgao":"15233","instancia":"ORIG"},"codigoLocalidade":"3305158"},"siglaTribunal":"TRE-RJ","movimento":[{"identificadorMovimento":"19960088","movimentoNacional":{"codigoNacional":26},"dataHora":"20140603122611"},{"identificadorMovimento":"21993362","movimentoNacional":{"codigoNacional":246},"dataHora":"20150120121107"}],"grau":"G1"},{"millisInsercao":1554233636200,"dadosBasicos":{"assunto":[{"principal":false,"codigoNacional":11692},{"principal":false,"codigoNacional":12048},{"principal":false,"codigoNacional":11614}],"valorCausa":0.0,"numero":"00000101620146190196","dataAjuizamento":1401728865000,"classeProcessual":11531,"nivelSigilo":0,"orgaoJulgador":{"nomeOrgao":"196\u00aa Zona Eleitoral","codigoMunicipioIBGE":3305158,"codigoOrgao":"15233","instancia":"ORIG"},"codigoLocalidade":"3305158"},"siglaTribunal":"TRE-RJ","movimento":[{"identificadorMovimento":"19960114","movimentoNacional":{"codigoNacional":26},"dataHora":"20140603122734"},{"identificadorMovimento":"21993980","movimentoNacional":{"codigoNacional":246},"dataHora":"20150120144104"}],"grau":"G1"},{"millisInsercao":1554233246819,"dadosBasicos":{"assunto":[{"principal":false,"codigoNacional":11692},{"principal":false,"codigoNacional":12048},{"principal":false,"codigoNacional":11614}],"valorCausa":0.0,"numero":"00000119820146190196","dataAjuizamento":1401728865000,"classeProcessual":11531,"nivelSigilo":0,"orgaoJulgador":{"nomeOrgao":"196\u00aa Zona Eleitoral","codigoMunicipioIBGE":3305158,"codigoOrgao":"15233","instancia":"ORIG"},"codigoLocalidade":"3305158"},"siglaTribunal":"TRE-RJ","movimento":[{"identificadorMovimento":"19960195","movimentoNacional":{"codigoNacional":26},"dataHora":"20140603122909"},{"identificadorMovimento":"21993986","movimentoNacional":{"codigoNacional":246},"dataHora":"20150120144219"}],"grau":"G1"},{"millisInsercao":1554234294784,"dadosBasicos":{"assunto":[{"principal":false,"codigoNacional":11692},{"principal":false,"codigoNacional":12048},{"principal":false,"codigoNacional":11614}],"valorCausa":0.0,"numero":"00000067620146190196","dataAjuizamento":1401728865000,"classeProcessual":11531,"nivelSigilo":0,"orgaoJulgador":{"nomeOrgao":"196\u00aa Zona Eleitoral","codigoMunicipioIBGE":3305158,"codigoOrgao":"15233","instancia":"ORIG"},"codigoLocalidade":"3305158"},"siglaTribunal":"TRE-RJ","movimento":[{"identificadorMovimento":"21993858","movimentoNacional":{"codigoNacional":246},"dataHora":"20150120141312"},{"identificadorMovimento":"19960050","movimentoNacional":{"codigoNacional":26},"dataHora":"20140603122423"}],"grau":"G1"},{"millisInsercao":1554233583306,"dadosBasicos":{"assunto":[{"principal":false,"codigoNacional":11692},{"principal":false,"codigoNacional":12048},{"principal":false,"codigoNacional":11614}],"valorCausa":0.0,"numero":"00000170820146190196","dataAjuizamento":1401728865000,"classeProcessual":11531,"nivelSigilo":0,"orgaoJulgador":{"nomeOrgao":"196\u00aa Zona Eleitoral","codigoMunicipioIBGE":3305158,"codigoOrgao":"15233","instancia":"ORIG"},"codigoLocalidade":"3305158"},"siglaTribunal":"TRE-RJ","movimento":[{"identificadorMovimento":"19960552","movimentoNacional":{"codigoNacional":26},"dataHora":"20140603124519"},{"identificadorMovimento":"21994028","movimentoNacional":{"codigoNacional":246},"dataHora":"20150120144738"}],"grau":"G1"},{"millisInsercao":1554234376630,"dadosBasicos":{"assunto":[{"principal":false,"codigoNacional":11692},{"principal":false,"codigoNacional":12048},{"principal":false,"codigoNacional":11614}],"valorCausa":0.0,"numero":"00000197520146190196","dataAjuizamento":1401728865000,"classeProcessual":11531,"nivelSigilo":0,"orgaoJulgador":{"nomeOrgao":"196\u00aa Zona Eleitoral","codigoMunicipioIBGE":3305158,"codigoOrgao":"15233","instancia":"ORIG"},"codigoLocalidade":"3305158"},"siglaTribunal":"TRE-RJ","movimento":[{"identificadorMovimento":"19960632","movimentoNacional":{"codigoNacional":26},"dataHora":"20140603124733"},{"identificadorMovimento":"21993854","movimentoNacional":{"codigoNacional":246},"dataHora":"20150120141206"}],"grau":"G1"},{"millisInsercao":1554233832292,"dadosBasicos":{"assunto":[{"principal":false,"codigoNacional":11429}],"valorCausa":0.0,"numero":"00000032820146190130","dataAjuizamento":1402066280000,"classeProcessual":279,"nivelSigilo":0,"orgaoJulgador":{"nomeOrgao":"130\u00aa Zona Eleitoral","codigoMunicipioIBGE":3304755,"codigoOrgao":"15134","instancia":"ORIG"},"codigoLocalidade":"3304755"},"siglaTribunal":"TRE-RJ","movimento":[{"identificadorMovimento":"24404337","movimentoNacional":{"codigoNacional":11025},"dataHora":"20160303124143"},{"identificadorMovimento":"28456675","movimentoNacional":{"codigoNacional":246},"dataHora":"20170419181708"},{"identificadorMovimento":"19986952","movimentoNacional":{"codigoNacional":26},"dataHora":"20140606115419"}],"grau":"G1"},{"millisInsercao":1501197785681,"dadosBasicos":{"assunto":[{"principal":false,"codigoNacional":11692},{"principal":false,"codigoNacional":11583},{"principal":false,"codigoNacional":11614},{"principal":false,"codigoNacional":11630},{"principal":false,"codigoNacional":11628}],"valorCausa":0.0,"numero":"00054656520146190000","dataAjuizamento":1409022000000,"classeProcessual":11531,"nivelSigilo":0,"orgaoJulgador":{"nomeOrgao":"Gabinete da Presid\u00eancia","codigoMunicipioIBGE":3304557,"codigoOrgao":"49017","instancia":"ORIG"},"codigoLocalidade":"3304557"},"siglaTribunal":"TRE-RJ","movimento":[{"identificadorMovimento":"21963716","movimentoNacional":{"codigoNacional":67},"dataHora":"20150114163032"},{"identificadorMovimento":"22266323","movimentoNacional":{"codigoNacional":92},"dataHora":"20150305124122"},{"identificadorMovimento":"20822371","movimentoNacional":{"codigoNacional":26},"dataHora":"20140912132911"},{"identificadorMovimento":"20916848","movimentoNacional":{"codigoNacional":67},"dataHora":"20140921142009"},{"identificadorMovimento":"21307252","movimentoNacional":{"codigoNacional":67},"dataHora":"20141101142533"},{"identificadorMovimento":"22242776","movimentoNacional":{"codigoNacional":385},"dataHora":"20150302182632"}],"grau":"G2"},{"millisInsercao":1501198413080,"dadosBasicos":{"assunto":[{"principal":false,"codigoNacional":11692},{"principal":false,"codigoNacional":11583},{"principal":false,"codigoNacional":11614},{"principal":false,"codigoNacional":11630},{"principal":false,"codigoNacional":11628}],"valorCausa":0.0,"numero":"00058865520146190000","dataAjuizamento":1409108400000,"classeProcessual":11531,"nivelSigilo":0,"orgaoJulgador":{"nomeOrgao":"Gabinete da Presid\u00eancia","codigoMunicipioIBGE":3304557,"codigoOrgao":"49017","instancia":"ORIG"},"codigoLocalidade":"3304557"},"siglaTribunal":"TRE-RJ","movimento":[{"identificadorMovimento":"22238306","movimentoNacional":{"codigoNacional":11009},"dataHora":"20150302153032"},{"identificadorMovimento":"20866587","movimentoNacional":{"codigoNacional":26},"dataHora":"20140916140019"},{"identificadorMovimento":"22034697","movimentoNacional":{"codigoNacional":11009},"dataHora":"20150126183631"},{"identificadorMovimento":"22459606","movimentoNacional":{"codigoNacional":92},"dataHora":"20150331131853"},{"identificadorMovimento":"22218974","movimentoNacional":{"codigoNacional":11009},"dataHora":"20150226164636"},{"identificadorMovimento":"20918065","movimentoNacional":{"codigoNacional":67},"dataHora":"20140921164158"},{"identificadorMovimento":"22396651","movimentoNacional":{"codigoNacional":92},"dataHora":"20150323114320"},{"identificadorMovimento":"22396650","movimentoNacional":{"codigoNacional":417},"dataHora":"20150323114320"}],"grau":"G2"},{"millisInsercao":1568664194889,"dadosBasicos":{"assunto":[{"principal":false,"codigoNacional":11778}],"valorCausa":0.0,"numero":"00001935620156190000","dataAjuizamento":1443495600000,"classeProcessual":241,"nivelSigilo":0,"orgaoJulgador":{"nomeOrgao":"Gabinete da Presid\u00eancia","codigoMunicipioIBGE":3304557,"codigoOrgao":"49017","instancia":"ORIG"},"codigoLocalidade":"3304557"},"siglaTribunal":"TRE-RJ","movimento":[{"identificadorMovimento":"639200019","movimentoNacional":{"codigoNacional":246},"dataHora":"20150309000000"}],"grau":"G2"},{"millisInsercao":1554235717241,"dadosBasicos":{"assunto":[{"principal":false,"codigoNacional":11429}],"valorCausa":0.0,"numero":"00000055220166190057","dataAjuizamento":1459356389000,"classeProcessual":279,"nivelSigilo":0,"orgaoJulgador":{"nomeOrgao":"57\u00aa Zona Eleitoral","codigoMunicipioIBGE":3303807,"codigoOrgao":"15024","instancia":"ORIG"},"codigoLocalidade":"3303807"},"siglaTribunal":"TRE-RJ","movimento":[{"identificadorMovimento":"24558034","movimentoNacional":{"codigoNacional":26},"dataHora":"20160330161616"},{"identificadorMovimento":"27678200","movimentoNacional":{"codigoNacional":246},"dataHora":"20161216175410"}],"grau":"G1"},{"millisInsercao":1554235401153,"dadosBasicos":{"assunto":[{"principal":false,"codigoNacional":11692},{"principal":false,"codigoNacional":11614}],"valorCausa":0.0,"numero":"00000062020166190192","dataAjuizamento":1477951583000,"classeProcessual":11531,"nivelSigilo":0,"orgaoJulgador":{"nomeOrgao":"192\u00aa Zona Eleitoral","codigoMunicipioIBGE":3304557,"codigoOrgao":"15229","instancia":"ORIG"},"codigoLocalidade":"3304557"},"siglaTribunal":"TRE-RJ","movimento":[{"identificadorMovimento":"27044794","movimentoNacional":{"codigoNacional":26},"dataHora":"20161031200906"},{"identificadorMovimento":"28103354","movimentoNacional":{"codigoNacional":246},"dataHora":"20170223191207"}],"grau":"G1"},{"millisInsercao":1573499542996,"dadosBasicos":{"assunto":[{"principal":false,"codigoNacional":11473}],"valorCausa":0.0,"numero":"00000202420166190153","dataAjuizamento":1481308446000,"classeProcessual":279,"nivelSigilo":0,"orgaoJulgador":{"nomeOrgao":"153\u00aa Zona Eleitoral","codigoMunicipioIBGE":3300456,"codigoOrgao":"15182","instancia":"ORIG"},"codigoLocalidade":"3300456"},"siglaTribunal":"TRE-RJ","movimento":[{"identificadorMovimento":"31261913","movimentoNacional":{"codigoNacional":67},"dataHora":"20180816143025"},{"identificadorMovimento":"32662831","movimentoNacional":{"codigoNacional":246},"dataHora":"20191003000000"},{"identificadorMovimento":"30498106","movimentoNacional":{"codigoNacional":67},"dataHora":"20180315145251"},{"identificadorMovimento":"27593678","movimentoNacional":{"codigoNacional":26},"dataHora":"20161209170028"},{"identificadorMovimento":"32662877","movimentoNacional":{"codigoNacional":246},"dataHora":"20191007160652"},{"identificadorMovimento":"32283005","movimentoNacional":{"codigoNacional":67},"dataHora":"20190402163255"},{"identificadorMovimento":"13000023","movimentoNacional":{"codigoNacional":1063},"dataHora":"20191007160652"}],"grau":"G1"},{"millisInsercao":1554233893957,"dadosBasicos":{"assunto":[{"principal":false,"codigoNacional":11692},{"principal":false,"codigoNacional":11614}],"valorCausa":0.0,"numero":"00000246720176190172","dataAjuizamento":1494440957000,"classeProcessual":11531,"nivelSigilo":0,"orgaoJulgador":{"nomeOrgao":"172\u00aa Zona Eleitoral","codigoMunicipioIBGE":3300233,"codigoOrgao":"15201","instancia":"ORIG"},"codigoLocalidade":"3300233"},"siglaTribunal":"TRE-RJ","movimento":[{"identificadorMovimento":"28609743","movimentoNacional":{"codigoNacional":26},"dataHora":"20170511143841"},{"identificadorMovimento":"28610869","movimentoNacional":{"codigoNacional":246},"dataHora":"20170511152121"}],"grau":"G1"},{"millisInsercao":1573499559976,"dadosBasicos":{"assunto":[{"principal":false,"codigoNacional":11692},{"principal":false,"codigoNacional":12048},{"principal":false,"codigoNacional":12064}],"valorCausa":0.0,"numero":"00000145420196190042","dataAjuizamento":1556827546000,"classeProcessual":11531,"nivelSigilo":0,"orgaoJulgador":{"nomeOrgao":"42\u00aa Zona Eleitoral","codigoMunicipioIBGE":3300506,"codigoOrgao":"15009","instancia":"ORIG"},"codigoLocalidade":"3300506"},"siglaTribunal":"TRE-RJ","movimento":[{"identificadorMovimento":"32679749","movimentoNacional":{"codigoNacional":246},"dataHora":"20191016171559"},{"identificadorMovimento":"32448171","movimentoNacional":{"codigoNacional":25},"dataHora":"20190702144449"},{"identificadorMovimento":"32591383","movimentoNacional":{"codigoNacional":220},"dataHora":"20190829000000"},{"identificadorMovimento":"32679715","movimentoNacional":{"codigoNacional":246},"dataHora":"20191014000000"},{"identificadorMovimento":"32676845","movimentoNacional":{"codigoNacional":11009},"dataHora":"20191014000000"},{"identificadorMovimento":"32391309","movimentoNacional":{"codigoNacional":11009},"dataHora":"20190604000000"},{"identificadorMovimento":"32385494","movimentoNacional":{"codigoNacional":26},"dataHora":"20190603104246"}],"grau":"G1"},{"millisInsercao":1576077301303,"dadosBasicos":{"assunto":[{"principal":false,"codigoNacional":11692},{"principal":false,"codigoNacional":12046}],"valorCausa":0.0,"numero":"00000635620196190152","dataAjuizamento":1559139693000,"classeProcessual":11531,"nivelSigilo":0,"orgaoJulgador":{"nomeOrgao":"152\u00aa Zona Eleitoral","codigoMunicipioIBGE":3300456,"codigoOrgao":"15181","instancia":"ORIG"},"codigoLocalidade":"3300456"},"siglaTribunal":"TRE-RJ","movimento":[{"identificadorMovimento":"32381852","movimentoNacional":{"codigoNacional":26},"dataHora":"20190530151346"},{"identificadorMovimento":"32421860","movimentoNacional":{"codigoNacional":11009},"dataHora":"20190617000000"},{"identificadorMovimento":"32442177","movimentoNacional":{"codigoNacional":11009},"dataHora":"20190619000000"},{"identificadorMovimento":"32577303","movimentoNacional":{"codigoNacional":11009},"dataHora":"20190826000000"},{"identificadorMovimento":"32634086","movimentoNacional":{"codigoNacional":220},"dataHora":"20190919000000"},{"identificadorMovimento":"32701723","movimentoNacional":{"codigoNacional":246},"dataHora":"20191105144410"}],"grau":"G1"},{"millisInsercao":1573499584132,"dadosBasicos":{"assunto":[{"principal":false,"codigoNacional":11692},{"principal":false,"codigoNacional":12048},{"principal":false,"codigoNacional":11698}],"valorCausa":0.0,"numero":"00000683820196190036","dataAjuizamento":1570560097000,"classeProcessual":11548,"nivelSigilo":0,"orgaoJulgador":{"nomeOrgao":"Gabinete Juiz de Direito 1","codigoMunicipioIBGE":3304557,"codigoOrgao":"49019","instancia":"REV"},"codigoLocalidade":"3304557"},"siglaTribunal":"TRE-RJ","movimento":[{"identificadorMovimento":"32665555","movimentoNacional":{"codigoNacional":26},"dataHora":"20191008154644"}],"grau":"G2"},{"millisInsercao":1597176483965,"dadosBasicos":{"valorCausa":0.0,"numero":"00000669520116190150","procEl":null,"competencia":null,"codigoLocalidade":"3302858","assunto":[{"principal":false,"assuntoLocal":null,"codigoNacional":12463},{"principal":false,"assuntoLocal":null,"codigoNacional":12463}],"dscSistema":null,"tamanhoProcesso":null,"dataAjuizamento":"20090814120000","totalAssuntos":1,"nivelSigilo":0,"classeProcessual":279,"orgaoJulgador":{"nomeOrgao":"150\u00aa Zona Eleitoral","codigoMunicipioIBGE":3302858,"codigoOrgao":15179,"instancia":"ORIG"}},"siglaTribunal":"TRE-RJ","movimento":[{"identificadorMovimento":"12048082","tipoResponsavelMovimento":null,"movimentoNacional":{"codigoNacional":26},"complementoNacional":[],"idDocumentoVinculado":[],"movimentoLocal":null,"nivelSigilo":null,"orgaoJulgador":null,"dataHora":"20110819120000","tipoDecisao":null},{"identificadorMovimento":"206400023","tipoResponsavelMovimento":null,"movimentoNacional":{"codigoNacional":1063},"complementoNacional":[],"idDocumentoVinculado":[],"movimentoLocal":null,"nivelSigilo":null,"orgaoJulgador":null,"dataHora":"20151023000000","tipoDecisao":null},{"identificadorMovimento":"23802253","tipoResponsavelMovimento":null,"movimentoNacional":{"codigoNacional":246},"complementoNacional":[],"idDocumentoVinculado":[],"movimentoLocal":null,"nivelSigilo":null,"orgaoJulgador":null,"dataHora":"20151023142634","tipoDecisao":null}],"grau":"G1"}]