[{"millisInsercao":1600127761247,"dadosBasicos":{"assunto":[{"principal":true,"codigoNacional":12159}],"numero":"00002570420208080009","dataAjuizamento":"20200328123200","totalAssuntos":1,"classeProcessual":407,"nivelSigilo":0,"orgaoJulgador":{"nomeOrgao":"BOA ESPERAN\u00c7A - VARA \u00daNICA","codigoMunicipioIBGE":3201001,"codigoOrgao":2146,"instancia":"ORIG"},"competencia":1,"codigoLocalidade":"3201001"},"siglaTribunal":"TJES","movimento":[{"movimentoNacional":{"codigoNacional":26},"nivelSigilo":0,"dataHora":"20200328123616"},{"movimentoNacional":{"codigoNacional":36},"nivelSigilo":0,"dataHora":"20200328162205"},{"movimentoNacional":{"codigoNacional":51},"nivelSigilo":0,"dataHora":"20200831151824"},{"movimentoNacional":{"codigoNacional":51},"nivelSigilo":0,"dataHora":"20200427171216"},{"movimentoNacional":{"codigoNacional":51},"nivelSigilo":0,"dataHora":"20200328123655"},{"movimentoNacional":{"codigoNacional":60},"nivelSigilo":0,"dataHora":"20200513140019"},{"movimentoNacional":{"codigoNacional":60},"nivelSigilo":0,"dataHora":"20200427170839"},{"movimentoNacional":{"codigoNacional":85},"nivelSigilo":0,"dataHora":"20200601142853"},{"movimentoNacional":{"codigoNacional":118},"nivelSigilo":0,"dataHora":"20200521160343"},{"movimentoNacional":{"codigoNacional":123},"nivelSigilo":0,"dataHora":"20200328130040"},{"movimentoNacional":{"codigoNacional":132},"nivelSigilo":0,"dataHora":"20200425132038"},{"movimentoNacional":{"codigoNacional":581},"nivelSigilo":0,"dataHora":"20200328125155"},{"movimentoNacional":{"codigoNacional":979},"nivelSigilo":0,"dataHora":"20200328162048"},{"movimentoNacional":{"codigoNacional":11010},"nivelSigilo":0,"dataHora":"20200504144743"},{"movimentoNacional":{"codigoNacional":11010},"nivelSigilo":0,"dataHora":"20200328124807"},{"movimentoNacional":{"codigoNacional":11383},"nivelSigilo":0,"dataHora":"20200513135432"},{"movimentoNacional":{"codigoNacional":11383},"nivelSigilo":0,"dataHora":"20200328125100"},{"movimentoNacional":{"codigoNacional":982},"nivelSigilo":0,"dataHora":"20200328162207"}],"grau":"G1"},{"millisInsercao":1598578326532,"dadosBasicos":{"assunto":[{"principal":true,"codigoNacional":7791}],"numero":"00011498120208080050","dataAjuizamento":"20200403192000","totalAssuntos":1,"classeProcessual":12129,"nivelSigilo":0,"orgaoJulgador":{"nomeOrgao":"PLANT\u00c3O - 1\u00aa REGI\u00c3O","codigoMunicipioIBGE":3205309,"codigoOrgao":2515,"instancia":"ORIG"},"competencia":1,"codigoLocalidade":"3205309"},"siglaTribunal":"TJES","movimento":[{"movimentoNacional":{"codigoNacional":26},"nivelSigilo":0,"dataHora":"20200403194130"}],"grau":"G1"},{"millisInsercao":1599861176631,"dadosBasicos":{"assunto":[{"principal":false,"codigoNacional":11243},{"principal":true,"codigoNacional":12159}],"numero":"00002434020208080067","dataAjuizamento":"20200410162700","totalAssuntos":2,"classeProcessual":386,"nivelSigilo":0,"orgaoJulgador":{"nomeOrgao":"PLANT\u00c3O - 5\u00aa REGI\u00c3O","codigoMunicipioIBGE":3203205,"codigoOrgao":2519,"instancia":"ORIG"},"competencia":1,"codigoLocalidade":"3203205"},"siglaTribunal":"TJES","movimento":[{"movimentoLocal":{"codigoMovimento":192,"codigoPaiNacional":849},"nivelSigilo":0,"dataHora":"20200410170318"},{"movimentoNacional":{"codigoNacional":22},"nivelSigilo":0,"dataHora":"20200414174836"},{"movimentoNacional":{"codigoNacional":26},"nivelSigilo":0,"dataHora":"20200410163317"},{"movimentoNacional":{"codigoNacional":51},"nivelSigilo":0,"dataHora":"20200410170424"},{"movimentoNacional":{"codigoNacional":51},"nivelSigilo":0,"dataHora":"20200410163416"},{"movimentoNacional":{"codigoNacional":488},"nivelSigilo":0,"dataHora":"20200410165006"},{"movimentoNacional":{"codigoNacional":11010},"nivelSigilo":0,"dataHora":"20200410190052"}],"grau":"G1"},{"millisInsercao":1601590919424,"dadosBasicos":{"assunto":[{"principal":true,"codigoNacional":7792}],"numero":"00008338220208080013","dataAjuizamento":"20200605123709","totalAssuntos":1,"classeProcessual":386,"nivelSigilo":0,"orgaoJulgador":{"nomeOrgao":"CASTELO - 2\u00aa VARA","codigoMunicipioIBGE":3201407,"codigoOrgao":198,"instancia":"ORIG"},"competencia":1,"codigoLocalidade":"3201407"},"siglaTribunal":"TJES","movimento":[{"movimentoNacional":{"codigoNacional":26},"nivelSigilo":0,"dataHora":"20200605123801"},{"movimentoNacional":{"codigoNacional":51},"nivelSigilo":0,"dataHora":"20200925151136"},{"movimentoNacional":{"codigoNacional":132},"nivelSigilo":0,"dataHora":"20200609132517"},{"movimentoNacional":{"codigoNacional":982},"nivelSigilo":0,"dataHora":"20200605123803"}],"grau":"G1"},{"millisInsercao":1601591262048,"dadosBasicos":{"assunto":[{"principal":true,"codigoNacional":7792}],"numero":"00008346720208080013","dataAjuizamento":"20200605124531","totalAssuntos":1,"classeProcessual":386,"nivelSigilo":0,"orgaoJulgador":{"nomeOrgao":"CASTELO - 2\u00aa VARA","codigoMunicipioIBGE":3201407,"codigoOrgao":198,"instancia":"ORIG"},"competencia":1,"codigoLocalidade":"3201407"},"siglaTribunal":"TJES","movimento":[{"movimentoNacional":{"codigoNacional":26},"nivelSigilo":0,"dataHora":"20200605124802"},{"movimentoNacional":{"codigoNacional":51},"nivelSigilo":0,"dataHora":"20200925151137"},{"movimentoNacional":{"codigoNacional":132},"nivelSigilo":0,"dataHora":"20200609132517"},{"movimentoNacional":{"codigoNacional":982},"nivelSigilo":0,"dataHora":"20200605124803"}],"grau":"G1"},{"millisInsercao":1601588410944,"dadosBasicos":{"assunto":[{"principal":true,"codigoNacional":7792}],"numero":"00004863120208080019","dataAjuizamento":"20200619131441","totalAssuntos":1,"classeProcessual":386,"nivelSigilo":0,"orgaoJulgador":{"nomeOrgao":"ECOPORANGA - VARA \u00daNICA","codigoMunicipioIBGE":3202108,"codigoOrgao":280,"instancia":"ORIG"},"competencia":1,"codigoLocalidade":"3202108"},"siglaTribunal":"TJES","movimento":[{"movimentoNacional":{"codigoNacional":26},"nivelSigilo":0,"dataHora":"20200619131547"},{"movimentoNacional":{"codigoNacional":51},"nivelSigilo":0,"dataHora":"20200709132305"},{"movimentoNacional":{"codigoNacional":132},"nivelSigilo":0,"dataHora":"20200928181755"},{"movimentoNacional":{"codigoNacional":132},"nivelSigilo":0,"dataHora":"20200622143302"},{"movimentoNacional":{"codigoNacional":493},"nivelSigilo":0,"dataHora":"20200918140532"},{"movimentoNacional":{"codigoNacional":11010},"nivelSigilo":0,"dataHora":"20200713102254"},{"movimentoNacional":{"codigoNacional":982},"nivelSigilo":0,"dataHora":"20200619131548"}],"grau":"G1"},{"millisInsercao":1599860756803,"dadosBasicos":{"assunto":[{"principal":true,"codigoNacional":7792}],"numero":"00006894720208080001","dataAjuizamento":"20200622140923","totalAssuntos":1,"classeProcessual":386,"nivelSigilo":0,"orgaoJulgador":{"nomeOrgao":"AFONSO CL\u00c1UDIO - 2\u00aa VARA","codigoMunicipioIBGE":3200102,"codigoOrgao":5,"instancia":"ORIG"},"competencia":1,"codigoLocalidade":"3200102"},"siglaTribunal":"TJES","movimento":[{"movimentoNacional":{"codigoNacional":26},"nivelSigilo":0,"dataHora":"20200713160954"},{"movimentoNacional":{"codigoNacional":51},"nivelSigilo":0,"dataHora":"20200715150234"},{"movimentoNacional":{"codigoNacional":132},"nivelSigilo":0,"dataHora":"20200714125639"},{"movimentoNacional":{"codigoNacional":11010},"nivelSigilo":0,"dataHora":"20200721111449"},{"movimentoNacional":{"codigoNacional":982},"nivelSigilo":0,"dataHora":"20200713160955"}],"grau":"G1"},{"millisInsercao":1599858627336,"dadosBasicos":{"assunto":[{"principal":true,"codigoNacional":7792}],"numero":"00007110820208080001","dataAjuizamento":"20200630165832","totalAssuntos":1,"classeProcessual":386,"nivelSigilo":0,"orgaoJulgador":{"nomeOrgao":"AFONSO CL\u00c1UDIO - 2\u00aa VARA","codigoMunicipioIBGE":3200102,"codigoOrgao":5,"instancia":"ORIG"},"competencia":1,"codigoLocalidade":"3200102"},"siglaTribunal":"TJES","movimento":[{"movimentoNacional":{"codigoNacional":26},"nivelSigilo":0,"dataHora":"20200713160954"},{"movimentoNacional":{"codigoNacional":51},"nivelSigilo":0,"dataHora":"20200715150230"},{"movimentoNacional":{"codigoNacional":132},"nivelSigilo":0,"dataHora":"20200714125639"},{"movimentoNacional":{"codigoNacional":11010},"nivelSigilo":0,"dataHora":"20200721111450"},{"movimentoNacional":{"codigoNacional":982},"nivelSigilo":0,"dataHora":"20200713160955"}],"grau":"G1"},{"millisInsercao":1599859156846,"dadosBasicos":{"assunto":[{"principal":true,"codigoNacional":3415}],"numero":"00089721520208080048","dataAjuizamento":"20200705131700","totalAssuntos":1,"classeProcessual":386,"nivelSigilo":0,"orgaoJulgador":{"nomeOrgao":"PLANT\u00c3O - 1\u00aa REGI\u00c3O","codigoMunicipioIBGE":3205309,"codigoOrgao":2515,"instancia":"ORIG"},"competencia":1,"codigoLocalidade":"3205309"},"siglaTribunal":"TJES","movimento":[{"movimentoNacional":{"codigoNacional":26},"nivelSigilo":0,"dataHora":"20200705132949"},{"movimentoNacional":{"codigoNacional":51},"nivelSigilo":0,"dataHora":"20200705144735"},{"movimentoNacional":{"codigoNacional":12164},"nivelSigilo":0,"dataHora":"20200705153541"}],"grau":"G1"},{"millisInsercao":1599859790375,"dadosBasicos":{"assunto":[{"principal":true,"codigoNacional":7792}],"numero":"00007431320208080001","dataAjuizamento":"20200713000000","totalAssuntos":1,"classeProcessual":386,"nivelSigilo":0,"orgaoJulgador":{"nomeOrgao":"AFONSO CL\u00c1UDIO - 2\u00aa VARA","codigoMunicipioIBGE":3200102,"codigoOrgao":5,"instancia":"ORIG"},"competencia":1,"codigoLocalidade":"3200102"},"siglaTribunal":"TJES","movimento":[{"movimentoNacional":{"codigoNacional":26},"nivelSigilo":0,"dataHora":"20200713175515"},{"movimentoNacional":{"codigoNacional":51},"nivelSigilo":0,"dataHora":"20200715150244"},{"movimentoNacional":{"codigoNacional":132},"nivelSigilo":0,"dataHora":"20200714125639"},{"movimentoNacional":{"codigoNacional":11010},"nivelSigilo":0,"dataHora":"20200721111449"},{"movimentoNacional":{"codigoNacional":982},"nivelSigilo":0,"dataHora":"20200713175516"}],"grau":"G1"},{"millisInsercao":1598569854212,"dadosBasicos":{"assunto":[{"principal":true,"codigoNacional":7792}],"numero":"00007414320208080001","dataAjuizamento":"20200713174523","totalAssuntos":1,"classeProcessual":386,"nivelSigilo":0,"orgaoJulgador":{"nomeOrgao":"AFONSO CL\u00c1UDIO - 2\u00aa VARA","codigoMunicipioIBGE":3200102,"codigoOrgao":5,"instancia":"ORIG"},"competencia":1,"codigoLocalidade":"3200102"},"siglaTribunal":"TJES","movimento":[{"movimentoNacional":{"codigoNacional":26},"nivelSigilo":0,"dataHora":"20200713174537"},{"movimentoNacional":{"codigoNacional":51},"nivelSigilo":0,"dataHora":"20200715150237"},{"movimentoNacional":{"codigoNacional":132},"nivelSigilo":0,"dataHora":"20200714125639"},{"movimentoNacional":{"codigoNacional":11010},"nivelSigilo":0,"dataHora":"20200721111449"},{"movimentoNacional":{"codigoNacional":982},"nivelSigilo":0,"dataHora":"20200713174538"}],"grau":"G1"},{"millisInsercao":1599858389682,"dadosBasicos":{"assunto":[{"principal":true,"codigoNacional":7792}],"numero":"00007422820208080001","dataAjuizamento":"20200713175034","totalAssuntos":1,"classeProcessual":386,"nivelSigilo":0,"orgaoJulgador":{"nomeOrgao":"AFONSO CL\u00c1UDIO - 2\u00aa VARA","codigoMunicipioIBGE":3200102,"codigoOrgao":5,"instancia":"ORIG"},"competencia":1,"codigoLocalidade":"3200102"},"siglaTribunal":"TJES","movimento":[{"movimentoNacional":{"codigoNacional":26},"nivelSigilo":0,"dataHora":"20200713175049"},{"movimentoNacional":{"codigoNacional":51},"nivelSigilo":0,"dataHora":"20200715150306"},{"movimentoNacional":{"codigoNacional":132},"nivelSigilo":0,"dataHora":"20200714125639"},{"movimentoNacional":{"codigoNacional":11010},"nivelSigilo":0,"dataHora":"20200721111450"},{"movimentoNacional":{"codigoNacional":982},"nivelSigilo":0,"dataHora":"20200713175050"}],"grau":"G1"},{"millisInsercao":1599860457698,"dadosBasicos":{"assunto":[{"principal":true,"codigoNacional":7792}],"numero":"00007449520208080001","dataAjuizamento":"20200713175934","totalAssuntos":1,"classeProcessual":386,"nivelSigilo":0,"orgaoJulgador":{"nomeOrgao":"AFONSO CL\u00c1UDIO - 2\u00aa VARA","codigoMunicipioIBGE":3200102,"codigoOrgao":5,"instancia":"ORIG"},"competencia":1,"codigoLocalidade":"3200102"},"siglaTribunal":"TJES","movimento":[{"movimentoNacional":{"codigoNacional":26},"nivelSigilo":0,"dataHora":"20200713175949"},{"movimentoNacional":{"codigoNacional":51},"nivelSigilo":0,"dataHora":"20200715150248"},{"movimentoNacional":{"codigoNacional":132},"nivelSigilo":0,"dataHora":"20200714125639"},{"movimentoNacional":{"codigoNacional":11010},"nivelSigilo":0,"dataHora":"20200721111450"},{"movimentoNacional":{"codigoNacional":982},"nivelSigilo":0,"dataHora":"20200713175951"}],"grau":"G1"},{"millisInsercao":1601592565235,"dadosBasicos":{"assunto":[{"principal":true,"codigoNacional":7792}],"numero":"00005833120208080019","dataAjuizamento":"20200724093857","totalAssuntos":1,"classeProcessual":386,"nivelSigilo":0,"orgaoJulgador":{"nomeOrgao":"ECOPORANGA - VARA \u00daNICA","codigoMunicipioIBGE":3202108,"codigoOrgao":280,"instancia":"ORIG"},"competencia":1,"codigoLocalidade":"3202108"},"siglaTribunal":"TJES","movimento":[{"movimentoNacional":{"codigoNacional":26},"nivelSigilo":0,"dataHora":"20200724093923"},{"movimentoNacional":{"codigoNacional":51},"nivelSigilo":0,"dataHora":"20200819101740"},{"movimentoNacional":{"codigoNacional":132},"nivelSigilo":0,"dataHora":"20200806090050"},{"movimentoNacional":{"codigoNacional":493},"nivelSigilo":0,"dataHora":"20200925131412"},{"movimentoNacional":{"codigoNacional":11010},"nivelSigilo":0,"dataHora":"20200903134933"},{"movimentoNacional":{"codigoNacional":982},"nivelSigilo":0,"dataHora":"20200724093924"}],"grau":"G1"},{"millisInsercao":1601592502776,"dadosBasicos":{"assunto":[{"principal":true,"codigoNacional":3608},{"principal":false,"codigoNacional":7792}],"numero":"00011317420208080013","dataAjuizamento":"20200805172832","totalAssuntos":2,"classeProcessual":386,"nivelSigilo":0,"orgaoJulgador":{"nomeOrgao":"CASTELO - 2\u00aa VARA","codigoMunicipioIBGE":3201407,"codigoOrgao":198,"instancia":"ORIG"},"competencia":1,"codigoLocalidade":"3201407"},"siglaTribunal":"TJES","movimento":[{"movimentoNacional":{"codigoNacional":26},"nivelSigilo":0,"dataHora":"20200805172949"},{"movimentoNacional":{"codigoNacional":51},"nivelSigilo":0,"dataHora":"20200918164747"},{"movimentoNacional":{"codigoNacional":51},"nivelSigilo":0,"dataHora":"20200813130921"},{"movimentoNacional":{"codigoNacional":132},"nivelSigilo":0,"dataHora":"20200911143935"},{"movimentoNacional":{"codigoNacional":132},"nivelSigilo":0,"dataHora":"20200807131925"},{"movimentoNacional":{"codigoNacional":493},"nivelSigilo":0,"dataHora":"20200828133046"},{"movimentoNacional":{"codigoNacional":11010},"nivelSigilo":0,"dataHora":"20200929164341"},{"movimentoNacional":{"codigoNacional":11010},"nivelSigilo":0,"dataHora":"20200820125248"},{"movimentoNacional":{"codigoNacional":982},"nivelSigilo":0,"dataHora":"20200805172951"}],"grau":"G1"},{"millisInsercao":1601594504626,"dadosBasicos":{"assunto":[{"principal":true,"codigoNacional":7792}],"numero":"00008392820208080001","dataAjuizamento":"20200814140446","totalAssuntos":1,"classeProcessual":386,"nivelSigilo":0,"orgaoJulgador":{"nomeOrgao":"AFONSO CL\u00c1UDIO - 2\u00aa VARA","codigoMunicipioIBGE":3200102,"codigoOrgao":5,"instancia":"ORIG"},"competencia":1,"codigoLocalidade":"3200102"},"siglaTribunal":"TJES","movimento":[{"movimentoNacional":{"codigoNacional":26},"nivelSigilo":0,"dataHora":"20200814140500"},{"movimentoNacional":{"codigoNacional":51},"nivelSigilo":0,"dataHora":"20200818143618"},{"movimentoNacional":{"codigoNacional":132},"nivelSigilo":0,"dataHora":"20200817131544"},{"movimentoNacional":{"codigoNacional":493},"nivelSigilo":0,"dataHora":"20200911135757"},{"movimentoNacional":{"codigoNacional":11010},"nivelSigilo":0,"dataHora":"20200820171317"},{"movimentoNacional":{"codigoNacional":982},"nivelSigilo":0,"dataHora":"20200814140501"}],"grau":"G1"},{"millisInsercao":1601588240266,"dadosBasicos":{"assunto":[{"principal":true,"codigoNacional":7792}],"numero":"00008981620208080001","dataAjuizamento":"20200831113031","totalAssuntos":1,"classeProcessual":386,"nivelSigilo":0,"orgaoJulgador":{"nomeOrgao":"AFONSO CL\u00c1UDIO - 2\u00aa VARA","codigoMunicipioIBGE":3200102,"codigoOrgao":5,"instancia":"ORIG"},"competencia":1,"codigoLocalidade":"3200102"},"siglaTribunal":"TJES","movimento":[{"movimentoNacional":{"codigoNacional":26},"nivelSigilo":0,"dataHora":"20200831113100"},{"movimentoNacional":{"codigoNacional":51},"nivelSigilo":0,"dataHora":"20200901141635"},{"movimentoNacional":{"codigoNacional":51},"nivelSigilo":0,"dataHora":"20200901141617"},{"movimentoNacional":{"codigoNacional":60},"nivelSigilo":0,"dataHora":"20200908145830"},{"movimentoNacional":{"codigoNacional":85},"nivelSigilo":0,"dataHora":"20200921144326"},{"movimentoNacional":{"codigoNacional":118},"nivelSigilo":0,"dataHora":"20200918151856"},{"movimentoNacional":{"codigoNacional":132},"nivelSigilo":0,"dataHora":"20200831132259"},{"movimentoNacional":{"codigoNacional":11010},"nivelSigilo":0,"dataHora":"20200902172524"},{"movimentoNacional":{"codigoNacional":982},"nivelSigilo":0,"dataHora":"20200831113102"}],"grau":"G1"},{"millisInsercao":1601594634172,"dadosBasicos":{"assunto":[{"principal":true,"codigoNacional":7792}],"numero":"00009016820208080001","dataAjuizamento":"20200831121035","totalAssuntos":1,"classeProcessual":386,"nivelSigilo":0,"orgaoJulgador":{"nomeOrgao":"AFONSO CL\u00c1UDIO - 2\u00aa VARA","codigoMunicipioIBGE":3200102,"codigoOrgao":5,"instancia":"ORIG"},"competencia":1,"codigoLocalidade":"3200102"},"siglaTribunal":"TJES","movimento":[{"movimentoNacional":{"codigoNacional":26},"nivelSigilo":0,"dataHora":"20200831121127"},{"movimentoNacional":{"codigoNacional":51},"nivelSigilo":0,"dataHora":"20200901141634"},{"movimentoNacional":{"codigoNacional":51},"nivelSigilo":0,"dataHora":"20200901141616"},{"movimentoNacional":{"codigoNacional":132},"nivelSigilo":0,"dataHora":"20200831132259"},{"movimentoNacional":{"codigoNacional":493},"nivelSigilo":0,"dataHora":"20200911135756"},{"movimentoNacional":{"codigoNacional":11010},"nivelSigilo":0,"dataHora":"20200902172523"},{"movimentoNacional":{"codigoNacional":982},"nivelSigilo":0,"dataHora":"20200831121128"}],"grau":"G1"},{"millisInsercao":1601592560516,"dadosBasicos":{"assunto":[{"principal":true,"codigoNacional":7792},{"principal":false,"codigoNacional":10938}],"numero":"00007548520208080019","dataAjuizamento":"20200914130538","totalAssuntos":2,"classeProcessual":386,"nivelSigilo":0,"orgaoJulgador":{"nomeOrgao":"ECOPORANGA - VARA \u00daNICA","codigoMunicipioIBGE":3202108,"codigoOrgao":280,"instancia":"ORIG"},"competencia":1,"codigoLocalidade":"3202108"},"siglaTribunal":"TJES","movimento":[{"movimentoNacional":{"codigoNacional":26},"nivelSigilo":0,"dataHora":"20200914130926"},{"movimentoNacional":{"codigoNacional":51},"nivelSigilo":0,"dataHora":"20200915093555"},{"movimentoNacional":{"codigoNacional":132},"nivelSigilo":0,"dataHora":"20200915090921"},{"movimentoNacional":{"codigoNacional":11010},"nivelSigilo":0,"dataHora":"20200929210644"},{"movimentoNacional":{"codigoNacional":982},"nivelSigilo":0,"dataHora":"20200914130927"}],"grau":"G1"},{"millisInsercao":1601593491932,"dadosBasicos":{"assunto":[{"principal":true,"codigoNacional":3620}],"numero":"00005153220208080003","dataAjuizamento":"20200921150919","totalAssuntos":1,"classeProcessual":386,"nivelSigilo":0,"orgaoJulgador":{"nomeOrgao":"ALFREDO CHAVES - VARA \u00daNICA","codigoMunicipioIBGE":3200300,"codigoOrgao":2166,"instancia":"ORIG"},"competencia":1,"codigoLocalidade":"3200300"},"siglaTribunal":"TJES","movimento":[{"movimentoNacional":{"codigoNacional":26},"nivelSigilo":0,"dataHora":"20200921150919"},{"movimentoNacional":{"codigoNacional":132},"nivelSigilo":0,"dataHora":"20200924151636"},{"movimentoNacional":{"codigoNacional":982},"nivelSigilo":0,"dataHora":"20200921150920"}],"grau":"G1"},{"millisInsercao":1601595753821,"dadosBasicos":{"assunto":[{"principal":true,"codigoNacional":10637}],"numero":"00005093820208080031","dataAjuizamento":"20200930133059","totalAssuntos":1,"classeProcessual":11957,"nivelSigilo":0,"orgaoJulgador":{"nomeOrgao":"MANTEN\u00d3POLIS - VARA \u00daNICA","codigoMunicipioIBGE":3203304,"codigoOrgao":2140,"instancia":"ORIG"},"competencia":1,"codigoLocalidade":"3203304"},"siglaTribunal":"TJES","movimento":[{"movimentoNacional":{"codigoNacional":26},"nivelSigilo":0,"dataHora":"20200930133140"},{"movimentoNacional":{"codigoNacional":132},"nivelSigilo":0,"dataHora":"20200930135823"},{"movimentoNacional":{"codigoNacional":982},"nivelSigilo":0,"dataHora":"20200930133142"}],"grau":"G1"},{"millisInsercao":1601594254790,"dadosBasicos":{"assunto":[{"principal":true,"codigoNacional":12612}],"numero":"00002847920208080043","dataAjuizamento":"20200930152900","totalAssuntos":1,"classeProcessual":11957,"nivelSigilo":0,"orgaoJulgador":{"nomeOrgao":"SANTA LEOPOLDINA - VARA \u00daNICA","codigoMunicipioIBGE":3204500,"codigoOrgao":2139,"instancia":"ORIG"},"competencia":1,"codigoLocalidade":"3204500"},"siglaTribunal":"TJES","movimento":[{"movimentoNacional":{"codigoNacional":26},"nivelSigilo":0,"dataHora":"20200930153106"},{"movimentoNacional":{"codigoNacional":982},"nivelSigilo":0,"dataHora":"20200930153107"}],"grau":"G1"}]