[{"millisInsercao":1600434597997,"dadosBasicos":{"assunto":[{"principal":false,"codigoNacional":11482},{"principal":false,"codigoNacional":11490}],"dscSistema":"8","numero":"00000052219946070004","procEl":2,"dataAjuizamento":"19940824000000","totalAssuntos":2,"classeProcessual":279,"nivelSigilo":0,"orgaoJulgador":{"nomeOrgao":"CARTORIO DA 4. ZONA ELEITORAL","codigoMunicipioIBGE":5300108,"codigoOrgao":14570,"instancia":"ORIG"},"codigoLocalidade":"53"},"siglaTribunal":"TRE-DF","movimento":[{"identificadorMovimento":"SMU40000011994","movimentoNacional":{"codigoNacional":981},"nivelSigilo":0,"dataHora":"19940824000000"}],"grau":"G1"},{"millisInsercao":1600489227106,"dadosBasicos":{"assunto":[{"principal":true,"codigoNacional":11778}],"dscSistema":"8","numero":"00000060719946070004","procEl":2,"dataAjuizamento":"19941206000000","totalAssuntos":1,"classeProcessual":279,"nivelSigilo":0,"orgaoJulgador":{"nomeOrgao":"CARTORIO DA 4. ZONA ELEITORAL","codigoMunicipioIBGE":5300108,"codigoOrgao":14570,"instancia":"ORIG"},"codigoLocalidade":"53"},"siglaTribunal":"TRE-DF","movimento":[{"identificadorMovimento":"SMU40000131994","movimentoNacional":{"codigoNacional":981},"nivelSigilo":0,"dataHora":"19941206000000"},{"identificadorMovimento":"SM8725234","movimentoNacional":{"codigoNacional":245},"nivelSigilo":0,"dataHora":"20160601134658"},{"identificadorMovimento":"SM8750567","movimentoNacional":{"codigoNacional":893},"nivelSigilo":0,"dataHora":"20160616112013"},{"identificadorMovimento":"SW40000131994","movimentoNacional":{"codigoNacional":246},"nivelSigilo":0,"dataHora":"20160630235959"}],"grau":"G1"},{"millisInsercao":1598466050109,"dadosBasicos":{"assunto":[{"principal":false,"codigoNacional":11428}],"dscSistema":"8","numero":"00000026419946070005","procEl":2,"dataAjuizamento":"19941207120000","totalAssuntos":1,"classeProcessual":11527,"nivelSigilo":0,"orgaoJulgador":{"nomeOrgao":"CARTORIO DA 5. ZONA ELEITORAL","codigoMunicipioIBGE":5300108,"codigoOrgao":14571,"instancia":"ORIG"},"codigoLocalidade":"53"},"siglaTribunal":"TRE-DF","movimento":[{"identificadorMovimento":"SMU50000181994","movimentoNacional":{"codigoNacional":981},"nivelSigilo":0,"dataHora":"19941207120000"},{"identificadorMovimento":"SW50000181994","movimentoNacional":{"codigoNacional":22},"nivelSigilo":0,"dataHora":"20150731235959"}],"grau":"G1"},{"millisInsercao":1598466073733,"dadosBasicos":{"assunto":[{"principal":false,"codigoNacional":11428}],"dscSistema":"8","numero":"00001237819976070008","procEl":2,"dataAjuizamento":"19970502144200","totalAssuntos":1,"classeProcessual":12193,"nivelSigilo":0,"orgaoJulgador":{"nomeOrgao":"CARTORIO DA 8. ZONA ELEITORAL","codigoMunicipioIBGE":5300108,"codigoOrgao":14574,"instancia":"ORIG"},"codigoLocalidade":"53"},"siglaTribunal":"TRE-DF","movimento":[{"identificadorMovimento":"SMU800055811997","movimentoNacional":{"codigoNacional":981},"nivelSigilo":0,"dataHora":"19970502144200"},{"identificadorMovimento":"SM8420964","movimentoNacional":{"codigoNacional":245},"nivelSigilo":0,"dataHora":"20151123164310"},{"identificadorMovimento":"SW800055811997","movimentoNacional":{"codigoNacional":22},"nivelSigilo":0,"dataHora":"20151130235959"}],"grau":"G1"},{"millisInsercao":1597438232782,"dadosBasicos":{"assunto":[{"principal":false,"codigoNacional":11428}],"dscSistema":"8","numero":"00001237819976070008","procEl":2,"dataAjuizamento":"19970502144200","totalAssuntos":1,"classeProcessual":12193,"nivelSigilo":0,"orgaoJulgador":{"nomeOrgao":"CARTORIO DA 8. ZONA ELEITORAL","codigoMunicipioIBGE":5300108,"codigoOrgao":14574,"instancia":"ORIG"},"codigoLocalidade":"53"},"siglaTribunal":"TRE-DF","movimento":[{"identificadorMovimento":"SMU800055811997","movimentoNacional":{"codigoNacional":981},"nivelSigilo":0,"dataHora":"19970502144200"}],"grau":"G1"},{"millisInsercao":1598466072746,"dadosBasicos":{"assunto":[{"principal":false,"codigoNacional":11428}],"dscSistema":"8","numero":"00001927619986070008","procEl":2,"dataAjuizamento":"19980122130700","totalAssuntos":1,"classeProcessual":241,"nivelSigilo":0,"orgaoJulgador":{"nomeOrgao":"CARTORIO DA 8. ZONA ELEITORAL","codigoMunicipioIBGE":5300108,"codigoOrgao":14574,"instancia":"ORIG"},"codigoLocalidade":"53"},"siglaTribunal":"TRE-DF","movimento":[{"identificadorMovimento":"SMU80010531998","movimentoNacional":{"codigoNacional":981},"nivelSigilo":0,"dataHora":"19980122130700"},{"identificadorMovimento":"SM8420986","movimentoNacional":{"codigoNacional":245},"nivelSigilo":0,"dataHora":"20151123164418"},{"identificadorMovimento":"SW80010531998","movimentoNacional":{"codigoNacional":22},"nivelSigilo":0,"dataHora":"20151130235959"}],"grau":"G1"},{"millisInsercao":1598466050709,"dadosBasicos":{"assunto":[{"principal":false,"codigoNacional":11428}],"dscSistema":"8","numero":"00001745519986070008","procEl":2,"dataAjuizamento":"19980727144501","totalAssuntos":1,"classeProcessual":12193,"nivelSigilo":0,"orgaoJulgador":{"nomeOrgao":"CARTORIO DA 8. ZONA ELEITORAL","codigoMunicipioIBGE":5300108,"codigoOrgao":14574,"instancia":"ORIG"},"codigoLocalidade":"53"},"siglaTribunal":"TRE-DF","movimento":[{"identificadorMovimento":"SMU80009181998","movimentoNacional":{"codigoNacional":981},"nivelSigilo":0,"dataHora":"19980727144501"},{"identificadorMovimento":"SM8420984","movimentoNacional":{"codigoNacional":245},"nivelSigilo":0,"dataHora":"20151123164352"},{"identificadorMovimento":"SW80009181998","movimentoNacional":{"codigoNacional":22},"nivelSigilo":0,"dataHora":"20151130235959"}],"grau":"G1"},{"millisInsercao":1598466052694,"dadosBasicos":{"assunto":[{"principal":false,"codigoNacional":11428}],"dscSistema":"8","numero":"00001936119986070008","procEl":2,"dataAjuizamento":"19981112151900","totalAssuntos":1,"classeProcessual":279,"nivelSigilo":0,"orgaoJulgador":{"nomeOrgao":"CARTORIO DA 8. ZONA ELEITORAL","codigoMunicipioIBGE":5300108,"codigoOrgao":14574,"instancia":"ORIG"},"codigoLocalidade":"53"},"siglaTribunal":"TRE-DF","movimento":[{"identificadorMovimento":"SM5839091","movimentoNacional":{"codigoNacional":67},"nivelSigilo":0,"dataHora":"20120924155449"},{"identificadorMovimento":"SM5839359","movimentoNacional":{"codigoNacional":67},"nivelSigilo":0,"dataHora":"20120924161527"},{"identificadorMovimento":"SM5839300","movimentoNacional":{"codigoNacional":67},"nivelSigilo":0,"dataHora":"20120924161043"},{"identificadorMovimento":"SM5839298","movimentoNacional":{"codigoNacional":67},"nivelSigilo":0,"dataHora":"20120924161009"},{"identificadorMovimento":"SM5839289","movimentoNacional":{"codigoNacional":67},"nivelSigilo":0,"dataHora":"20120924160924"},{"identificadorMovimento":"SM5839280","movimentoNacional":{"codigoNacional":67},"nivelSigilo":0,"dataHora":"20120924160825"},{"identificadorMovimento":"SM5839221","movimentoNacional":{"codigoNacional":67},"nivelSigilo":0,"dataHora":"20120924160521"},{"identificadorMovimento":"SM5839202","movimentoNacional":{"codigoNacional":67},"nivelSigilo":0,"dataHora":"20120924160316"},{"identificadorMovimento":"SM5839201","movimentoNacional":{"codigoNacional":67},"nivelSigilo":0,"dataHora":"20120924160243"},{"identificadorMovimento":"SM5839131","movimentoNacional":{"codigoNacional":67},"nivelSigilo":0,"dataHora":"20120924155957"},{"identificadorMovimento":"SM5839102","movimentoNacional":{"codigoNacional":67},"nivelSigilo":0,"dataHora":"20120924155630"},{"identificadorMovimento":"SM5839226","movimentoNacional":{"codigoNacional":132},"nivelSigilo":0,"dataHora":"20120924160600"},{"identificadorMovimento":"SM5839195","movimentoNacional":{"codigoNacional":132},"nivelSigilo":0,"dataHora":"20120924160200"},{"identificadorMovimento":"SM5839123","movimentoNacional":{"codigoNacional":132},"nivelSigilo":0,"dataHora":"20120924155902"},{"identificadorMovimento":"SM5839114","movimentoNacional":{"codigoNacional":132},"nivelSigilo":0,"dataHora":"20120924155759"},{"identificadorMovimento":"SM5839109","movimentoNacional":{"codigoNacional":132},"nivelSigilo":0,"dataHora":"20120924155708"},{"identificadorMovimento":"SM5839310","movimentoNacional":{"codigoNacional":132},"nivelSigilo":0,"dataHora":"20120924161116"},{"identificadorMovimento":"SM5839277","movimentoNacional":{"codigoNacional":132},"nivelSigilo":0,"dataHora":"20120924160752"},{"identificadorMovimento":"SM5839274","movimentoNacional":{"codigoNacional":132},"nivelSigilo":0,"dataHora":"20120924160728"},{"identificadorMovimento":"SM5839129","movimentoNacional":{"codigoNacional":132},"nivelSigilo":0,"dataHora":"20120924155929"},{"identificadorMovimento":"SM5839120","movimentoNacional":{"codigoNacional":132},"nivelSigilo":0,"dataHora":"20120924155829"},{"identificadorMovimento":"SM5839312","movimentoNacional":{"codigoNacional":51},"nivelSigilo":0,"dataHora":"20120924161132"},{"identificadorMovimento":"SM5839222","movimentoNacional":{"codigoNacional":51},"nivelSigilo":0,"dataHora":"20120924160535"},{"identificadorMovimento":"SM5839156","movimentoNacional":{"codigoNacional":51},"nivelSigilo":0,"dataHora":"20120924160012"},{"identificadorMovimento":"SM5839122","movimentoNacional":{"codigoNacional":51},"nivelSigilo":0,"dataHora":"20120924155844"},{"identificadorMovimento":"SM5839111","movimentoNacional":{"codigoNacional":51},"nivelSigilo":0,"dataHora":"20120924155732"},{"identificadorMovimento":"SM5839103","movimentoNacional":{"codigoNacional":51},"nivelSigilo":0,"dataHora":"20120924155645"},{"identificadorMovimento":"SM5839347","movimentoNacional":{"codigoNacional":92},"nivelSigilo":0,"dataHora":"20120924161335"},{"identificadorMovimento":"SM5839380","movimentoNacional":{"codigoNacional":246},"nivelSigilo":0,"dataHora":"20120924161724"},{"identificadorMovimento":"SM5839349","movimentoNacional":{"codigoNacional":246},"nivelSigilo":0,"dataHora":"20120924161353"},{"identificadorMovimento":"SM5839334","movimentoNacional":{"codigoNacional":493},"nivelSigilo":0,"dataHora":"20120924161306"},{"identificadorMovimento":"SM5839303","movimentoNacional":{"codigoNacional":493},"nivelSigilo":0,"dataHora":"20120924161051"},{"identificadorMovimento":"SM5839276","movimentoNacional":{"codigoNacional":493},"nivelSigilo":0,"dataHora":"20120924160735"},{"identificadorMovimento":"SM5839272","movimentoNacional":{"codigoNacional":493},"nivelSigilo":0,"dataHora":"20120924160711"},{"identificadorMovimento":"SM5839203","movimentoNacional":{"codigoNacional":493},"nivelSigilo":0,"dataHora":"20120924160324"},{"identificadorMovimento":"SM5839126","movimentoNacional":{"codigoNacional":493},"nivelSigilo":0,"dataHora":"20120924155911"},{"identificadorMovimento":"SM5839115","movimentoNacional":{"codigoNacional":493},"nivelSigilo":0,"dataHora":"20120924155808"},{"identificadorMovimento":"SMU80009761998","movimentoNacional":{"codigoNacional":981},"nivelSigilo":0,"dataHora":"19981112151900"},{"identificadorMovimento":"SM8443329","movimentoNacional":{"codigoNacional":245},"nivelSigilo":0,"dataHora":"20151130182313"},{"identificadorMovimento":"SM8443320","movimentoNacional":{"codigoNacional":12291},"nivelSigilo":0,"dataHora":"20151130182251"},{"identificadorMovimento":"SW80009761998","movimentoNacional":{"codigoNacional":246},"nivelSigilo":0,"dataHora":"20151130235959"}],"grau":"G1"},{"millisInsercao":1598465947172,"dadosBasicos":{"assunto":[{"principal":false,"codigoNacional":11428}],"dscSistema":"8","numero":"00000672019986070005","procEl":2,"dataAjuizamento":"19981123120000","totalAssuntos":1,"classeProcessual":307,"nivelSigilo":0,"orgaoJulgador":{"nomeOrgao":"CARTORIO DA 5. ZONA ELEITORAL","codigoMunicipioIBGE":5300108,"codigoOrgao":14571,"instancia":"ORIG"},"codigoLocalidade":"53"},"siglaTribunal":"TRE-DF","movimento":[{"identificadorMovimento":"SMU50001701998","movimentoNacional":{"codigoNacional":981},"nivelSigilo":0,"dataHora":"19981123120000"}],"grau":"G1"},{"millisInsercao":1597436498916,"dadosBasicos":{"assunto":[{"principal":false,"codigoNacional":11428}],"dscSistema":"8","numero":"00000815819996070008","procEl":2,"dataAjuizamento":"19990430142600","totalAssuntos":1,"classeProcessual":12193,"nivelSigilo":0,"orgaoJulgador":{"nomeOrgao":"CARTORIO DA 8. ZONA ELEITORAL","codigoMunicipioIBGE":5300108,"codigoOrgao":14574,"instancia":"ORIG"},"codigoLocalidade":"53"},"siglaTribunal":"TRE-DF","movimento":[{"identificadorMovimento":"SMU80010881999","movimentoNacional":{"codigoNacional":981},"nivelSigilo":0,"dataHora":"19990430142600"}],"grau":"G1"},{"millisInsercao":1598466046379,"dadosBasicos":{"assunto":[{"principal":false,"codigoNacional":11428}],"dscSistema":"8","numero":"00000815819996070008","procEl":2,"dataAjuizamento":"19990430142600","totalAssuntos":1,"classeProcessual":12193,"nivelSigilo":0,"orgaoJulgador":{"nomeOrgao":"CARTORIO DA 8. ZONA ELEITORAL","codigoMunicipioIBGE":5300108,"codigoOrgao":14574,"instancia":"ORIG"},"codigoLocalidade":"53"},"siglaTribunal":"TRE-DF","movimento":[{"identificadorMovimento":"SMU80010881999","movimentoNacional":{"codigoNacional":981},"nivelSigilo":0,"dataHora":"19990430142600"},{"identificadorMovimento":"SM8420992","movimentoNacional":{"codigoNacional":245},"nivelSigilo":0,"dataHora":"20151123164503"},{"identificadorMovimento":"SW80010881999","movimentoNacional":{"codigoNacional":22},"nivelSigilo":0,"dataHora":"20151130235959"}],"grau":"G1"},{"millisInsercao":1598466073515,"dadosBasicos":{"assunto":[{"principal":false,"codigoNacional":11428}],"dscSistema":"8","numero":"00000798819996070008","procEl":2,"dataAjuizamento":"19990503152300","totalAssuntos":1,"classeProcessual":12193,"nivelSigilo":0,"orgaoJulgador":{"nomeOrgao":"CARTORIO DA 8. ZONA ELEITORAL","codigoMunicipioIBGE":5300108,"codigoOrgao":14574,"instancia":"ORIG"},"codigoLocalidade":"53"},"siglaTribunal":"TRE-DF","movimento":[{"identificadorMovimento":"SMU800010031999","movimentoNacional":{"codigoNacional":981},"nivelSigilo":0,"dataHora":"19990503152300"},{"identificadorMovimento":"SM8320972","movimentoNacional":{"codigoNacional":245},"nivelSigilo":0,"dataHora":"20151014162144"},{"identificadorMovimento":"SW800010031999","movimentoNacional":{"codigoNacional":22},"nivelSigilo":0,"dataHora":"20151031235959"}],"grau":"G1"},{"millisInsercao":1597431694429,"dadosBasicos":{"valorCausa":null,"numero":"00000192719996070005","procEl":2,"competencia":null,"codigoLocalidade":"53","assunto":[{"principal":false,"assuntoLocal":null,"codigoNacional":11428},{"principal":false,"assuntoLocal":null,"codigoNacional":11428}],"dscSistema":"8","tamanhoProcesso":null,"dataAjuizamento":"19990901120000","totalAssuntos":1,"nivelSigilo":0,"classeProcessual":120,"orgaoJulgador":{"nomeOrgao":"CARTORIO DA 5. ZONA ELEITORAL","codigoMunicipioIBGE":5300108,"codigoOrgao":14571,"instancia":"ORIG"}},"siglaTribunal":"TRE-DF","movimento":[{"identificadorMovimento":"SMU50000711999","tipoResponsavelMovimento":null,"movimentoNacional":{"codigoNacional":981},"complementoNacional":[],"idDocumentoVinculado":[],"movimentoLocal":null,"nivelSigilo":0,"orgaoJulgador":null,"dataHora":"19990901120000","tipoDecisao":null}],"grau":"G1"},{"millisInsercao":1598466013150,"dadosBasicos":{"assunto":[{"principal":false,"codigoNacional":11428}],"dscSistema":"8","numero":"00000192719996070005","procEl":2,"dataAjuizamento":"19990901120000","totalAssuntos":1,"classeProcessual":120,"nivelSigilo":0,"orgaoJulgador":{"nomeOrgao":"CARTORIO DA 5. ZONA ELEITORAL","codigoMunicipioIBGE":5300108,"codigoOrgao":14571,"instancia":"ORIG"},"codigoLocalidade":"53"},"siglaTribunal":"TRE-DF","movimento":[{"identificadorMovimento":"SMU50000711999","movimentoNacional":{"codigoNacional":981},"nivelSigilo":0,"dataHora":"19990901120000"}],"grau":"G1"},{"millisInsercao":1597440859632,"dadosBasicos":{"assunto":[{"principal":false,"codigoNacional":11428}],"dscSistema":"8","numero":"00000192719996070005","procEl":2,"dataAjuizamento":"19990901120000","totalAssuntos":1,"classeProcessual":120,"nivelSigilo":0,"orgaoJulgador":{"nomeOrgao":"CARTORIO DA 5. ZONA ELEITORAL","codigoMunicipioIBGE":5300108,"codigoOrgao":14571,"instancia":"ORIG"},"codigoLocalidade":"53"},"siglaTribunal":"TRE-DF","movimento":[{"identificadorMovimento":"SMU50000711999","movimentoNacional":{"codigoNacional":981},"nivelSigilo":0,"dataHora":"19990901120000"},{"identificadorMovimento":"SM8316129","movimentoNacional":{"codigoNacional":245},"nivelSigilo":0,"dataHora":"20151009180754"},{"identificadorMovimento":"SW50000711999","movimentoNacional":{"codigoNacional":22},"nivelSigilo":0,"dataHora":"20151031235959"}],"grau":"G1"},{"millisInsercao":1597441089024,"dadosBasicos":{"assunto":[{"principal":false,"codigoNacional":11428}],"dscSistema":"8","numero":"00000431220006070008","procEl":2,"dataAjuizamento":"20000428165300","totalAssuntos":1,"classeProcessual":12193,"nivelSigilo":0,"orgaoJulgador":{"nomeOrgao":"CARTORIO DA 8. ZONA ELEITORAL","codigoMunicipioIBGE":5300108,"codigoOrgao":14574,"instancia":"ORIG"},"codigoLocalidade":"53"},"siglaTribunal":"TRE-DF","movimento":[{"identificadorMovimento":"SMU8001472200","movimentoNacional":{"codigoNacional":981},"nivelSigilo":0,"dataHora":"20000428165300"},{"identificadorMovimento":"SM8320991","movimentoNacional":{"codigoNacional":245},"nivelSigilo":0,"dataHora":"20151014162521"},{"identificadorMovimento":"SW8001472200","movimentoNacional":{"codigoNacional":22},"nivelSigilo":0,"dataHora":"20151031235959"}],"grau":"G1"},{"millisInsercao":1598465040769,"dadosBasicos":{"assunto":[{"principal":true,"codigoNacional":11428}],"dscSistema":"8","numero":"00001088820016070002","procEl":2,"dataAjuizamento":"20010527130000","totalAssuntos":1,"classeProcessual":12193,"nivelSigilo":0,"orgaoJulgador":{"nomeOrgao":"CARTORIO DA 2. ZONA ELEITORAL","codigoMunicipioIBGE":5300108,"codigoOrgao":14568,"instancia":"ORIG"},"codigoLocalidade":"53"},"siglaTribunal":"TRE-DF","movimento":[{"identificadorMovimento":"SMU140007542001","movimentoNacional":{"codigoNacional":981},"nivelSigilo":0,"dataHora":"20010527130000"}],"grau":"G1"},{"millisInsercao":1597438084673,"dadosBasicos":{"valorCausa":null,"numero":"00000689720016070005","procEl":2,"competencia":null,"codigoLocalidade":"53","assunto":[{"principal":false,"assuntoLocal":null,"codigoNacional":11428},{"principal":false,"assuntoLocal":null,"codigoNacional":11428}],"dscSistema":"8","tamanhoProcesso":null,"dataAjuizamento":"20011008120000","totalAssuntos":1,"nivelSigilo":0,"classeProcessual":307,"orgaoJulgador":{"nomeOrgao":"CARTORIO DA 5. ZONA ELEITORAL","codigoMunicipioIBGE":5300108,"codigoOrgao":14571,"instancia":"ORIG"}},"siglaTribunal":"TRE-DF","movimento":[{"identificadorMovimento":"SMU50004052001","tipoResponsavelMovimento":null,"movimentoNacional":{"codigoNacional":981},"complementoNacional":[],"idDocumentoVinculado":[],"movimentoLocal":null,"nivelSigilo":0,"orgaoJulgador":null,"dataHora":"20011008120000","tipoDecisao":null},{"identificadorMovimento":"SM8279558","tipoResponsavelMovimento":null,"movimentoNacional":{"codigoNacional":245},"complementoNacional":[],"idDocumentoVinculado":[],"movimentoLocal":null,"nivelSigilo":0,"orgaoJulgador":null,"dataHora":"20150923162007","tipoDecisao":null},{"identificadorMovimento":"SW50004052001","tipoResponsavelMovimento":null,"movimentoNacional":{"codigoNacional":22},"complementoNacional":[],"idDocumentoVinculado":[],"movimentoLocal":null,"nivelSigilo":0,"orgaoJulgador":null,"dataHora":"20150930235959","tipoDecisao":null}],"grau":"G1"},{"millisInsercao":1597439898189,"dadosBasicos":{"assunto":[{"principal":false,"codigoNacional":11428}],"dscSistema":"8","numero":"00000689720016070005","procEl":2,"dataAjuizamento":"20011008120000","totalAssuntos":1,"classeProcessual":307,"nivelSigilo":0,"orgaoJulgador":{"nomeOrgao":"CARTORIO DA 5. ZONA ELEITORAL","codigoMunicipioIBGE":5300108,"codigoOrgao":14571,"instancia":"ORIG"},"codigoLocalidade":"53"},"siglaTribunal":"TRE-DF","movimento":[{"identificadorMovimento":"SMU50004052001","movimentoNacional":{"codigoNacional":981},"nivelSigilo":0,"dataHora":"20011008120000"}],"grau":"G1"},{"millisInsercao":1597436725638,"dadosBasicos":{"assunto":[{"principal":false,"codigoNacional":11428}],"dscSistema":"8","numero":"00000671520016070005","procEl":2,"dataAjuizamento":"20011109120000","totalAssuntos":1,"classeProcessual":307,"nivelSigilo":0,"orgaoJulgador":{"nomeOrgao":"CARTORIO DA 5. ZONA ELEITORAL","codigoMunicipioIBGE":5300108,"codigoOrgao":14571,"instancia":"ORIG"},"codigoLocalidade":"53"},"siglaTribunal":"TRE-DF","movimento":[{"identificadorMovimento":"SMU50002912001","movimentoNacional":{"codigoNacional":981},"nivelSigilo":0,"dataHora":"20011109120000"}],"grau":"G1"},{"millisInsercao":1598466048179,"dadosBasicos":{"assunto":[{"principal":false,"codigoNacional":11428}],"dscSistema":"8","numero":"00000671520016070005","procEl":2,"dataAjuizamento":"20011109120000","totalAssuntos":1,"classeProcessual":307,"nivelSigilo":0,"orgaoJulgador":{"nomeOrgao":"CARTORIO DA 5. ZONA ELEITORAL","codigoMunicipioIBGE":5300108,"codigoOrgao":14571,"instancia":"ORIG"},"codigoLocalidade":"53"},"siglaTribunal":"TRE-DF","movimento":[{"identificadorMovimento":"SMU50002912001","movimentoNacional":{"codigoNacional":981},"nivelSigilo":0,"dataHora":"20011109120000"},{"identificadorMovimento":"SM8276907","movimentoNacional":{"codigoNacional":245},"nivelSigilo":0,"dataHora":"20150922165738"},{"identificadorMovimento":"SW50002912001","movimentoNacional":{"codigoNacional":22},"nivelSigilo":0,"dataHora":"20150930235959"}],"grau":"G1"},{"millisInsercao":1598466206182,"dadosBasicos":{"assunto":[{"principal":false,"codigoNacional":11428}],"dscSistema":"8","numero":"00000264720076070002","procEl":2,"dataAjuizamento":"20040518130000","totalAssuntos":1,"classeProcessual":279,"nivelSigilo":0,"orgaoJulgador":{"nomeOrgao":"CARTORIO DA 2. ZONA ELEITORAL","codigoMunicipioIBGE":5300108,"codigoOrgao":14568,"instancia":"ORIG"},"codigoLocalidade":"53"},"siglaTribunal":"TRE-DF","movimento":[{"identificadorMovimento":"SMU140001412007","movimentoNacional":{"codigoNacional":981},"nivelSigilo":0,"dataHora":"20040518130000"},{"identificadorMovimento":"SM8886750","movimentoNacional":{"codigoNacional":245},"nivelSigilo":0,"dataHora":"20160815115709"},{"identificadorMovimento":"SM8886746","movimentoNacional":{"codigoNacional":132},"nivelSigilo":0,"dataHora":"20160815115652"},{"identificadorMovimento":"SW140001412007","movimentoNacional":{"codigoNacional":246},"nivelSigilo":0,"dataHora":"20160831235959"}],"grau":"G1"},{"millisInsercao":1600489946057,"dadosBasicos":{"assunto":[{"principal":false,"codigoNacional":11575}],"dscSistema":"8","numero":"00000480920166070999","procEl":2,"dataAjuizamento":"20051123000000","totalAssuntos":1,"classeProcessual":279,"nivelSigilo":0,"orgaoJulgador":{"nomeOrgao":"CARTORIO DA 1. ZONA ELEITORAL ZZ","codigoMunicipioIBGE":5300108,"codigoOrgao":14588,"instancia":"ORIG"},"codigoLocalidade":"53"},"siglaTribunal":"TRE-DF","movimento":[{"identificadorMovimento":"SM8566734","movimentoNacional":{"codigoNacional":245},"nivelSigilo":0,"dataHora":"20160225185002"},{"identificadorMovimento":"SM8566730","movimentoNacional":{"codigoNacional":132},"nivelSigilo":0,"dataHora":"20160225184656"},{"identificadorMovimento":"SM8566729","movimentoNacional":{"codigoNacional":51},"nivelSigilo":0,"dataHora":"20160225184648"},{"identificadorMovimento":"SM1N160242005","movimentoNacional":{"codigoNacional":26},"nivelSigilo":0,"dataHora":"20160225184531"},{"identificadorMovimento":"SW160242005","movimentoNacional":{"codigoNacional":246},"nivelSigilo":0,"dataHora":"20160229235959"}],"grau":"G1"},{"millisInsercao":1597438766890,"dadosBasicos":{"assunto":[{"principal":false,"codigoNacional":11428}],"dscSistema":"8","numero":"00000256220076070002","procEl":2,"dataAjuizamento":"20060405130000","totalAssuntos":1,"classeProcessual":279,"nivelSigilo":0,"orgaoJulgador":{"nomeOrgao":"CARTORIO DA 2. ZONA ELEITORAL","codigoMunicipioIBGE":5300108,"codigoOrgao":14568,"instancia":"ORIG"},"codigoLocalidade":"53"},"siglaTribunal":"TRE-DF","movimento":[{"identificadorMovimento":"SMU140001392007","movimentoNacional":{"codigoNacional":981},"nivelSigilo":0,"dataHora":"20060405130000"}],"grau":"G1"},{"millisInsercao":1598466105480,"dadosBasicos":{"assunto":[{"principal":false,"codigoNacional":11428}],"dscSistema":"8","numero":"00000256220076070002","procEl":2,"dataAjuizamento":"20060405130000","totalAssuntos":1,"classeProcessual":279,"nivelSigilo":0,"orgaoJulgador":{"nomeOrgao":"CARTORIO DA 2. ZONA ELEITORAL","codigoMunicipioIBGE":5300108,"codigoOrgao":14568,"instancia":"ORIG"},"codigoLocalidade":"53"},"siglaTribunal":"TRE-DF","movimento":[{"identificadorMovimento":"SMU140001392007","movimentoNacional":{"codigoNacional":981},"nivelSigilo":0,"dataHora":"20060405130000"},{"identificadorMovimento":"SM8886749","movimentoNacional":{"codigoNacional":245},"nivelSigilo":0,"dataHora":"20160815115709"},{"identificadorMovimento":"SM8886745","movimentoNacional":{"codigoNacional":132},"nivelSigilo":0,"dataHora":"20160815115652"},{"identificadorMovimento":"SW140001392007","movimentoNacional":{"codigoNacional":246},"nivelSigilo":0,"dataHora":"20160831235959"}],"grau":"G1"},{"millisInsercao":1598466117457,"dadosBasicos":{"assunto":[{"principal":false,"codigoNacional":11428}],"dscSistema":"8","numero":"00000293620066070002","procEl":2,"dataAjuizamento":"20060604130000","totalAssuntos":1,"classeProcessual":12193,"nivelSigilo":0,"orgaoJulgador":{"nomeOrgao":"CARTORIO DA 2. ZONA ELEITORAL","codigoMunicipioIBGE":5300108,"codigoOrgao":14568,"instancia":"ORIG"},"codigoLocalidade":"53"},"siglaTribunal":"TRE-DF","movimento":[{"identificadorMovimento":"SMU140001282006","movimentoNacional":{"codigoNacional":981},"nivelSigilo":0,"dataHora":"20060604130000"},{"identificadorMovimento":"SM8886728","movimentoNacional":{"codigoNacional":245},"nivelSigilo":0,"dataHora":"20160815115509"},{"identificadorMovimento":"SM8886710","movimentoNacional":{"codigoNacional":67},"nivelSigilo":0,"dataHora":"20160815115423"},{"identificadorMovimento":"SM8886722","movimentoNacional":{"codigoNacional":132},"nivelSigilo":0,"dataHora":"20160815115443"},{"identificadorMovimento":"SW140001282006","movimentoNacional":{"codigoNacional":22},"nivelSigilo":0,"dataHora":"20160831235959"}],"grau":"G1"},{"millisInsercao":1597437975182,"dadosBasicos":{"assunto":[{"principal":false,"codigoNacional":11428}],"dscSistema":"8","numero":"00000293620066070002","procEl":2,"dataAjuizamento":"20060604130000","totalAssuntos":1,"classeProcessual":12193,"nivelSigilo":0,"orgaoJulgador":{"nomeOrgao":"CARTORIO DA 2. ZONA ELEITORAL","codigoMunicipioIBGE":5300108,"codigoOrgao":14568,"instancia":"ORIG"},"codigoLocalidade":"53"},"siglaTribunal":"TRE-DF","movimento":[{"identificadorMovimento":"SMU140001282006","movimentoNacional":{"codigoNacional":981},"nivelSigilo":0,"dataHora":"20060604130000"}],"grau":"G1"},{"millisInsercao":1598466047716,"dadosBasicos":{"assunto":[{"principal":false,"codigoNacional":11428}],"dscSistema":"8","numero":"00000592820076070005","procEl":2,"dataAjuizamento":"20070417120000","totalAssuntos":1,"classeProcessual":12193,"nivelSigilo":0,"orgaoJulgador":{"nomeOrgao":"CARTORIO DA 5. ZONA ELEITORAL","codigoMunicipioIBGE":5300108,"codigoOrgao":14571,"instancia":"ORIG"},"codigoLocalidade":"53"},"siglaTribunal":"TRE-DF","movimento":[{"identificadorMovimento":"SMU50000352007","movimentoNacional":{"codigoNacional":981},"nivelSigilo":0,"dataHora":"20070417120000"},{"identificadorMovimento":"SW50000352007","movimentoNacional":{"codigoNacional":22},"nivelSigilo":0,"dataHora":"20150731235959"}],"grau":"G1"},{"millisInsercao":1598466068349,"dadosBasicos":{"assunto":[{"principal":false,"codigoNacional":11428}],"dscSistema":"8","numero":"00000584320076070005","procEl":2,"dataAjuizamento":"20070427120000","totalAssuntos":1,"classeProcessual":12193,"nivelSigilo":0,"orgaoJulgador":{"nomeOrgao":"CARTORIO DA 5. ZONA ELEITORAL","codigoMunicipioIBGE":5300108,"codigoOrgao":14571,"instancia":"ORIG"},"codigoLocalidade":"53"},"siglaTribunal":"TRE-DF","movimento":[{"identificadorMovimento":"SMU50000392007","movimentoNacional":{"codigoNacional":981},"nivelSigilo":0,"dataHora":"20070427120000"},{"identificadorMovimento":"SW50000392007","movimentoNacional":{"codigoNacional":22},"nivelSigilo":0,"dataHora":"20150731235959"}],"grau":"G1"},{"millisInsercao":1597437816037,"dadosBasicos":{"assunto":[{"principal":false,"codigoNacional":11428}],"dscSistema":"8","numero":"00001112420076070005","procEl":2,"dataAjuizamento":"20070905120000","totalAssuntos":1,"classeProcessual":279,"nivelSigilo":0,"orgaoJulgador":{"nomeOrgao":"CARTORIO DA 5. ZONA ELEITORAL","codigoMunicipioIBGE":5300108,"codigoOrgao":14571,"instancia":"ORIG"},"codigoLocalidade":"53"},"siglaTribunal":"TRE-DF","movimento":[{"identificadorMovimento":"SMU50001392007","movimentoNacional":{"codigoNacional":981},"nivelSigilo":0,"dataHora":"20070905120000"}],"grau":"G1"},{"millisInsercao":1598466052332,"dadosBasicos":{"assunto":[{"principal":false,"codigoNacional":11428}],"dscSistema":"8","numero":"00001112420076070005","procEl":2,"dataAjuizamento":"20070905120000","totalAssuntos":1,"classeProcessual":279,"nivelSigilo":0,"orgaoJulgador":{"nomeOrgao":"CARTORIO DA 5. ZONA ELEITORAL","codigoMunicipioIBGE":5300108,"codigoOrgao":14571,"instancia":"ORIG"},"codigoLocalidade":"53"},"siglaTribunal":"TRE-DF","movimento":[{"identificadorMovimento":"SMU50001392007","movimentoNacional":{"codigoNacional":981},"nivelSigilo":0,"dataHora":"20070905120000"},{"identificadorMovimento":"SW50001392007","movimentoNacional":{"codigoNacional":246},"nivelSigilo":0,"dataHora":"20150930235959"},{"identificadorMovimento":"SM8254892","movimentoNacional":{"codigoNacional":245},"nivelSigilo":0,"dataHora":"20150914172456"}],"grau":"G1"},{"millisInsercao":1598465965950,"dadosBasicos":{"assunto":[{"principal":false,"codigoNacional":12069}],"dscSistema":"8","numero":"00000417420076070015","procEl":2,"dataAjuizamento":"20071004150000","totalAssuntos":1,"classeProcessual":12193,"nivelSigilo":0,"orgaoJulgador":{"nomeOrgao":"CARTORIO DA 15. ZONA ELEITORAL DO DF","codigoMunicipioIBGE":5300108,"codigoOrgao":14581,"instancia":"ORIG"},"codigoLocalidade":"53"},"siglaTribunal":"TRE-DF","movimento":[{"identificadorMovimento":"SMU80001622007","movimentoNacional":{"codigoNacional":981},"nivelSigilo":0,"dataHora":"20071004150000"}],"grau":"G1"},{"millisInsercao":1600499438045,"dadosBasicos":{"assunto":[{"principal":false,"codigoNacional":11467},{"principal":false,"codigoNacional":11473}],"dscSistema":"8","numero":"86743932020086070001","procEl":2,"dataAjuizamento":"20080423000000","totalAssuntos":2,"classeProcessual":11528,"nivelSigilo":0,"orgaoJulgador":{"nomeOrgao":"CARTORIO DA 1. ZONA ELEITORAL","codigoMunicipioIBGE":5300108,"codigoOrgao":14567,"instancia":"ORIG"},"codigoLocalidade":"53"},"siglaTribunal":"TRE-DF","movimento":[{"identificadorMovimento":"SM7534990","movimentoNacional":{"codigoNacional":493},"nivelSigilo":0,"dataHora":"20141219170844"},{"identificadorMovimento":"SM7259501","movimentoNacional":{"codigoNacional":493},"nivelSigilo":0,"dataHora":"20140926132551"},{"identificadorMovimento":"SM7259414","movimentoNacional":{"codigoNacional":493},"nivelSigilo":0,"dataHora":"20140926130535"},{"identificadorMovimento":"SM7001670","movimentoNacional":{"codigoNacional":493},"nivelSigilo":0,"dataHora":"20140627095015"},{"identificadorMovimento":"SM7259488","movimentoNacional":{"codigoNacional":132},"nivelSigilo":0,"dataHora":"20140926132432"},{"identificadorMovimento":"SM7564702","movimentoNacional":{"codigoNacional":132},"nivelSigilo":0,"dataHora":"20150115154137"},{"identificadorMovimento":"SM7353958","movimentoNacional":{"codigoNacional":132},"nivelSigilo":0,"dataHora":"20141030144122"},{"identificadorMovimento":"SM7061140","movimentoNacional":{"codigoNacional":132},"nivelSigilo":0,"dataHora":"20140721102500"},{"identificadorMovimento":"SM7564901","movimentoNacional":{"codigoNacional":67},"nivelSigilo":0,"dataHora":"20150115161307"},{"identificadorMovimento":"SM7534981","movimentoNacional":{"codigoNacional":67},"nivelSigilo":0,"dataHora":"20141219170749"},{"identificadorMovimento":"SM7353980","movimentoNacional":{"codigoNacional":67},"nivelSigilo":0,"dataHora":"20141030144457"},{"identificadorMovimento":"SM7061171","movimentoNacional":{"codigoNacional":67},"nivelSigilo":0,"dataHora":"20140721104746"},{"identificadorMovimento":"SM6282022","movimentoNacional":{"codigoNacional":67},"nivelSigilo":0,"dataHora":"20130531150759"},{"identificadorMovimento":"SM6175116","movimentoNacional":{"codigoNacional":67},"nivelSigilo":0,"dataHora":"20130319165235"},{"identificadorMovimento":"SM6011477","movimentoNacional":{"codigoNacional":67},"nivelSigilo":0,"dataHora":"20121205115835"},{"identificadorMovimento":"SM5550888","movimentoNacional":{"codigoNacional":51},"nivelSigilo":0,"dataHora":"20120522154830"},{"identificadorMovimento":"SM5399053","movimentoNacional":{"codigoNacional":51},"nivelSigilo":0,"dataHora":"20120228175621"},{"identificadorMovimento":"SM6244432","movimentoNacional":{"codigoNacional":67},"nivelSigilo":0,"dataHora":"20130509140218"},{"identificadorMovimento":"SM7001668","movimentoNacional":{"codigoNacional":67},"nivelSigilo":0,"dataHora":"20140627094727"},{"identificadorMovimento":"SM6175137","movimentoNacional":{"codigoNacional":67},"nivelSigilo":0,"dataHora":"20130319165814"},{"identificadorMovimento":"SM7257320","movimentoNacional":{"codigoNacional":132},"nivelSigilo":0,"dataHora":"20140925141831"},{"identificadorMovimento":"SM5568472","movimentoNacional":{"codigoNacional":132},"nivelSigilo":0,"dataHora":"20120530164908"},{"identificadorMovimento":"SM5407056","movimentoNacional":{"codigoNacional":132},"nivelSigilo":0,"dataHora":"20120301175616"},{"identificadorMovimento":"SM7534971","movimentoNacional":{"codigoNacional":132},"nivelSigilo":0,"dataHora":"20141219170702"},{"identificadorMovimento":"SM6362026","movimentoNacional":{"codigoNacional":132},"nivelSigilo":0,"dataHora":"20130723155536"},{"identificadorMovimento":"SM6221660","movimentoNacional":{"codigoNacional":132},"nivelSigilo":0,"dataHora":"20130423154815"},{"identificadorMovimento":"SM6044143","movimentoNacional":{"codigoNacional":132},"nivelSigilo":0,"dataHora":"20121219134351"},{"identificadorMovimento":"SM7061144","movimentoNacional":{"codigoNacional":67},"nivelSigilo":0,"dataHora":"20140721103420"},{"identificadorMovimento":"SM7001669","movimentoNacional":{"codigoNacional":123},"nivelSigilo":0,"dataHora":"20140627094933"},{"identificadorMovimento":"SM7354362","movimentoNacional":{"codigoNacional":51},"nivelSigilo":0,"dataHora":"20141030152504"},{"identificadorMovimento":"SM7257313","movimentoNacional":{"codigoNacional":51},"nivelSigilo":0,"dataHora":"20140925141757"},{"identificadorMovimento":"SM6282076","movimentoNacional":{"codigoNacional":51},"nivelSigilo":0,"dataHora":"20130531151500"},{"identificadorMovimento":"SM6044142","movimentoNacional":{"codigoNacional":51},"nivelSigilo":0,"dataHora":"20121219134343"},{"identificadorMovimento":"SM6175693","movimentoNacional":{"codigoNacional":51},"nivelSigilo":0,"dataHora":"20130320123437"},{"identificadorMovimento":"SM6175373","movimentoNacional":{"codigoNacional":51},"nivelSigilo":0,"dataHora":"20130319173813"},{"identificadorMovimento":"SM6175691","movimentoNacional":{"codigoNacional":12291},"nivelSigilo":0,"dataHora":"20130320123347"},{"identificadorMovimento":"SM5972216","movimentoNacional":{"codigoNacional":51},"nivelSigilo":0,"dataHora":"20121121174359"},{"identificadorMovimento":"SM5288647","movimentoNacional":{"codigoNacional":67},"nivelSigilo":0,"dataHora":"20120105142634"},{"identificadorMovimento":"SM6175099","movimentoNacional":{"codigoNacional":12065},"nivelSigilo":0,"dataHora":"20130319165115"},{"identificadorMovimento":"SM6221662","movimentoNacional":{"codigoNacional":60},"nivelSigilo":0,"dataHora":"20130423154918"},{"identificadorMovimento":"SM6044145","movimentoNacional":{"codigoNacional":60},"nivelSigilo":0,"dataHora":"20121219134516"},{"identificadorMovimento":"SM6044149","movimentoNacional":{"codigoNacional":12274},"nivelSigilo":0,"dataHora":"20121219134600"},{"identificadorMovimento":"SMU63582008","movimentoNacional":{"codigoNacional":981},"nivelSigilo":0,"dataHora":"20080423000000"},{"identificadorMovimento":"SM7618286","movimentoNacional":{"codigoNacional":493},"nivelSigilo":0,"dataHora":"20150204175724"},{"identificadorMovimento":"SM7618275","movimentoNacional":{"codigoNacional":132},"nivelSigilo":0,"dataHora":"20150204175447"},{"identificadorMovimento":"SM7618270","movimentoNacional":{"codigoNacional":51},"nivelSigilo":0,"dataHora":"20150204175412"},{"identificadorMovimento":"SM7618277","movimentoNacional":{"codigoNacional":123},"nivelSigilo":0,"dataHora":"20150204175520"},{"identificadorMovimento":"SM7975450","movimentoNacional":{"codigoNacional":132},"nivelSigilo":0,"dataHora":"20150624134409"},{"identificadorMovimento":"SM8083893","movimentoNacional":{"codigoNacional":51},"nivelSigilo":0,"dataHora":"20150729200522"},{"identificadorMovimento":"SM8121669","movimentoNacional":{"codigoNacional":67},"nivelSigilo":0,"dataHora":"20150813174316"},{"identificadorMovimento":"SM8262866","movimentoNacional":{"codigoNacional":132},"nivelSigilo":0,"dataHora":"20150916160453"},{"identificadorMovimento":"SM8262864","movimentoNacional":{"codigoNacional":51},"nivelSigilo":0,"dataHora":"20150916160421"},{"identificadorMovimento":"SM8499967","movimentoNacional":{"codigoNacional":67},"nivelSigilo":0,"dataHora":"20160115130947"},{"identificadorMovimento":"SM8499968","movimentoNacional":{"codigoNacional":51},"nivelSigilo":0,"dataHora":"20160115130955"},{"identificadorMovimento":"SM8558265","movimentoNacional":{"codigoNacional":60},"nivelSigilo":0,"dataHora":"20160223152605"},{"identificadorMovimento":"SM8557299","movimentoNacional":{"codigoNacional":60},"nivelSigilo":0,"dataHora":"20160223132757"},{"identificadorMovimento":"SM8558262","movimentoNacional":{"codigoNacional":132},"nivelSigilo":0,"dataHora":"20160223152529"},{"identificadorMovimento":"SM8557294","movimentoNacional":{"codigoNacional":132},"nivelSigilo":0,"dataHora":"20160223132526"},{"identificadorMovimento":"SM8557297","movimentoNacional":{"codigoNacional":123},"nivelSigilo":0,"dataHora":"20160223132613"},{"identificadorMovimento":"SM8612137","movimentoNacional":{"codigoNacional":132},"nivelSigilo":0,"dataHora":"20160328160924"},{"identificadorMovimento":"SM8612139","movimentoNacional":{"codigoNacional":67},"nivelSigilo":0,"dataHora":"20160328160956"},{"identificadorMovimento":"SM8660210","movimentoNacional":{"codigoNacional":493},"nivelSigilo":0,"dataHora":"20160419160456"},{"identificadorMovimento":"SM8660209","movimentoNacional":{"codigoNacional":132},"nivelSigilo":0,"dataHora":"20160419160444"},{"identificadorMovimento":"SM8660208","movimentoNacional":{"codigoNacional":51},"nivelSigilo":0,"dataHora":"20160419160436"},{"identificadorMovimento":"SM8704379","movimentoNacional":{"codigoNacional":132},"nivelSigilo":0,"dataHora":"20160516161315"},{"identificadorMovimento":"SM8704381","movimentoNacional":{"codigoNacional":51},"nivelSigilo":0,"dataHora":"20160516161326"},{"identificadorMovimento":"SM8778592","movimentoNacional":{"codigoNacional":132},"nivelSigilo":0,"dataHora":"20160630124346"},{"identificadorMovimento":"SM8858459","movimentoNacional":{"codigoNacional":67},"nivelSigilo":0,"dataHora":"20160728162919"},{"identificadorMovimento":"SM8807531","movimentoNacional":{"codigoNacional":67},"nivelSigilo":0,"dataHora":"20160715132016"},{"identificadorMovimento":"SM8858577","movimentoNacional":{"codigoNacional":51},"nivelSigilo":0,"dataHora":"20160728164248"},{"identificadorMovimento":"SM8915316","movimentoNacional":{"codigoNacional":60},"nivelSigilo":0,"dataHora":"20160830124402"},{"identificadorMovimento":"SM8915310","movimentoNacional":{"codigoNacional":60},"nivelSigilo":0,"dataHora":"20160830124222"},{"identificadorMovimento":"SM8915314","movimentoNacional":{"codigoNacional":132},"nivelSigilo":0,"dataHora":"20160830124311"},{"identificadorMovimento":"SM8913633","movimentoNacional":{"codigoNacional":67},"nivelSigilo":0,"dataHora":"20160829153209"},{"identificadorMovimento":"SM8872730","movimentoNacional":{"codigoNacional":67},"nivelSigilo":0,"dataHora":"20160805131143"},{"identificadorMovimento":"SM8872728","movimentoNacional":{"codigoNacional":132},"nivelSigilo":0,"dataHora":"20160805131056"},{"identificadorMovimento":"SM8948065","movimentoNacional":{"codigoNacional":132},"nivelSigilo":0,"dataHora":"20160916155425"},{"identificadorMovimento":"SM8948066","movimentoNacional":{"codigoNacional":51},"nivelSigilo":0,"dataHora":"20160916155438"},{"identificadorMovimento":"SM9004998","movimentoNacional":{"codigoNacional":67},"nivelSigilo":0,"dataHora":"20161028152958"},{"identificadorMovimento":"SM9004980","movimentoNacional":{"codigoNacional":67},"nivelSigilo":0,"dataHora":"20161028152736"},{"identificadorMovimento":"SM9004973","movimentoNacional":{"codigoNacional":132},"nivelSigilo":0,"dataHora":"20161028152702"},{"identificadorMovimento":"SM8982537","movimentoNacional":{"codigoNacional":132},"nivelSigilo":0,"dataHora":"20161013130426"},{"identificadorMovimento":"SM8985506","movimentoNacional":{"codigoNacional":60},"nivelSigilo":0,"dataHora":"20161014165115"},{"identificadorMovimento":"SM8985516","movimentoNacional":{"codigoNacional":51},"nivelSigilo":0,"dataHora":"20161014165302"},{"identificadorMovimento":"SM9036364","movimentoNacional":{"codigoNacional":493},"nivelSigilo":0,"dataHora":"20161124184536"},{"identificadorMovimento":"SM9016931","movimentoNacional":{"codigoNacional":60},"nivelSigilo":0,"dataHora":"20161109132746"},{"identificadorMovimento":"SM9044842","movimentoNacional":{"codigoNacional":132},"nivelSigilo":0,"dataHora":"20161130165557"},{"identificadorMovimento":"SM9036359","movimentoNacional":{"codigoNacional":132},"nivelSigilo":0,"dataHora":"20161124183947"},{"identificadorMovimento":"SM9036360","movimentoNacional":{"codigoNacional":67},"nivelSigilo":0,"dataHora":"20161124184018"},{"identificadorMovimento":"SM9064845","movimentoNacional":{"codigoNacional":493},"nivelSigilo":0,"dataHora":"20161214154916"},{"identificadorMovimento":"SM9071095","movimentoNacional":{"codigoNacional":132},"nivelSigilo":0,"dataHora":"20161219155149"},{"identificadorMovimento":"SM9060077","movimentoNacional":{"codigoNacional":67},"nivelSigilo":0,"dataHora":"20161209171407"},{"identificadorMovimento":"SM9059853","movimentoNacional":{"codigoNacional":67},"nivelSigilo":0,"dataHora":"20161209163959"},{"identificadorMovimento":"SM9059851","movimentoNacional":{"codigoNacional":67},"nivelSigilo":0,"dataHora":"20161209163959"},{"identificadorMovimento":"SM9059154","movimentoNacional":{"codigoNacional":67},"nivelSigilo":0,"dataHora":"20161209143050"},{"identificadorMovimento":"SM9047598","movimentoNacional":{"codigoNacional":67},"nivelSigilo":0,"dataHora":"20161201160459"},{"identificadorMovimento":"SM9071273","movimentoNacional":{"codigoNacional":51},"nivelSigilo":0,"dataHora":"20161219165929"},{"identificadorMovimento":"SM9047618","movimentoNacional":{"codigoNacional":51},"nivelSigilo":0,"dataHora":"20161201160556"},{"identificadorMovimento":"SM9092460","movimentoNacional":{"codigoNacional":493},"nivelSigilo":0,"dataHora":"20170119171449"},{"identificadorMovimento":"SM9092367","movimentoNacional":{"codigoNacional":67},"nivelSigilo":0,"dataHora":"20170119164424"},{"identificadorMovimento":"SM9092365","movimentoNacional":{"codigoNacional":67},"nivelSigilo":0,"dataHora":"20170119164359"},{"identificadorMovimento":"SM9092368","movimentoNacional":{"codigoNacional":67},"nivelSigilo":0,"dataHora":"20170119164526"},{"identificadorMovimento":"SM9092373","movimentoNacional":{"codigoNacional":51},"nivelSigilo":0,"dataHora":"20170119164707"},{"identificadorMovimento":"SM9108089","movimentoNacional":{"codigoNacional":132},"nivelSigilo":0,"dataHora":"20170202152211"},{"identificadorMovimento":"SM9142322","movimentoNacional":{"codigoNacional":67},"nivelSigilo":0,"dataHora":"20170215141426"},{"identificadorMovimento":"SM9142319","movimentoNacional":{"codigoNacional":132},"nivelSigilo":0,"dataHora":"20170215141355"},{"identificadorMovimento":"SM9142325","movimentoNacional":{"codigoNacional":51},"nivelSigilo":0,"dataHora":"20170215141505"},{"identificadorMovimento":"SM9108099","movimentoNacional":{"codigoNacional":51},"nivelSigilo":0,"dataHora":"20170202152222"},{"identificadorMovimento":"SM9144775","movimentoNacional":{"codigoNacional":12274},"nivelSigilo":0,"dataHora":"20170216133319"},{"identificadorMovimento":"SM9409480","movimentoNacional":{"codigoNacional":493},"nivelSigilo":0,"dataHora":"20170626132436"},{"identificadorMovimento":"SM9407401","movimentoNacional":{"codigoNacional":12065},"nivelSigilo":0,"dataHora":"20170623121648"},{"identificadorMovimento":"SM9468920","movimentoNacional":{"codigoNacional":132},"nivelSigilo":0,"dataHora":"20170725160231"},{"identificadorMovimento":"SM9468921","movimentoNacional":{"codigoNacional":51},"nivelSigilo":0,"dataHora":"20170725160251"},{"identificadorMovimento":"SM9502297","movimentoNacional":{"codigoNacional":12274},"nivelSigilo":0,"dataHora":"20170804145055"},{"identificadorMovimento":"SM10266122","movimentoNacional":{"codigoNacional":67},"nivelSigilo":0,"dataHora":"20181126173053"},{"identificadorMovimento":"SM10269688","movimentoNacional":{"codigoNacional":60},"nivelSigilo":0,"dataHora":"20181128170959"},{"identificadorMovimento":"SM10266200","movimentoNacional":{"codigoNacional":51},"nivelSigilo":0,"dataHora":"20181126182208"},{"identificadorMovimento":"SM10266124","movimentoNacional":{"codigoNacional":12065},"nivelSigilo":0,"dataHora":"20181126173148"},{"identificadorMovimento":"SM10283445","movimentoNacional":{"codigoNacional":493},"nivelSigilo":0,"dataHora":"20181206162931"},{"identificadorMovimento":"SM10283410","movimentoNacional":{"codigoNacional":67},"nivelSigilo":0,"dataHora":"20181206162409"},{"identificadorMovimento":"SM10308215","movimentoNacional":{"codigoNacional":132},"nivelSigilo":0,"dataHora":"20190110163245"},{"identificadorMovimento":"SM10321918","movimentoNacional":{"codigoNacional":132},"nivelSigilo":0,"dataHora":"20190123140438"},{"identificadorMovimento":"SM10323338","movimentoNacional":{"codigoNacional":67},"nivelSigilo":0,"dataHora":"20190124124012"},{"identificadorMovimento":"SM10308216","movimentoNacional":{"codigoNacional":51},"nivelSigilo":0,"dataHora":"20190110163256"},{"identificadorMovimento":"SM10321919","movimentoNacional":{"codigoNacional":123},"nivelSigilo":0,"dataHora":"20190123140510"},{"identificadorMovimento":"SM10324276","movimentoNacional":{"codigoNacional":12274},"nivelSigilo":0,"dataHora":"20190124152235"},{"identificadorMovimento":"SM10381988","movimentoNacional":{"codigoNacional":132},"nivelSigilo":0,"dataHora":"20190412172441"},{"identificadorMovimento":"SM10387907","movimentoNacional":{"codigoNacional":132},"nivelSigilo":0,"dataHora":"20190429164332"},{"identificadorMovimento":"SM10384942","movimentoNacional":{"codigoNacional":67},"nivelSigilo":0,"dataHora":"20190422184012"},{"identificadorMovimento":"SM10376302","movimentoNacional":{"codigoNacional":51},"nivelSigilo":0,"dataHora":"20190403145629"},{"identificadorMovimento":"SM10384996","movimentoNacional":{"codigoNacional":51},"nivelSigilo":0,"dataHora":"20190423113101"},{"identificadorMovimento":"SM10376301","movimentoNacional":{"codigoNacional":12065},"nivelSigilo":0,"dataHora":"20190403145616"},{"identificadorMovimento":"SM10399932","movimentoNacional":{"codigoNacional":493},"nivelSigilo":0,"dataHora":"20190520171827"},{"identificadorMovimento":"SM10396429","movimentoNacional":{"codigoNacional":493},"nivelSigilo":0,"dataHora":"20190515165013"},{"identificadorMovimento":"SM10402454","movimentoNacional":{"codigoNacional":132},"nivelSigilo":0,"dataHora":"20190523152015"},{"identificadorMovimento":"SM10399925","movimentoNacional":{"codigoNacional":132},"nivelSigilo":0,"dataHora":"20190520171700"},{"identificadorMovimento":"SM10402458","movimentoNacional":{"codigoNacional":67},"nivelSigilo":0,"dataHora":"20190523152037"},{"identificadorMovimento":"SM10394553","movimentoNacional":{"codigoNacional":67},"nivelSigilo":0,"dataHora":"20190513132808"},{"identificadorMovimento":"SM10407558","movimentoNacional":{"codigoNacional":132},"nivelSigilo":0,"dataHora":"20190530151259"},{"identificadorMovimento":"SM10396428","movimentoNacional":{"codigoNacional":132},"nivelSigilo":0,"dataHora":"20190515164948"},{"identificadorMovimento":"SM10402468","movimentoNacional":{"codigoNacional":51},"nivelSigilo":0,"dataHora":"20190523152441"},{"identificadorMovimento":"SM10394554","movimentoNacional":{"codigoNacional":51},"nivelSigilo":0,"dataHora":"20190513132906"},{"identificadorMovimento":"SD100362","movimentoNacional":{"codigoNacional":11411},"nivelSigilo":0,"dataHora":"20190528000000"},{"identificadorMovimento":"SM10410209","movimentoNacional":{"codigoNacional":493},"nivelSigilo":0,"dataHora":"20190604130316"},{"identificadorMovimento":"SM10414846","movimentoNacional":{"codigoNacional":132},"nivelSigilo":0,"dataHora":"20190611174248"},{"identificadorMovimento":"SM10414871","movimentoNacional":{"codigoNacional":67},"nivelSigilo":0,"dataHora":"20190611180034"},{"identificadorMovimento":"SM10417137","movimentoNacional":{"codigoNacional":67},"nivelSigilo":0,"dataHora":"20190614180301"},{"identificadorMovimento":"SM10410208","movimentoNacional":{"codigoNacional":67},"nivelSigilo":0,"dataHora":"20190604130259"},{"identificadorMovimento":"SM10416910","movimentoNacional":{"codigoNacional":12291},"nivelSigilo":0,"dataHora":"20190614132333"},{"identificadorMovimento":"SW63582008","movimentoNacional":{"codigoNacional":22},"nivelSigilo":0,"dataHora":"20190620000000"}],"grau":"G1"},{"millisInsercao":1597439049435,"dadosBasicos":{"assunto":[{"principal":false,"codigoNacional":11428}],"dscSistema":"8","numero":"00003840420106070003","procEl":2,"dataAjuizamento":"20080508125517","totalAssuntos":1,"classeProcessual":11528,"nivelSigilo":0,"orgaoJulgador":{"nomeOrgao":"CARTORIO DA 3. ZONA ELEITORAL","codigoMunicipioIBGE":5300108,"codigoOrgao":14569,"instancia":"ORIG"},"codigoLocalidade":"53"},"siglaTribunal":"TRE-DF","movimento":[{"identificadorMovimento":"SM6207755","movimentoNacional":{"codigoNacional":60},"nivelSigilo":0,"dataHora":"20130412125431"},{"identificadorMovimento":"SM6140473","movimentoNacional":{"codigoNacional":60},"nivelSigilo":0,"dataHora":"20130228135320"},{"identificadorMovimento":"SM5899457","movimentoNacional":{"codigoNacional":60},"nivelSigilo":0,"dataHora":"20121019120505"},{"identificadorMovimento":"SM5844849","movimentoNacional":{"codigoNacional":60},"nivelSigilo":0,"dataHora":"20120926132747"},{"identificadorMovimento":"SM5686529","movimentoNacional":{"codigoNacional":60},"nivelSigilo":0,"dataHora":"20120727131220"},{"identificadorMovimento":"SM5414687","movimentoNacional":{"codigoNacional":60},"nivelSigilo":0,"dataHora":"20120306174414"},{"identificadorMovimento":"SM6212339","movimentoNacional":{"codigoNacional":132},"nivelSigilo":0,"dataHora":"20130416163313"},{"identificadorMovimento":"SM6149072","movimentoNacional":{"codigoNacional":132},"nivelSigilo":0,"dataHora":"20130305151941"},{"identificadorMovimento":"SM5958202","movimentoNacional":{"codigoNacional":132},"nivelSigilo":0,"dataHora":"20121116151924"},{"identificadorMovimento":"SM5884293","movimentoNacional":{"codigoNacional":132},"nivelSigilo":0,"dataHora":"20121015131800"},{"identificadorMovimento":"SM5702255","movimentoNacional":{"codigoNacional":132},"nivelSigilo":0,"dataHora":"20120802164903"},{"identificadorMovimento":"SM5681327","movimentoNacional":{"codigoNacional":132},"nivelSigilo":0,"dataHora":"20120725164153"},{"identificadorMovimento":"SM5413211","movimentoNacional":{"codigoNacional":132},"nivelSigilo":0,"dataHora":"20120306141550"},{"identificadorMovimento":"SM6476623","movimentoNacional":{"codigoNacional":67},"nivelSigilo":0,"dataHora":"20130918095648"},{"identificadorMovimento":"SM6410405","movimentoNacional":{"codigoNacional":67},"nivelSigilo":0,"dataHora":"20130820154801"},{"identificadorMovimento":"SM6363067","movimentoNacional":{"codigoNacional":67},"nivelSigilo":0,"dataHora":"20130724133412"},{"identificadorMovimento":"SM6316983","movimentoNacional":{"codigoNacional":67},"nivelSigilo":0,"dataHora":"20130620155238"},{"identificadorMovimento":"SM6212379","movimentoNacional":{"codigoNacional":67},"nivelSigilo":0,"dataHora":"20130416164357"},{"identificadorMovimento":"SM6057622","movimentoNacional":{"codigoNacional":67},"nivelSigilo":0,"dataHora":"20130108135717"},{"identificadorMovimento":"SM6057616","movimentoNacional":{"codigoNacional":67},"nivelSigilo":0,"dataHora":"20130108135549"},{"identificadorMovimento":"SM5681370","movimentoNacional":{"codigoNacional":67},"nivelSigilo":0,"dataHora":"20120725164624"},{"identificadorMovimento":"SM6336139","movimentoNacional":{"codigoNacional":135},"nivelSigilo":0,"dataHora":"20130704085857"},{"identificadorMovimento":"SM6218690","movimentoNacional":{"codigoNacional":135},"nivelSigilo":0,"dataHora":"20130422124101"},{"identificadorMovimento":"SM5958208","movimentoNacional":{"codigoNacional":67},"nivelSigilo":0,"dataHora":"20121116151944"},{"identificadorMovimento":"SM6289709","movimentoNacional":{"codigoNacional":137},"nivelSigilo":0,"dataHora":"20130606102440"},{"identificadorMovimento":"SM5973421","movimentoNacional":{"codigoNacional":132},"nivelSigilo":0,"dataHora":"20121122125725"},{"identificadorMovimento":"SM5684953","movimentoNacional":{"codigoNacional":132},"nivelSigilo":0,"dataHora":"20120726163956"},{"identificadorMovimento":"SM6278605","movimentoNacional":{"codigoNacional":67},"nivelSigilo":0,"dataHora":"20130528173657"},{"identificadorMovimento":"SM6265538","movimentoNacional":{"codigoNacional":67},"nivelSigilo":0,"dataHora":"20130521155735"},{"identificadorMovimento":"SM6265533","movimentoNacional":{"codigoNacional":67},"nivelSigilo":0,"dataHora":"20130521155701"},{"identificadorMovimento":"SM6249432","movimentoNacional":{"codigoNacional":67},"nivelSigilo":0,"dataHora":"20130513151958"},{"identificadorMovimento":"SM6236264","movimentoNacional":{"codigoNacional":67},"nivelSigilo":0,"dataHora":"20130503162813"},{"identificadorMovimento":"SM6212891","movimentoNacional":{"codigoNacional":67},"nivelSigilo":0,"dataHora":"20130416182958"},{"identificadorMovimento":"SM6207747","movimentoNacional":{"codigoNacional":67},"nivelSigilo":0,"dataHora":"20130412125031"},{"identificadorMovimento":"SM6207743","movimentoNacional":{"codigoNacional":67},"nivelSigilo":0,"dataHora":"20130412124809"},{"identificadorMovimento":"SM6029551","movimentoNacional":{"codigoNacional":67},"nivelSigilo":0,"dataHora":"20121212140841"},{"identificadorMovimento":"SM5973423","movimentoNacional":{"codigoNacional":67},"nivelSigilo":0,"dataHora":"20121122125821"},{"identificadorMovimento":"SM5884816","movimentoNacional":{"codigoNacional":67},"nivelSigilo":0,"dataHora":"20121015143155"},{"identificadorMovimento":"SM5844791","movimentoNacional":{"codigoNacional":67},"nivelSigilo":0,"dataHora":"20120926131411"},{"identificadorMovimento":"SM6363063","movimentoNacional":{"codigoNacional":67},"nivelSigilo":0,"dataHora":"20130724133322"},{"identificadorMovimento":"SM5702267","movimentoNacional":{"codigoNacional":67},"nivelSigilo":0,"dataHora":"20120802165023"},{"identificadorMovimento":"SM6167661","movimentoNacional":{"codigoNacional":132},"nivelSigilo":0,"dataHora":"20130314163950"},{"identificadorMovimento":"SM6087430","movimentoNacional":{"codigoNacional":67},"nivelSigilo":0,"dataHora":"20130125133108"},{"identificadorMovimento":"SM5705556","movimentoNacional":{"codigoNacional":67},"nivelSigilo":0,"dataHora":"20120803161101"},{"identificadorMovimento":"SM5681383","movimentoNacional":{"codigoNacional":132},"nivelSigilo":0,"dataHora":"20120725164929"},{"identificadorMovimento":"SM6249437","movimentoNacional":{"codigoNacional":51},"nivelSigilo":0,"dataHora":"20130513152011"},{"identificadorMovimento":"SM6236257","movimentoNacional":{"codigoNacional":51},"nivelSigilo":0,"dataHora":"20130503162700"},{"identificadorMovimento":"SM6156305","movimentoNacional":{"codigoNacional":51},"nivelSigilo":0,"dataHora":"20130308143215"},{"identificadorMovimento":"SM6078758","movimentoNacional":{"codigoNacional":51},"nivelSigilo":0,"dataHora":"20130121150047"},{"identificadorMovimento":"SM5899454","movimentoNacional":{"codigoNacional":51},"nivelSigilo":0,"dataHora":"20121019120419"},{"identificadorMovimento":"SM5884821","movimentoNacional":{"codigoNacional":51},"nivelSigilo":0,"dataHora":"20121015143209"},{"identificadorMovimento":"SM5844840","movimentoNacional":{"codigoNacional":51},"nivelSigilo":0,"dataHora":"20120926132651"},{"identificadorMovimento":"SM5414679","movimentoNacional":{"codigoNacional":493},"nivelSigilo":0,"dataHora":"20120306174330"},{"identificadorMovimento":"SM6080141","movimentoNacional":{"codigoNacional":67},"nivelSigilo":0,"dataHora":"20130122142038"},{"identificadorMovimento":"SM6236258","movimentoNacional":{"codigoNacional":132},"nivelSigilo":0,"dataHora":"20130503162714"},{"identificadorMovimento":"SM6078760","movimentoNacional":{"codigoNacional":132},"nivelSigilo":0,"dataHora":"20130121150108"},{"identificadorMovimento":"SM6257210","movimentoNacional":{"codigoNacional":132},"nivelSigilo":0,"dataHora":"20130516140440"},{"identificadorMovimento":"SM6140471","movimentoNacional":{"codigoNacional":132},"nivelSigilo":0,"dataHora":"20130228135254"},{"identificadorMovimento":"SM5899455","movimentoNacional":{"codigoNacional":132},"nivelSigilo":0,"dataHora":"20121019120436"},{"identificadorMovimento":"SM5888156","movimentoNacional":{"codigoNacional":132},"nivelSigilo":0,"dataHora":"20121016122907"},{"identificadorMovimento":"SM5844846","movimentoNacional":{"codigoNacional":132},"nivelSigilo":0,"dataHora":"20120926132721"},{"identificadorMovimento":"SM6207753","movimentoNacional":{"codigoNacional":493},"nivelSigilo":0,"dataHora":"20130412125328"},{"identificadorMovimento":"SM6140472","movimentoNacional":{"codigoNacional":493},"nivelSigilo":0,"dataHora":"20130228135301"},{"identificadorMovimento":"SM5899456","movimentoNacional":{"codigoNacional":493},"nivelSigilo":0,"dataHora":"20121019120443"},{"identificadorMovimento":"SM5844848","movimentoNacional":{"codigoNacional":493},"nivelSigilo":0,"dataHora":"20120926132730"},{"identificadorMovimento":"SM5686524","movimentoNacional":{"codigoNacional":493},"nivelSigilo":0,"dataHora":"20120727131147"},{"identificadorMovimento":"SM5681616","movimentoNacional":{"codigoNacional":51},"nivelSigilo":0,"dataHora":"20120725171344"},{"identificadorMovimento":"SM6363062","movimentoNacional":{"codigoNacional":12065},"nivelSigilo":0,"dataHora":"20130724133255"},{"identificadorMovimento":"SM6207739","movimentoNacional":{"codigoNacional":12065},"nivelSigilo":0,"dataHora":"20130412124602"},{"identificadorMovimento":"SM6278614","movimentoNacional":{"codigoNacional":12274},"nivelSigilo":0,"dataHora":"20130528173850"},{"identificadorMovimento":"SM6181391","movimentoNacional":{"codigoNacional":12274},"nivelSigilo":0,"dataHora":"20130325130453"},{"identificadorMovimento":"SM5733402","movimentoNacional":{"codigoNacional":12274},"nivelSigilo":0,"dataHora":"20120815142902"},{"identificadorMovimento":"SM5705565","movimentoNacional":{"codigoNacional":12274},"nivelSigilo":0,"dataHora":"20120803161150"},{"identificadorMovimento":"SM5844789","movimentoNacional":{"codigoNacional":12065},"nivelSigilo":0,"dataHora":"20120926131331"},{"identificadorMovimento":"SM5733391","movimentoNacional":{"codigoNacional":12065},"nivelSigilo":0,"dataHora":"20120815142802"},{"identificadorMovimento":"SMU75922008","movimentoNacional":{"codigoNacional":981},"nivelSigilo":0,"dataHora":"20080508125517"}],"grau":"G1"},{"millisInsercao":1598466073335,"dadosBasicos":{"assunto":[{"principal":false,"codigoNacional":11428}],"dscSistema":"8","numero":"00003840420106070003","procEl":2,"dataAjuizamento":"20080508125517","totalAssuntos":1,"classeProcessual":11528,"nivelSigilo":0,"orgaoJulgador":{"nomeOrgao":"CARTORIO DA 3. ZONA ELEITORAL","codigoMunicipioIBGE":5300108,"codigoOrgao":14569,"instancia":"ORIG"},"codigoLocalidade":"53"},"siglaTribunal":"TRE-DF","movimento":[{"identificadorMovimento":"SM6207755","movimentoNacional":{"codigoNacional":60},"nivelSigilo":0,"dataHora":"20130412125431"},{"identificadorMovimento":"SM6140473","movimentoNacional":{"codigoNacional":60},"nivelSigilo":0,"dataHora":"20130228135320"},{"identificadorMovimento":"SM5899457","movimentoNacional":{"codigoNacional":60},"nivelSigilo":0,"dataHora":"20121019120505"},{"identificadorMovimento":"SM5844849","movimentoNacional":{"codigoNacional":60},"nivelSigilo":0,"dataHora":"20120926132747"},{"identificadorMovimento":"SM5686529","movimentoNacional":{"codigoNacional":60},"nivelSigilo":0,"dataHora":"20120727131220"},{"identificadorMovimento":"SM5414687","movimentoNacional":{"codigoNacional":60},"nivelSigilo":0,"dataHora":"20120306174414"},{"identificadorMovimento":"SM6212339","movimentoNacional":{"codigoNacional":132},"nivelSigilo":0,"dataHora":"20130416163313"},{"identificadorMovimento":"SM6149072","movimentoNacional":{"codigoNacional":132},"nivelSigilo":0,"dataHora":"20130305151941"},{"identificadorMovimento":"SM5958202","movimentoNacional":{"codigoNacional":132},"nivelSigilo":0,"dataHora":"20121116151924"},{"identificadorMovimento":"SM5884293","movimentoNacional":{"codigoNacional":132},"nivelSigilo":0,"dataHora":"20121015131800"},{"identificadorMovimento":"SM5702255","movimentoNacional":{"codigoNacional":132},"nivelSigilo":0,"dataHora":"20120802164903"},{"identificadorMovimento":"SM5681327","movimentoNacional":{"codigoNacional":132},"nivelSigilo":0,"dataHora":"20120725164153"},{"identificadorMovimento":"SM5413211","movimentoNacional":{"codigoNacional":132},"nivelSigilo":0,"dataHora":"20120306141550"},{"identificadorMovimento":"SM6476623","movimentoNacional":{"codigoNacional":67},"nivelSigilo":0,"dataHora":"20130918095648"},{"identificadorMovimento":"SM6410405","movimentoNacional":{"codigoNacional":67},"nivelSigilo":0,"dataHora":"20130820154801"},{"identificadorMovimento":"SM6363067","movimentoNacional":{"codigoNacional":67},"nivelSigilo":0,"dataHora":"20130724133412"},{"identificadorMovimento":"SM6316983","movimentoNacional":{"codigoNacional":67},"nivelSigilo":0,"dataHora":"20130620155238"},{"identificadorMovimento":"SM6212379","movimentoNacional":{"codigoNacional":67},"nivelSigilo":0,"dataHora":"20130416164357"},{"identificadorMovimento":"SM6057622","movimentoNacional":{"codigoNacional":67},"nivelSigilo":0,"dataHora":"20130108135717"},{"identificadorMovimento":"SM6057616","movimentoNacional":{"codigoNacional":67},"nivelSigilo":0,"dataHora":"20130108135549"},{"identificadorMovimento":"SM5681370","movimentoNacional":{"codigoNacional":67},"nivelSigilo":0,"dataHora":"20120725164624"},{"identificadorMovimento":"SM6336139","movimentoNacional":{"codigoNacional":135},"nivelSigilo":0,"dataHora":"20130704085857"},{"identificadorMovimento":"SM6218690","movimentoNacional":{"codigoNacional":135},"nivelSigilo":0,"dataHora":"20130422124101"},{"identificadorMovimento":"SM5958208","movimentoNacional":{"codigoNacional":67},"nivelSigilo":0,"dataHora":"20121116151944"},{"identificadorMovimento":"SM6289709","movimentoNacional":{"codigoNacional":137},"nivelSigilo":0,"dataHora":"20130606102440"},{"identificadorMovimento":"SM5973421","movimentoNacional":{"codigoNacional":132},"nivelSigilo":0,"dataHora":"20121122125725"},{"identificadorMovimento":"SM5684953","movimentoNacional":{"codigoNacional":132},"nivelSigilo":0,"dataHora":"20120726163956"},{"identificadorMovimento":"SM6278605","movimentoNacional":{"codigoNacional":67},"nivelSigilo":0,"dataHora":"20130528173657"},{"identificadorMovimento":"SM6265538","movimentoNacional":{"codigoNacional":67},"nivelSigilo":0,"dataHora":"20130521155735"},{"identificadorMovimento":"SM6265533","movimentoNacional":{"codigoNacional":67},"nivelSigilo":0,"dataHora":"20130521155701"},{"identificadorMovimento":"SM6249432","movimentoNacional":{"codigoNacional":67},"nivelSigilo":0,"dataHora":"20130513151958"},{"identificadorMovimento":"SM6236264","movimentoNacional":{"codigoNacional":67},"nivelSigilo":0,"dataHora":"20130503162813"},{"identificadorMovimento":"SM6212891","movimentoNacional":{"codigoNacional":67},"nivelSigilo":0,"dataHora":"20130416182958"},{"identificadorMovimento":"SM6207747","movimentoNacional":{"codigoNacional":67},"nivelSigilo":0,"dataHora":"20130412125031"},{"identificadorMovimento":"SM6207743","movimentoNacional":{"codigoNacional":67},"nivelSigilo":0,"dataHora":"20130412124809"},{"identificadorMovimento":"SM6029551","movimentoNacional":{"codigoNacional":67},"nivelSigilo":0,"dataHora":"20121212140841"},{"identificadorMovimento":"SM5973423","movimentoNacional":{"codigoNacional":67},"nivelSigilo":0,"dataHora":"20121122125821"},{"identificadorMovimento":"SM5884816","movimentoNacional":{"codigoNacional":67},"nivelSigilo":0,"dataHora":"20121015143155"},{"identificadorMovimento":"SM5844791","movimentoNacional":{"codigoNacional":67},"nivelSigilo":0,"dataHora":"20120926131411"},{"identificadorMovimento":"SM6363063","movimentoNacional":{"codigoNacional":67},"nivelSigilo":0,"dataHora":"20130724133322"},{"identificadorMovimento":"SM5702267","movimentoNacional":{"codigoNacional":67},"nivelSigilo":0,"dataHora":"20120802165023"},{"identificadorMovimento":"SM6167661","movimentoNacional":{"codigoNacional":132},"nivelSigilo":0,"dataHora":"20130314163950"},{"identificadorMovimento":"SM6087430","movimentoNacional":{"codigoNacional":67},"nivelSigilo":0,"dataHora":"20130125133108"},{"identificadorMovimento":"SM5705556","movimentoNacional":{"codigoNacional":67},"nivelSigilo":0,"dataHora":"20120803161101"},{"identificadorMovimento":"SM5681383","movimentoNacional":{"codigoNacional":132},"nivelSigilo":0,"dataHora":"20120725164929"},{"identificadorMovimento":"SM6249437","movimentoNacional":{"codigoNacional":51},"nivelSigilo":0,"dataHora":"20130513152011"},{"identificadorMovimento":"SM6236257","movimentoNacional":{"codigoNacional":51},"nivelSigilo":0,"dataHora":"20130503162700"},{"identificadorMovimento":"SM6156305","movimentoNacional":{"codigoNacional":51},"nivelSigilo":0,"dataHora":"20130308143215"},{"identificadorMovimento":"SM6078758","movimentoNacional":{"codigoNacional":51},"nivelSigilo":0,"dataHora":"20130121150047"},{"identificadorMovimento":"SM5899454","movimentoNacional":{"codigoNacional":51},"nivelSigilo":0,"dataHora":"20121019120419"},{"identificadorMovimento":"SM5884821","movimentoNacional":{"codigoNacional":51},"nivelSigilo":0,"dataHora":"20121015143209"},{"identificadorMovimento":"SM5844840","movimentoNacional":{"codigoNacional":51},"nivelSigilo":0,"dataHora":"20120926132651"},{"identificadorMovimento":"SM5414679","movimentoNacional":{"codigoNacional":493},"nivelSigilo":0,"dataHora":"20120306174330"},{"identificadorMovimento":"SM6080141","movimentoNacional":{"codigoNacional":67},"nivelSigilo":0,"dataHora":"20130122142038"},{"identificadorMovimento":"SM6236258","movimentoNacional":{"codigoNacional":132},"nivelSigilo":0,"dataHora":"20130503162714"},{"identificadorMovimento":"SM6078760","movimentoNacional":{"codigoNacional":132},"nivelSigilo":0,"dataHora":"20130121150108"},{"identificadorMovimento":"SM6257210","movimentoNacional":{"codigoNacional":132},"nivelSigilo":0,"dataHora":"20130516140440"},{"identificadorMovimento":"SM6140471","movimentoNacional":{"codigoNacional":132},"nivelSigilo":0,"dataHora":"20130228135254"},{"identificadorMovimento":"SM5899455","movimentoNacional":{"codigoNacional":132},"nivelSigilo":0,"dataHora":"20121019120436"},{"identificadorMovimento":"SM5888156","movimentoNacional":{"codigoNacional":132},"nivelSigilo":0,"dataHora":"20121016122907"},{"identificadorMovimento":"SM5844846","movimentoNacional":{"codigoNacional":132},"nivelSigilo":0,"dataHora":"20120926132721"},{"identificadorMovimento":"SM6207753","movimentoNacional":{"codigoNacional":493},"nivelSigilo":0,"dataHora":"20130412125328"},{"identificadorMovimento":"SM6140472","movimentoNacional":{"codigoNacional":493},"nivelSigilo":0,"dataHora":"20130228135301"},{"identificadorMovimento":"SM5899456","movimentoNacional":{"codigoNacional":493},"nivelSigilo":0,"dataHora":"20121019120443"},{"identificadorMovimento":"SM5844848","movimentoNacional":{"codigoNacional":493},"nivelSigilo":0,"dataHora":"20120926132730"},{"identificadorMovimento":"SM5686524","movimentoNacional":{"codigoNacional":493},"nivelSigilo":0,"dataHora":"20120727131147"},{"identificadorMovimento":"SM5681616","movimentoNacional":{"codigoNacional":51},"nivelSigilo":0,"dataHora":"20120725171344"},{"identificadorMovimento":"SM6363062","movimentoNacional":{"codigoNacional":12065},"nivelSigilo":0,"dataHora":"20130724133255"},{"identificadorMovimento":"SM6207739","movimentoNacional":{"codigoNacional":12065},"nivelSigilo":0,"dataHora":"20130412124602"},{"identificadorMovimento":"SM6278614","movimentoNacional":{"codigoNacional":12274},"nivelSigilo":0,"dataHora":"20130528173850"},{"identificadorMovimento":"SM6181391","movimentoNacional":{"codigoNacional":12274},"nivelSigilo":0,"dataHora":"20130325130453"},{"identificadorMovimento":"SM5733402","movimentoNacional":{"codigoNacional":12274},"nivelSigilo":0,"dataHora":"20120815142902"},{"identificadorMovimento":"SM5705565","movimentoNacional":{"codigoNacional":12274},"nivelSigilo":0,"dataHora":"20120803161150"},{"identificadorMovimento":"SM5844789","movimentoNacional":{"codigoNacional":12065},"nivelSigilo":0,"dataHora":"20120926131331"},{"identificadorMovimento":"SM5733391","movimentoNacional":{"codigoNacional":12065},"nivelSigilo":0,"dataHora":"20120815142802"},{"identificadorMovimento":"SMU75922008","movimentoNacional":{"codigoNacional":981},"nivelSigilo":0,"dataHora":"20080508125517"},{"identificadorMovimento":"SM7999500","movimentoNacional":{"codigoNacional":245},"nivelSigilo":0,"dataHora":"20150630151733"},{"identificadorMovimento":"SM7958803","movimentoNacional":{"codigoNacional":60},"nivelSigilo":0,"dataHora":"20150619144338"},{"identificadorMovimento":"SM7928632","movimentoNacional":{"codigoNacional":60},"nivelSigilo":0,"dataHora":"20150610171713"},{"identificadorMovimento":"SM7985476","movimentoNacional":{"codigoNacional":132},"nivelSigilo":0,"dataHora":"20150625124832"},{"identificadorMovimento":"SM7944846","movimentoNacional":{"codigoNacional":132},"nivelSigilo":0,"dataHora":"20150616173502"},{"identificadorMovimento":"SM7928627","movimentoNacional":{"codigoNacional":132},"nivelSigilo":0,"dataHora":"20150610171655"},{"identificadorMovimento":"SM7944848","movimentoNacional":{"codigoNacional":51},"nivelSigilo":0,"dataHora":"20150616173528"},{"identificadorMovimento":"SM7997948","movimentoNacional":{"codigoNacional":848},"nivelSigilo":0,"dataHora":"20150630125103"},{"identificadorMovimento":"SM7958801","movimentoNacional":{"codigoNacional":493},"nivelSigilo":0,"dataHora":"20150619144321"},{"identificadorMovimento":"SM7928628","movimentoNacional":{"codigoNacional":493},"nivelSigilo":0,"dataHora":"20150610171701"},{"identificadorMovimento":"SM7908333","movimentoNacional":{"codigoNacional":51},"nivelSigilo":0,"dataHora":"20150602130215"},{"identificadorMovimento":"SW75922008","movimentoNacional":{"codigoNacional":22},"nivelSigilo":0,"dataHora":"20150630125103"}],"grau":"G1"},{"millisInsercao":1600387067194,"dadosBasicos":{"assunto":[{"principal":true,"codigoNacional":11438}],"dscSistema":"1","numero":"86720106020086070004","procEl":1,"dataAjuizamento":"20081022000000","totalAssuntos":1,"classeProcessual":11528,"nivelSigilo":0,"orgaoJulgador":{"nomeOrgao":"CARTORIO DA 4. ZONA ELEITORAL","codigoMunicipioIBGE":5300108,"codigoOrgao":14570,"instancia":"ORIG"},"codigoLocalidade":"53"},"siglaTribunal":"TRE-DF","movimento":[{"identificadorMovimento":"SM5754413","movimentoNacional":{"codigoNacional":12274},"nivelSigilo":0,"dataHora":"20120823162021"},{"identificadorMovimento":"SM5674645","movimentoNacional":{"codigoNacional":12274},"nivelSigilo":0,"dataHora":"20120724141905"},{"identificadorMovimento":"SM5621254","movimentoNacional":{"codigoNacional":12274},"nivelSigilo":0,"dataHora":"20120629132621"},{"identificadorMovimento":"SM5754401","movimentoNacional":{"codigoNacional":12065},"nivelSigilo":0,"dataHora":"20120823161901"},{"identificadorMovimento":"SM5674641","movimentoNacional":{"codigoNacional":12065},"nivelSigilo":0,"dataHora":"20120724141824"},{"identificadorMovimento":"SMU211212008","movimentoNacional":{"codigoNacional":981},"nivelSigilo":0,"dataHora":"20081022000000"},{"identificadorMovimento":"SM8447615","movimentoNacional":{"codigoNacional":67},"nivelSigilo":0,"dataHora":"20151202141018"},{"identificadorMovimento":"SM8447579","movimentoNacional":{"codigoNacional":132},"nivelSigilo":0,"dataHora":"20151202140807"},{"identificadorMovimento":"SM8466154","movimentoNacional":{"codigoNacional":132},"nivelSigilo":0,"dataHora":"20151214162557"},{"identificadorMovimento":"SM8447542","movimentoNacional":{"codigoNacional":132},"nivelSigilo":0,"dataHora":"20151202140411"},{"identificadorMovimento":"SM8447616","movimentoNacional":{"codigoNacional":51},"nivelSigilo":0,"dataHora":"20151202141027"},{"identificadorMovimento":"SM8447578","movimentoNacional":{"codigoNacional":51},"nivelSigilo":0,"dataHora":"20151202140756"},{"identificadorMovimento":"SM8447543","movimentoNacional":{"codigoNacional":493},"nivelSigilo":0,"dataHora":"20151202140419"},{"identificadorMovimento":"SM8447532","movimentoNacional":{"codigoNacional":51},"nivelSigilo":0,"dataHora":"20151202140310"},{"identificadorMovimento":"SM8447572","movimentoNacional":{"codigoNacional":67},"nivelSigilo":0,"dataHora":"20151202140743"},{"identificadorMovimento":"SM8447394","movimentoNacional":{"codigoNacional":12065},"nivelSigilo":0,"dataHora":"20151202135245"},{"identificadorMovimento":"SM8570994","movimentoNacional":{"codigoNacional":67},"nivelSigilo":0,"dataHora":"20160229155339"},{"identificadorMovimento":"SM8570942","movimentoNacional":{"codigoNacional":67},"nivelSigilo":0,"dataHora":"20160229154303"},{"identificadorMovimento":"SM8577395","movimentoNacional":{"codigoNacional":132},"nivelSigilo":0,"dataHora":"20160303152852"},{"identificadorMovimento":"SM8574501","movimentoNacional":{"codigoNacional":51},"nivelSigilo":0,"dataHora":"20160302114130"},{"identificadorMovimento":"SM8632901","movimentoNacional":{"codigoNacional":60},"nivelSigilo":0,"dataHora":"20160406171430"},{"identificadorMovimento":"SM8656037","movimentoNacional":{"codigoNacional":132},"nivelSigilo":0,"dataHora":"20160415175509"},{"identificadorMovimento":"SM8632347","movimentoNacional":{"codigoNacional":135},"nivelSigilo":0,"dataHora":"20160406162310"},{"identificadorMovimento":"SM8662988","movimentoNacional":{"codigoNacional":132},"nivelSigilo":0,"dataHora":"20160420174821"},{"identificadorMovimento":"SM8656043","movimentoNacional":{"codigoNacional":132},"nivelSigilo":0,"dataHora":"20160415175610"},{"identificadorMovimento":"SM8662986","movimentoNacional":{"codigoNacional":51},"nivelSigilo":0,"dataHora":"20160420174816"},{"identificadorMovimento":"SM8632899","movimentoNacional":{"codigoNacional":493},"nivelSigilo":0,"dataHora":"20160406171412"},{"identificadorMovimento":"SM8656047","movimentoNacional":{"codigoNacional":67},"nivelSigilo":0,"dataHora":"20160415175621"},{"identificadorMovimento":"SM8789352","movimentoNacional":{"codigoNacional":25},"nivelSigilo":0,"dataHora":"20160706165832"},{"identificadorMovimento":"SM8789353","movimentoNacional":{"codigoNacional":12274},"nivelSigilo":0,"dataHora":"20160706165854"},{"identificadorMovimento":"SM8959266","movimentoNacional":{"codigoNacional":12274},"nivelSigilo":0,"dataHora":"20160926113048"},{"identificadorMovimento":"SM8959259","movimentoNacional":{"codigoNacional":12065},"nivelSigilo":0,"dataHora":"20160926112625"},{"identificadorMovimento":"SM9013841","movimentoNacional":{"codigoNacional":67},"nivelSigilo":0,"dataHora":"20161107180829"},{"identificadorMovimento":"SM9013886","movimentoNacional":{"codigoNacional":135},"nivelSigilo":0,"dataHora":"20161107181304"},{"identificadorMovimento":"SM9013763","movimentoNacional":{"codigoNacional":137},"nivelSigilo":0,"dataHora":"20161107175902"},{"identificadorMovimento":"SM9393648","movimentoNacional":{"codigoNacional":25},"nivelSigilo":0,"dataHora":"20170614134455"},{"identificadorMovimento":"SM10520442","movimentoNacional":{"codigoNacional":60},"nivelSigilo":0,"dataHora":"20191001150848"},{"identificadorMovimento":"SM10522947","movimentoNacional":{"codigoNacional":132},"nivelSigilo":0,"dataHora":"20191007122504"},{"identificadorMovimento":"SM10522948","movimentoNacional":{"codigoNacional":132},"nivelSigilo":0,"dataHora":"20191007122620"},{"identificadorMovimento":"SM10522949","movimentoNacional":{"codigoNacional":51},"nivelSigilo":0,"dataHora":"20191007122647"},{"identificadorMovimento":"SM10520437","movimentoNacional":{"codigoNacional":493},"nivelSigilo":0,"dataHora":"20191001150056"},{"identificadorMovimento":"SM10549608","movimentoNacional":{"codigoNacional":245},"nivelSigilo":0,"dataHora":"20191126160947"},{"identificadorMovimento":"SM10549603","movimentoNacional":{"codigoNacional":245},"nivelSigilo":0,"dataHora":"20191126155455"},{"identificadorMovimento":"SM10549606","movimentoNacional":{"codigoNacional":893},"nivelSigilo":0,"dataHora":"20191126160740"},{"identificadorMovimento":"SM10543896","movimentoNacional":{"codigoNacional":493},"nivelSigilo":0,"dataHora":"20191113124305"},{"identificadorMovimento":"SM10548778","movimentoNacional":{"codigoNacional":132},"nivelSigilo":0,"dataHora":"20191122144456"},{"identificadorMovimento":"SM10548782","movimentoNacional":{"codigoNacional":132},"nivelSigilo":0,"dataHora":"20191122145046"},{"identificadorMovimento":"SM10543133","movimentoNacional":{"codigoNacional":132},"nivelSigilo":0,"dataHora":"20191112154813"},{"identificadorMovimento":"SM10549607","movimentoNacional":{"codigoNacional":25},"nivelSigilo":0,"dataHora":"20191126160847"},{"identificadorMovimento":"SM10549225","movimentoNacional":{"codigoNacional":51},"nivelSigilo":0,"dataHora":"20191125155616"},{"identificadorMovimento":"SM10543134","movimentoNacional":{"codigoNacional":51},"nivelSigilo":0,"dataHora":"20191112155006"},{"identificadorMovimento":"SM10543290","movimentoNacional":{"codigoNacional":493},"nivelSigilo":0,"dataHora":"20191112174832"},{"identificadorMovimento":"SM10584321","movimentoNacional":{"codigoNacional":893},"nivelSigilo":0,"dataHora":"20200623143839"},{"identificadorMovimento":"SM10584324","movimentoNacional":{"codigoNacional":123},"nivelSigilo":0,"dataHora":"20200623144116"},{"identificadorMovimento":"ZM3692706","movimentoNacional":{"codigoNacional":132},"nivelSigilo":0,"dataHora":"20200827000000"},{"identificadorMovimento":"ZM3698314","movimentoNacional":{"codigoNacional":581},"nivelSigilo":0,"dataHora":"20200827000000"},{"identificadorMovimento":"ZM3771078","movimentoNacional":{"codigoNacional":60},"nivelSigilo":0,"dataHora":"20200831000000"},{"identificadorMovimento":"ZM3772580","movimentoNacional":{"codigoNacional":60},"nivelSigilo":0,"dataHora":"20200831000000"},{"identificadorMovimento":"ZMV8672010602008607000420200831000000","movimentoNacional":{"codigoNacional":493},"nivelSigilo":0,"dataHora":"20200831000000"},{"identificadorMovimento":"ZMU246535","movimentoNacional":{"codigoNacional":981},"nivelSigilo":0,"dataHora":"20081022000000"}],"grau":"G1"},{"millisInsercao":1597438500040,"dadosBasicos":{"assunto":[{"principal":false,"codigoNacional":11438},{"principal":false,"codigoNacional":11437},{"principal":false,"codigoNacional":11428},{"principal":false,"codigoNacional":11429}],"dscSistema":"8","numero":"86720106020086070004","procEl":2,"dataAjuizamento":"20081022142917","totalAssuntos":4,"classeProcessual":11528,"nivelSigilo":0,"orgaoJulgador":{"nomeOrgao":"CARTORIO DA 4. ZONA ELEITORAL","codigoMunicipioIBGE":5300108,"codigoOrgao":14570,"instancia":"ORIG"},"codigoLocalidade":"53"},"siglaTribunal":"TRE-DF","movimento":[{"identificadorMovimento":"SM5754413","movimentoNacional":{"codigoNacional":12274},"nivelSigilo":0,"dataHora":"20120823162021"},{"identificadorMovimento":"SM5674645","movimentoNacional":{"codigoNacional":12274},"nivelSigilo":0,"dataHora":"20120724141905"},{"identificadorMovimento":"SM5621254","movimentoNacional":{"codigoNacional":12274},"nivelSigilo":0,"dataHora":"20120629132621"},{"identificadorMovimento":"SM5754401","movimentoNacional":{"codigoNacional":12065},"nivelSigilo":0,"dataHora":"20120823161901"},{"identificadorMovimento":"SM5674641","movimentoNacional":{"codigoNacional":12065},"nivelSigilo":0,"dataHora":"20120724141824"},{"identificadorMovimento":"SMU211212008","movimentoNacional":{"codigoNacional":981},"nivelSigilo":0,"dataHora":"20081022142917"}],"grau":"G1"}]