[{"millisInsercao":1591797795009,"dadosBasicos":{"assunto":[{"codigoAssunto":83001,"codigoPaiNacional":0,"descricao":"ND"}],"numero":"00025049520208152002","dataAjuizamento":"20200501000000","totalAssuntos":2,"classeProcessual":12129,"nivelSigilo":0,"orgaoJulgador":{"nomeOrgao":"VARA DE EXECUCAO PENAL DE JOAO PESSOA","codigoMunicipioIBGE":0,"codigoOrgao":5577,"instancia":"ORIG"},"codigoLocalidade":"250750"},"siglaTribunal":"TJPB","movimento":[{"identificadorMovimento":"1","movimentoNacional":{"codigoNacional":26},"dataHora":"20200501000000"}],"grau":"G1"}]