[{"millisInsercao":1507729427673,"dadosBasicos":{"assunto":[{"principal":false,"assuntoLocal":{"codigoAssunto":5352,"codigoPaiNacional":864,"descricao":"Anota\u00e7\u00e3o \/ Baixa \/ Retifica\u00e7\u00e3o"}}],"numero":"00000392420175190009","dataAjuizamento":1484655804000,"classeProcessual":1125,"nivelSigilo":0,"orgaoJulgador":{"nomeOrgao":"1\u00aa Vara do Trabalho de Rondon\u00f3polis","codigoMunicipioIBGE":5107602,"codigoOrgao":"27386","instancia":"ORIG"},"codigoLocalidade":"2704302"},"siglaTribunal":"TRT23","grau":"G1","movimento":null},{"millisInsercao":1502383962306,"dadosBasicos":{"assunto":[{"principal":false,"codigoNacional":1888}],"numero":"00005793520175060009","dataAjuizamento":1493832831000,"classeProcessual":261,"nivelSigilo":0,"orgaoJulgador":{"nomeOrgao":"5\u00aa Vara do Trabalho de Cuiab\u00e1","codigoMunicipioIBGE":5103403,"codigoOrgao":"27381","instancia":"ORIG"},"codigoLocalidade":"2611606"},"siglaTribunal":"TRT23","grau":"G1","movimento":[{"movimentoLocal":{"codigoMovimento":50086,"codigoPaiNacional":48},"dataHora":"20130228093123"},{"movimentoNacional":{"codigoNacional":970},"dataHora":"20110714084400"},{"movimentoNacional":{"codigoNacional":118},"dataHora":"20120830164300"},{"movimentoNacional":{"codigoNacional":493},"dataHora":"20110914140753"},{"movimentoNacional":{"codigoNacional":60},"dataHora":"20120516093413"},{"movimentoLocal":{"codigoMovimento":50086,"codigoPaiNacional":48},"dataHora":"20120903141928"},{"movimentoNacional":{"codigoNacional":51},"dataHora":"20120117090520"},{"movimentoNacional":{"codigoNacional":85},"dataHora":"20120203082609"},{"movimentoNacional":{"codigoNacional":118},"dataHora":"20130218111300"},{"movimentoNacional":{"codigoNacional":970},"dataHora":"20110714084646"},{"movimentoNacional":{"codigoNacional":51},"dataHora":"20120627131550"},{"movimentoNacional":{"codigoNacional":132},"dataHora":"20110707112055"},{"movimentoNacional":{"codigoNacional":11010},"dataHora":"20130308144007"},{"movimentoNacional":{"codigoNacional":132},"dataHora":"20110922072817"},{"movimentoNacional":{"codigoNacional":118},"dataHora":"20111124155900"},{"movimentoNacional":{"codigoNacional":118},"dataHora":"20130227171200"},{"movimentoNacional":{"codigoNacional":123},"dataHora":"20130405085904"},{"movimentoNacional":{"codigoNacional":493},"dataHora":"20110707094130"},{"movimentoNacional":{"codigoNacional":493},"dataHora":"20111003090424"},{"movimentoNacional":{"codigoNacional":493},"dataHora":"20120123132430"},{"movimentoNacional":{"codigoNacional":60},"dataHora":"20120802082304"},{"movimentoNacional":{"codigoNacional":60},"dataHora":"20120904092119"},{"movimentoNacional":{"codigoNacional":581},"dataHora":"20121029075017"},{"movimentoNacional":{"codigoNacional":11010},"dataHora":"20130228093122"},{"movimentoNacional":{"codigoNacional":493},"dataHora":"20110914140655"},{"movimentoLocal":{"codigoMovimento":50086,"codigoPaiNacional":48},"dataHora":"20120703102625"},{"movimentoNacional":{"codigoNacional":970},"dataHora":"20110506110757"},{"movimentoNacional":{"codigoNacional":11020},"dataHora":"20120516091642"},{"movimentoNacional":{"codigoNacional":51},"dataHora":"20111025172333"},{"movimentoNacional":{"codigoNacional":970},"dataHora":"20111116130700"},{"movimentoLocal":{"codigoMovimento":50086,"codigoPaiNacional":48},"dataHora":"20120118092252"},{"movimentoLocal":{"codigoMovimento":50086,"codigoPaiNacional":48},"dataHora":"20111111124158"},{"movimentoNacional":{"codigoNacional":118},"dataHora":"20121015155600"},{"movimentoNacional":{"codigoNacional":60},"dataHora":"20120703114739"},{"movimentoNacional":{"codigoNacional":132},"dataHora":"20110914140722"},{"movimentoNacional":{"codigoNacional":11020},"dataHora":"20120118092251"},{"movimentoNacional":{"codigoNacional":970},"dataHora":"20120626081000"},{"movimentoNacional":{"codigoNacional":118},"dataHora":"20121030164400"},{"movimentoNacional":{"codigoNacional":118},"dataHora":"20110921163600"},{"movimentoNacional":{"codigoNacional":970},"dataHora":"20111004130509"},{"movimentoNacional":{"codigoNacional":51},"dataHora":"20130307123614"},{"movimentoNacional":{"codigoNacional":51},"dataHora":"20130226141700"},{"movimentoNacional":{"codigoNacional":132},"dataHora":"20120127113134"},{"movimentoNacional":{"codigoNacional":26},"dataHora":"20110506110757"},{"movimentoNacional":{"codigoNacional":123},"dataHora":"20120203084833"},{"movimentoNacional":{"codigoNacional":51},"dataHora":"20120509104353"},{"movimentoLocal":{"codigoMovimento":50086,"codigoPaiNacional":48},"dataHora":"20120516091643"},{"movimentoLocal":{"codigoMovimento":50086,"codigoPaiNacional":48},"dataHora":"20130308144008"},{"movimentoNacional":{"codigoNacional":118},"dataHora":"20110506110700"},{"movimentoNacional":{"codigoNacional":60},"dataHora":"20120816104911"},{"movimentoNacional":{"codigoNacional":581},"dataHora":"20121001091219"},{"movimentoNacional":{"codigoNacional":85},"dataHora":"20121017112550"},{"movimentoNacional":{"codigoNacional":85},"dataHora":"20120831094348"},{"movimentoNacional":{"codigoNacional":970},"dataHora":"20111004121600"},{"movimentoNacional":{"codigoNacional":11020},"dataHora":"20120703102624"},{"movimentoNacional":{"codigoNacional":221},"dataHora":"20111117142436"},{"movimentoNacional":{"codigoNacional":85},"dataHora":"20111129142512"},{"movimentoNacional":{"codigoNacional":85},"dataHora":"20121031103737"},{"movimentoNacional":{"codigoNacional":11020},"dataHora":"20120903141927"},{"movimentoNacional":{"codigoNacional":85},"dataHora":"20110923091149"},{"movimentoNacional":{"codigoNacional":60},"dataHora":"20120604162040"},{"movimentoNacional":{"codigoNacional":51},"dataHora":"20120831094401"},{"movimentoNacional":{"codigoNacional":132},"dataHora":"20111003094157"},{"movimentoNacional":{"codigoNacional":581},"dataHora":"20120604154555"},{"movimentoNacional":{"codigoNacional":118},"dataHora":"20120601143400"},{"movimentoNacional":{"codigoNacional":970},"dataHora":"20120604155832"},{"movimentoNacional":{"codigoNacional":11385},"dataHora":"20120703114504"},{"movimentoLocal":{"codigoMovimento":50057,"codigoPaiNacional":48},"dataHora":"20130125153100"},{"movimentoNacional":{"codigoNacional":60},"dataHora":"20120118092345"}]},{"millisInsercao":1531445759829,"dadosBasicos":{"assunto":[{"principal":false,"assuntoLocal":{"codigoAssunto":1844,"codigoPaiNacional":864,"descricao":"CTPS"}}],"numero":"02825922220178190001","dataAjuizamento":1509501600000,"classeProcessual":436,"nivelSigilo":0,"orgaoJulgador":{"nomeOrgao":"2\u00c2\u015e Vara do Trabalho de Sinop","codigoMunicipioIBGE":5107909,"codigoOrgao":"27391","instancia":"ORIG"},"codigoLocalidade":"3304557"},"siglaTribunal":"TRT23","grau":"G1","movimento":[{"movimentoLocal":{"codigoMovimento":50086,"codigoPaiNacional":48},"dataHora":"20110621100927"},{"movimentoNacional":{"codigoNacional":60},"dataHora":"20120507113204"},{"movimentoNacional":{"codigoNacional":118},"dataHora":"20110419102900"},{"movimentoNacional":{"codigoNacional":36},"dataHora":"20110105111835"},{"movimentoNacional":{"codigoNacional":51},"dataHora":"20110310145308"},{"movimentoNacional":{"codigoNacional":132},"dataHora":"20120717111546"},{"movimentoNacional":{"codigoNacional":51},"dataHora":"20120831095531"},{"movimentoNacional":{"codigoNacional":132},"dataHora":"20120830103615"},{"movimentoNacional":{"codigoNacional":51},"dataHora":"20110618090626"},{"movimentoNacional":{"codigoNacional":898},"dataHora":"20110120113058"},{"movimentoNacional":{"codigoNacional":11020},"dataHora":"20110621100926"},{"movimentoNacional":{"codigoNacional":60},"dataHora":"20110318110839"},{"movimentoNacional":{"codigoNacional":118},"dataHora":"20120717101100"},{"movimentoNacional":{"codigoNacional":493},"dataHora":"20110505113642"},{"movimentoNacional":{"codigoNacional":245},"dataHora":"20170501184556"},{"movimentoNacional":{"codigoNacional":60},"dataHora":"20120302090749"},{"movimentoLocal":{"codigoMovimento":50086,"codigoPaiNacional":48},"dataHora":"20120904102827"},{"movimentoNacional":{"codigoNacional":848},"dataHora":"20111207150519"},{"movimentoNacional":{"codigoNacional":60},"dataHora":"20120618131040"},{"movimentoLocal":{"codigoMovimento":50086,"codigoPaiNacional":48},"dataHora":"20120301160243"},{"movimentoNacional":{"codigoNacional":11020},"dataHora":"20120904102826"},{"movimentoNacional":{"codigoNacional":132},"dataHora":"20110513083538"},{"movimentoLocal":{"codigoMovimento":50086,"codigoPaiNacional":48},"dataHora":"20110315121445"},{"movimentoNacional":{"codigoNacional":132},"dataHora":"20120427121224"},{"movimentoNacional":{"codigoNacional":85},"dataHora":"20120717111554"},{"movimentoNacional":{"codigoNacional":11020},"dataHora":"20120720095824"},{"movimentoLocal":{"codigoMovimento":50086,"codigoPaiNacional":48},"dataHora":"20120503174418"},{"movimentoNacional":{"codigoNacional":493},"dataHora":"20120302115207"},{"movimentoNacional":{"codigoNacional":11020},"dataHora":"20110502150546"},{"movimentoLocal":{"codigoMovimento":50086,"codigoPaiNacional":48},"dataHora":"20120720095825"},{"movimentoLocal":{"codigoMovimento":50086,"codigoPaiNacional":48},"dataHora":"20110502150547"},{"movimentoNacional":{"codigoNacional":85},"dataHora":"20120830103626"},{"movimentoNacional":{"codigoNacional":51},"dataHora":"20120228075047"},{"movimentoNacional":{"codigoNacional":11020},"dataHora":"20120503174417"},{"movimentoNacional":{"codigoNacional":11020},"dataHora":"20120301160242"},{"movimentoNacional":{"codigoNacional":118},"dataHora":"20110105111100"},{"movimentoNacional":{"codigoNacional":898},"dataHora":"20110204101832"},{"movimentoLocal":{"codigoMovimento":50054,"codigoPaiNacional":48},"dataHora":"20110310145307"},{"movimentoNacional":{"codigoNacional":51},"dataHora":"20120718104527"},{"movimentoNacional":{"codigoNacional":51},"dataHora":"20110425093520"},{"movimentoNacional":{"codigoNacional":51},"dataHora":"20120430140604"},{"movimentoLocal":{"codigoMovimento":50033,"codigoPaiNacional":48},"dataHora":"20170501175847"},{"movimentoNacional":{"codigoNacional":11020},"dataHora":"20110315121444"},{"movimentoNacional":{"codigoNacional":60},"dataHora":"20120723133423"},{"movimentoNacional":{"codigoNacional":118},"dataHora":"20120830080900"},{"movimentoNacional":{"codigoNacional":11385},"dataHora":"20110120113025"},{"movimentoNacional":{"codigoNacional":493},"dataHora":"20120621075021"},{"movimentoNacional":{"codigoNacional":581},"dataHora":"20110419160754"},{"movimentoNacional":{"codigoNacional":493},"dataHora":"20120726074212"}]}]