[{"millisInsercao":1599315192028,"dadosBasicos":{"assunto":[{"principal":true,"codigoNacional":12338}],"dscSistema":"1","numero":"08005942120204058401","procEl":1,"dataAjuizamento":"20200518164648","totalAssuntos":1,"classeProcessual":12089,"nivelSigilo":0,"orgaoJulgador":{"nomeOrgao":"8\u00aa Vara Federal","codigoMunicipioIBGE":242408003,"codigoOrgao":12229,"instancia":"ORIG"},"codigoLocalidade":"405"},"siglaTribunal":"TRF5","movimento":[{"identificadorMovimento":"5754332","tipoResponsavelMovimento":0,"movimentoLocal":{"codigoMovimento":500023,"codigoPaiNacional":581},"nivelSigilo":0,"dataHora":"20200518164629"},{"identificadorMovimento":"5754333","tipoResponsavelMovimento":0,"movimentoNacional":{"codigoNacional":26},"nivelSigilo":0,"orgaoJulgador":{"nomeOrgao":"10\u00aa Vara Federal","codigoMunicipioIBGE":242408003,"codigoOrgao":13694,"instancia":"ORIG"},"dataHora":"20200518164649"},{"identificadorMovimento":"5754557","tipoResponsavelMovimento":0,"movimentoLocal":{"codigoMovimento":50146,"codigoPaiNacional":581},"nivelSigilo":0,"orgaoJulgador":{"nomeOrgao":"10\u00aa Vara Federal","codigoMunicipioIBGE":242408003,"codigoOrgao":13694,"instancia":"ORIG"},"dataHora":"20200518174006"},{"identificadorMovimento":"5754563","tipoResponsavelMovimento":0,"movimentoNacional":{"codigoNacional":36},"nivelSigilo":0,"orgaoJulgador":{"nomeOrgao":"8\u00aa Vara Federal","codigoMunicipioIBGE":242408003,"codigoOrgao":12229,"instancia":"ORIG"},"dataHora":"20200518174204"},{"identificadorMovimento":"5758552","tipoResponsavelMovimento":0,"movimentoNacional":{"codigoNacional":51},"orgaoJulgador":{"nomeOrgao":"8\u00aa Vara Federal","codigoMunicipioIBGE":242408003,"codigoOrgao":12229,"instancia":"ORIG"},"dataHora":"20200519104102"},{"identificadorMovimento":"5758600","tipoResponsavelMovimento":0,"movimentoNacional":{"codigoNacional":60},"nivelSigilo":0,"orgaoJulgador":{"nomeOrgao":"8\u00aa Vara Federal","codigoMunicipioIBGE":242408003,"codigoOrgao":12229,"instancia":"ORIG"},"dataHora":"20200519104757"},{"identificadorMovimento":"5771285","tipoResponsavelMovimento":0,"movimentoNacional":{"codigoNacional":51},"orgaoJulgador":{"nomeOrgao":"8\u00aa Vara Federal","codigoMunicipioIBGE":242408003,"codigoOrgao":12229,"instancia":"ORIG"},"dataHora":"20200521132527"},{"identificadorMovimento":"5771287","tipoResponsavelMovimento":0,"movimentoNacional":{"codigoNacional":60},"nivelSigilo":0,"orgaoJulgador":{"nomeOrgao":"8\u00aa Vara Federal","codigoMunicipioIBGE":242408003,"codigoOrgao":12229,"instancia":"ORIG"},"dataHora":"20200521132604"},{"identificadorMovimento":"5771289","tipoResponsavelMovimento":0,"movimentoNacional":{"codigoNacional":51},"orgaoJulgador":{"nomeOrgao":"8\u00aa Vara Federal","codigoMunicipioIBGE":242408003,"codigoOrgao":12229,"instancia":"ORIG"},"dataHora":"20200521132705"},{"identificadorMovimento":"5777758","tipoResponsavelMovimento":0,"movimentoLocal":{"codigoMovimento":50149,"codigoPaiNacional":581},"nivelSigilo":0,"orgaoJulgador":{"nomeOrgao":"8\u00aa Vara Federal","codigoMunicipioIBGE":242408003,"codigoOrgao":12229,"instancia":"ORIG"},"dataHora":"20200522113211"},{"identificadorMovimento":"5777897","tipoResponsavelMovimento":1,"movimentoNacional":{"codigoNacional":11010},"nivelSigilo":0,"orgaoJulgador":{"nomeOrgao":"8\u00aa Vara Federal","codigoMunicipioIBGE":242408003,"codigoOrgao":12229,"instancia":"ORIG"},"dataHora":"20200522120532"},{"identificadorMovimento":"5778233","tipoResponsavelMovimento":0,"movimentoLocal":{"codigoMovimento":500024,"codigoPaiNacional":85},"nivelSigilo":0,"orgaoJulgador":{"nomeOrgao":"8\u00aa Vara Federal","codigoMunicipioIBGE":242408003,"codigoOrgao":12229,"instancia":"ORIG"},"dataHora":"20200522125624"},{"identificadorMovimento":"5790116","tipoResponsavelMovimento":0,"movimentoNacional":{"codigoNacional":60},"nivelSigilo":0,"orgaoJulgador":{"nomeOrgao":"8\u00aa Vara Federal","codigoMunicipioIBGE":242408003,"codigoOrgao":12229,"instancia":"ORIG"},"dataHora":"20200525181327"},{"identificadorMovimento":"5790120","tipoResponsavelMovimento":0,"movimentoNacional":{"codigoNacional":60},"nivelSigilo":0,"orgaoJulgador":{"nomeOrgao":"8\u00aa Vara Federal","codigoMunicipioIBGE":242408003,"codigoOrgao":12229,"instancia":"ORIG"},"dataHora":"20200525181328"},{"identificadorMovimento":"5790123","tipoResponsavelMovimento":0,"movimentoNacional":{"codigoNacional":60},"nivelSigilo":0,"orgaoJulgador":{"nomeOrgao":"8\u00aa Vara Federal","codigoMunicipioIBGE":242408003,"codigoOrgao":12229,"instancia":"ORIG"},"dataHora":"20200525181329"},{"identificadorMovimento":"5790127","tipoResponsavelMovimento":0,"movimentoNacional":{"codigoNacional":60},"nivelSigilo":0,"orgaoJulgador":{"nomeOrgao":"8\u00aa Vara Federal","codigoMunicipioIBGE":242408003,"codigoOrgao":12229,"instancia":"ORIG"},"dataHora":"20200525181329"},{"identificadorMovimento":"5797541","tipoResponsavelMovimento":0,"movimentoLocal":{"codigoMovimento":50146,"codigoPaiNacional":581},"nivelSigilo":0,"orgaoJulgador":{"nomeOrgao":"8\u00aa Vara Federal","codigoMunicipioIBGE":242408003,"codigoOrgao":12229,"instancia":"ORIG"},"dataHora":"20200526170011"},{"identificadorMovimento":"5809257","tipoResponsavelMovimento":0,"movimentoLocal":{"codigoMovimento":50146,"codigoPaiNacional":581},"nivelSigilo":0,"orgaoJulgador":{"nomeOrgao":"8\u00aa Vara Federal","codigoMunicipioIBGE":242408003,"codigoOrgao":12229,"instancia":"ORIG"},"dataHora":"20200528142422"},{"identificadorMovimento":"5825395","tipoResponsavelMovimento":0,"movimentoLocal":{"codigoMovimento":50146,"codigoPaiNacional":581},"nivelSigilo":0,"orgaoJulgador":{"nomeOrgao":"8\u00aa Vara Federal","codigoMunicipioIBGE":242408003,"codigoOrgao":12229,"instancia":"ORIG"},"dataHora":"20200601153401"},{"identificadorMovimento":"5825464","tipoResponsavelMovimento":0,"movimentoLocal":{"codigoMovimento":50146,"codigoPaiNacional":581},"nivelSigilo":0,"orgaoJulgador":{"nomeOrgao":"8\u00aa Vara Federal","codigoMunicipioIBGE":242408003,"codigoOrgao":12229,"instancia":"ORIG"},"dataHora":"20200601154315"},{"identificadorMovimento":"5859728","tipoResponsavelMovimento":0,"movimentoLocal":{"codigoMovimento":50146,"codigoPaiNacional":581},"nivelSigilo":0,"orgaoJulgador":{"nomeOrgao":"8\u00aa Vara Federal","codigoMunicipioIBGE":242408003,"codigoOrgao":12229,"instancia":"ORIG"},"dataHora":"20200609163212"},{"identificadorMovimento":"5859782","tipoResponsavelMovimento":0,"movimentoNacional":{"codigoNacional":60},"nivelSigilo":0,"orgaoJulgador":{"nomeOrgao":"8\u00aa Vara Federal","codigoMunicipioIBGE":242408003,"codigoOrgao":12229,"instancia":"ORIG"},"dataHora":"20200609163512"},{"identificadorMovimento":"5876662","tipoResponsavelMovimento":0,"movimentoLocal":{"codigoMovimento":50149,"codigoPaiNacional":581},"nivelSigilo":0,"orgaoJulgador":{"nomeOrgao":"8\u00aa Vara Federal","codigoMunicipioIBGE":242408003,"codigoOrgao":12229,"instancia":"ORIG"},"dataHora":"20200615112735"},{"identificadorMovimento":"5913023","tipoResponsavelMovimento":0,"movimentoNacional":{"codigoNacional":51},"orgaoJulgador":{"nomeOrgao":"8\u00aa Vara Federal","codigoMunicipioIBGE":242408003,"codigoOrgao":12229,"instancia":"ORIG"},"dataHora":"20200623122236"},{"identificadorMovimento":"5923706","tipoResponsavelMovimento":1,"movimentoLocal":{"codigoMovimento":50004,"codigoPaiNacional":3},"nivelSigilo":0,"orgaoJulgador":{"nomeOrgao":"8\u00aa Vara Federal","codigoMunicipioIBGE":242408003,"codigoOrgao":12229,"instancia":"ORIG"},"dataHora":"20200625162129"},{"identificadorMovimento":"5943909","tipoResponsavelMovimento":0,"movimentoNacional":{"codigoNacional":60},"nivelSigilo":0,"orgaoJulgador":{"nomeOrgao":"8\u00aa Vara Federal","codigoMunicipioIBGE":242408003,"codigoOrgao":12229,"instancia":"ORIG"},"dataHora":"20200630144722"},{"identificadorMovimento":"5945090","tipoResponsavelMovimento":0,"movimentoLocal":{"codigoMovimento":50146,"codigoPaiNacional":581},"nivelSigilo":0,"orgaoJulgador":{"nomeOrgao":"8\u00aa Vara Federal","codigoMunicipioIBGE":242408003,"codigoOrgao":12229,"instancia":"ORIG"},"dataHora":"20200630173429"},{"identificadorMovimento":"5955791","tipoResponsavelMovimento":0,"movimentoLocal":{"codigoMovimento":50149,"codigoPaiNacional":581},"nivelSigilo":0,"orgaoJulgador":{"nomeOrgao":"8\u00aa Vara Federal","codigoMunicipioIBGE":242408003,"codigoOrgao":12229,"instancia":"ORIG"},"dataHora":"20200703092820"},{"identificadorMovimento":"6063646","tipoResponsavelMovimento":0,"movimentoLocal":{"codigoMovimento":50110,"codigoPaiNacional":85},"nivelSigilo":0,"orgaoJulgador":{"nomeOrgao":"8\u00aa Vara Federal","codigoMunicipioIBGE":242408003,"codigoOrgao":12229,"instancia":"ORIG"},"dataHora":"20200727103356"},{"identificadorMovimento":"6166225","tipoResponsavelMovimento":0,"movimentoLocal":{"codigoMovimento":50146,"codigoPaiNacional":581},"nivelSigilo":0,"orgaoJulgador":{"nomeOrgao":"8\u00aa Vara Federal","codigoMunicipioIBGE":242408003,"codigoOrgao":12229,"instancia":"ORIG"},"dataHora":"20200826155644"},{"identificadorMovimento":"6166227","tipoResponsavelMovimento":0,"movimentoLocal":{"codigoMovimento":50081,"codigoPaiNacional":48},"orgaoJulgador":{"nomeOrgao":"8\u00aa Vara Federal","codigoMunicipioIBGE":242408003,"codigoOrgao":12229,"instancia":"ORIG"},"dataHora":"20200826155807"},{"identificadorMovimento":"6166228","tipoResponsavelMovimento":0,"movimentoLocal":{"codigoMovimento":50081,"codigoPaiNacional":48},"orgaoJulgador":{"nomeOrgao":"8\u00aa Vara Federal","codigoMunicipioIBGE":242408003,"codigoOrgao":12229,"instancia":"ORIG"},"dataHora":"20200826155807"}],"grau":"G1"},{"millisInsercao":1599315354386,"dadosBasicos":{"assunto":[{"principal":true,"codigoNacional":12334}],"dscSistema":"1","numero":"08007077220204058401","procEl":1,"dataAjuizamento":"20200617170023","totalAssuntos":1,"classeProcessual":12089,"nivelSigilo":0,"orgaoJulgador":{"nomeOrgao":"8\u00aa Vara Federal","codigoMunicipioIBGE":242408003,"codigoOrgao":12229,"instancia":"ORIG"},"codigoLocalidade":"405"},"siglaTribunal":"TRF5","movimento":[{"identificadorMovimento":"5891276","tipoResponsavelMovimento":0,"movimentoLocal":{"codigoMovimento":500023,"codigoPaiNacional":581},"nivelSigilo":0,"dataHora":"20200617165953"},{"identificadorMovimento":"5891279","tipoResponsavelMovimento":0,"movimentoNacional":{"codigoNacional":26},"nivelSigilo":0,"orgaoJulgador":{"nomeOrgao":"8\u00aa Vara Federal","codigoMunicipioIBGE":242408003,"codigoOrgao":12229,"instancia":"ORIG"},"dataHora":"20200617170023"},{"identificadorMovimento":"5893210","tipoResponsavelMovimento":0,"movimentoNacional":{"codigoNacional":60},"nivelSigilo":0,"orgaoJulgador":{"nomeOrgao":"8\u00aa Vara Federal","codigoMunicipioIBGE":242408003,"codigoOrgao":12229,"instancia":"ORIG"},"dataHora":"20200618095638"},{"identificadorMovimento":"5907387","tipoResponsavelMovimento":0,"movimentoNacional":{"codigoNacional":51},"orgaoJulgador":{"nomeOrgao":"8\u00aa Vara Federal","codigoMunicipioIBGE":242408003,"codigoOrgao":12229,"instancia":"ORIG"},"dataHora":"20200622104911"},{"identificadorMovimento":"5914329","tipoResponsavelMovimento":1,"movimentoNacional":{"codigoNacional":11010},"nivelSigilo":0,"orgaoJulgador":{"nomeOrgao":"8\u00aa Vara Federal","codigoMunicipioIBGE":242408003,"codigoOrgao":12229,"instancia":"ORIG"},"dataHora":"20200623142142"},{"identificadorMovimento":"5914330","tipoResponsavelMovimento":0,"movimentoNacional":{"codigoNacional":60},"nivelSigilo":0,"orgaoJulgador":{"nomeOrgao":"8\u00aa Vara Federal","codigoMunicipioIBGE":242408003,"codigoOrgao":12229,"instancia":"ORIG"},"dataHora":"20200623142143"},{"identificadorMovimento":"5914331","tipoResponsavelMovimento":0,"movimentoNacional":{"codigoNacional":60},"nivelSigilo":0,"orgaoJulgador":{"nomeOrgao":"8\u00aa Vara Federal","codigoMunicipioIBGE":242408003,"codigoOrgao":12229,"instancia":"ORIG"},"dataHora":"20200623142143"},{"identificadorMovimento":"5928674","tipoResponsavelMovimento":0,"movimentoLocal":{"codigoMovimento":50149,"codigoPaiNacional":581},"nivelSigilo":0,"orgaoJulgador":{"nomeOrgao":"8\u00aa Vara Federal","codigoMunicipioIBGE":242408003,"codigoOrgao":12229,"instancia":"ORIG"},"dataHora":"20200626100612"},{"identificadorMovimento":"5932150","tipoResponsavelMovimento":0,"movimentoLocal":{"codigoMovimento":50110,"codigoPaiNacional":85},"nivelSigilo":0,"orgaoJulgador":{"nomeOrgao":"8\u00aa Vara Federal","codigoMunicipioIBGE":242408003,"codigoOrgao":12229,"instancia":"ORIG"},"dataHora":"20200626190139"},{"identificadorMovimento":"5943744","tipoResponsavelMovimento":0,"movimentoNacional":{"codigoNacional":60},"nivelSigilo":0,"orgaoJulgador":{"nomeOrgao":"8\u00aa Vara Federal","codigoMunicipioIBGE":242408003,"codigoOrgao":12229,"instancia":"ORIG"},"dataHora":"20200630141247"},{"identificadorMovimento":"6034217","tipoResponsavelMovimento":0,"movimentoLocal":{"codigoMovimento":50146,"codigoPaiNacional":581},"nivelSigilo":0,"orgaoJulgador":{"nomeOrgao":"8\u00aa Vara Federal","codigoMunicipioIBGE":242408003,"codigoOrgao":12229,"instancia":"ORIG"},"dataHora":"20200721140939"},{"identificadorMovimento":"6034267","tipoResponsavelMovimento":0,"movimentoNacional":{"codigoNacional":60},"nivelSigilo":0,"orgaoJulgador":{"nomeOrgao":"8\u00aa Vara Federal","codigoMunicipioIBGE":242408003,"codigoOrgao":12229,"instancia":"ORIG"},"dataHora":"20200721141512"},{"identificadorMovimento":"6034268","tipoResponsavelMovimento":0,"movimentoNacional":{"codigoNacional":60},"nivelSigilo":0,"orgaoJulgador":{"nomeOrgao":"8\u00aa Vara Federal","codigoMunicipioIBGE":242408003,"codigoOrgao":12229,"instancia":"ORIG"},"dataHora":"20200721141512"},{"identificadorMovimento":"6055978","tipoResponsavelMovimento":0,"movimentoLocal":{"codigoMovimento":50149,"codigoPaiNacional":581},"nivelSigilo":0,"orgaoJulgador":{"nomeOrgao":"8\u00aa Vara Federal","codigoMunicipioIBGE":242408003,"codigoOrgao":12229,"instancia":"ORIG"},"dataHora":"20200724090211"},{"identificadorMovimento":"6080648","tipoResponsavelMovimento":0,"movimentoLocal":{"codigoMovimento":50146,"codigoPaiNacional":581},"nivelSigilo":0,"orgaoJulgador":{"nomeOrgao":"8\u00aa Vara Federal","codigoMunicipioIBGE":242408003,"codigoOrgao":12229,"instancia":"ORIG"},"dataHora":"20200730184249"},{"identificadorMovimento":"6087643","tipoResponsavelMovimento":0,"movimentoNacional":{"codigoNacional":51},"orgaoJulgador":{"nomeOrgao":"8\u00aa Vara Federal","codigoMunicipioIBGE":242408003,"codigoOrgao":12229,"instancia":"ORIG"},"dataHora":"20200803075203"},{"identificadorMovimento":"6089308","tipoResponsavelMovimento":1,"movimentoNacional":{"codigoNacional":12164},"nivelSigilo":0,"orgaoJulgador":{"nomeOrgao":"8\u00aa Vara Federal","codigoMunicipioIBGE":242408003,"codigoOrgao":12229,"instancia":"ORIG"},"dataHora":"20200803122845"},{"identificadorMovimento":"6089549","tipoResponsavelMovimento":0,"movimentoNacional":{"codigoNacional":60},"nivelSigilo":0,"orgaoJulgador":{"nomeOrgao":"8\u00aa Vara Federal","codigoMunicipioIBGE":242408003,"codigoOrgao":12229,"instancia":"ORIG"},"dataHora":"20200803125458"},{"identificadorMovimento":"6089758","tipoResponsavelMovimento":0,"movimentoNacional":{"codigoNacional":60},"nivelSigilo":0,"orgaoJulgador":{"nomeOrgao":"8\u00aa Vara Federal","codigoMunicipioIBGE":242408003,"codigoOrgao":12229,"instancia":"ORIG"},"dataHora":"20200803134601"},{"identificadorMovimento":"6090127","tipoResponsavelMovimento":0,"movimentoLocal":{"codigoMovimento":50145,"codigoPaiNacional":581},"nivelSigilo":0,"orgaoJulgador":{"nomeOrgao":"8\u00aa Vara Federal","codigoMunicipioIBGE":242408003,"codigoOrgao":12229,"instancia":"ORIG"},"dataHora":"20200803150654"},{"identificadorMovimento":"6090333","tipoResponsavelMovimento":0,"movimentoLocal":{"codigoMovimento":50146,"codigoPaiNacional":581},"nivelSigilo":0,"orgaoJulgador":{"nomeOrgao":"8\u00aa Vara Federal","codigoMunicipioIBGE":242408003,"codigoOrgao":12229,"instancia":"ORIG"},"dataHora":"20200803154111"},{"identificadorMovimento":"6091286","tipoResponsavelMovimento":0,"movimentoLocal":{"codigoMovimento":50149,"codigoPaiNacional":581},"nivelSigilo":0,"orgaoJulgador":{"nomeOrgao":"8\u00aa Vara Federal","codigoMunicipioIBGE":242408003,"codigoOrgao":12229,"instancia":"ORIG"},"dataHora":"20200803191946"},{"identificadorMovimento":"6095734","tipoResponsavelMovimento":0,"movimentoNacional":{"codigoNacional":51},"orgaoJulgador":{"nomeOrgao":"8\u00aa Vara Federal","codigoMunicipioIBGE":242408003,"codigoOrgao":12229,"instancia":"ORIG"},"dataHora":"20200804155330"},{"identificadorMovimento":"6099233","tipoResponsavelMovimento":1,"movimentoNacional":{"codigoNacional":12164},"nivelSigilo":0,"orgaoJulgador":{"nomeOrgao":"8\u00aa Vara Federal","codigoMunicipioIBGE":242408003,"codigoOrgao":12229,"instancia":"ORIG"},"dataHora":"20200805163303"},{"identificadorMovimento":"6118756","tipoResponsavelMovimento":0,"movimentoNacional":{"codigoNacional":60},"nivelSigilo":0,"orgaoJulgador":{"nomeOrgao":"8\u00aa Vara Federal","codigoMunicipioIBGE":242408003,"codigoOrgao":12229,"instancia":"ORIG"},"dataHora":"20200812111020"},{"identificadorMovimento":"6119065","tipoResponsavelMovimento":0,"movimentoLocal":{"codigoMovimento":50146,"codigoPaiNacional":581},"nivelSigilo":0,"orgaoJulgador":{"nomeOrgao":"8\u00aa Vara Federal","codigoMunicipioIBGE":242408003,"codigoOrgao":12229,"instancia":"ORIG"},"dataHora":"20200812113601"},{"identificadorMovimento":"6119978","tipoResponsavelMovimento":0,"movimentoLocal":{"codigoMovimento":50146,"codigoPaiNacional":581},"nivelSigilo":0,"orgaoJulgador":{"nomeOrgao":"8\u00aa Vara Federal","codigoMunicipioIBGE":242408003,"codigoOrgao":12229,"instancia":"ORIG"},"dataHora":"20200812135025"},{"identificadorMovimento":"6127860","tipoResponsavelMovimento":0,"movimentoLocal":{"codigoMovimento":50149,"codigoPaiNacional":581},"nivelSigilo":0,"orgaoJulgador":{"nomeOrgao":"8\u00aa Vara Federal","codigoMunicipioIBGE":242408003,"codigoOrgao":12229,"instancia":"ORIG"},"dataHora":"20200814103239"},{"identificadorMovimento":"6142490","tipoResponsavelMovimento":0,"movimentoLocal":{"codigoMovimento":50146,"codigoPaiNacional":581},"nivelSigilo":0,"orgaoJulgador":{"nomeOrgao":"8\u00aa Vara Federal","codigoMunicipioIBGE":242408003,"codigoOrgao":12229,"instancia":"ORIG"},"dataHora":"20200819091704"}],"grau":"G1"},{"millisInsercao":1599270785029,"dadosBasicos":{"assunto":[{"principal":true,"codigoNacional":7792},{"principal":false,"codigoNacional":10907}],"dscSistema":"1","numero":"08073463920204058100","procEl":1,"dataAjuizamento":"20200630135617","totalAssuntos":2,"classeProcessual":1288,"nivelSigilo":0,"orgaoJulgador":{"nomeOrgao":"12\u00aa Vara Federal","codigoMunicipioIBGE":232304400,"codigoOrgao":12178,"instancia":"ORIG"},"codigoLocalidade":"405"},"siglaTribunal":"TRF5","movimento":[{"identificadorMovimento":"18657603","tipoResponsavelMovimento":0,"movimentoNacional":{"codigoNacional":26},"nivelSigilo":0,"orgaoJulgador":{"nomeOrgao":"12\u00aa Vara Federal","codigoMunicipioIBGE":232304400,"codigoOrgao":12178,"instancia":"ORIG"},"dataHora":"20200630135617"},{"identificadorMovimento":"18662464","tipoResponsavelMovimento":0,"movimentoNacional":{"codigoNacional":51},"orgaoJulgador":{"nomeOrgao":"12\u00aa Vara Federal","codigoMunicipioIBGE":232304400,"codigoOrgao":12178,"instancia":"ORIG"},"dataHora":"20200630222259"},{"identificadorMovimento":"18662903","tipoResponsavelMovimento":0,"movimentoLocal":{"codigoMovimento":50151,"codigoPaiNacional":581},"nivelSigilo":0,"orgaoJulgador":{"nomeOrgao":"12\u00aa Vara Federal","codigoMunicipioIBGE":232304400,"codigoOrgao":12178,"instancia":"ORIG"},"dataHora":"20200701000143"},{"identificadorMovimento":"18663771","tipoResponsavelMovimento":1,"movimentoNacional":{"codigoNacional":12164},"nivelSigilo":0,"orgaoJulgador":{"nomeOrgao":"12\u00aa Vara Federal","codigoMunicipioIBGE":232304400,"codigoOrgao":12178,"instancia":"ORIG"},"dataHora":"20200701095834"},{"identificadorMovimento":"18669226","tipoResponsavelMovimento":0,"movimentoNacional":{"codigoNacional":60},"nivelSigilo":0,"orgaoJulgador":{"nomeOrgao":"12\u00aa Vara Federal","codigoMunicipioIBGE":232304400,"codigoOrgao":12178,"instancia":"ORIG"},"dataHora":"20200701192529"},{"identificadorMovimento":"18674826","tipoResponsavelMovimento":0,"movimentoNacional":{"codigoNacional":60},"nivelSigilo":0,"orgaoJulgador":{"nomeOrgao":"12\u00aa Vara Federal","codigoMunicipioIBGE":232304400,"codigoOrgao":12178,"instancia":"ORIG"},"dataHora":"20200702171615"},{"identificadorMovimento":"18741699","tipoResponsavelMovimento":0,"movimentoLocal":{"codigoMovimento":50149,"codigoPaiNacional":581},"nivelSigilo":0,"orgaoJulgador":{"nomeOrgao":"12\u00aa Vara Federal","codigoMunicipioIBGE":232304400,"codigoOrgao":12178,"instancia":"ORIG"},"dataHora":"20200712000129"},{"identificadorMovimento":"18849216","tipoResponsavelMovimento":0,"movimentoLocal":{"codigoMovimento":50146,"codigoPaiNacional":581},"nivelSigilo":0,"orgaoJulgador":{"nomeOrgao":"12\u00aa Vara Federal","codigoMunicipioIBGE":232304400,"codigoOrgao":12178,"instancia":"ORIG"},"dataHora":"20200731114654"},{"identificadorMovimento":"18849274","tipoResponsavelMovimento":0,"movimentoNacional":{"codigoNacional":60},"nivelSigilo":0,"orgaoJulgador":{"nomeOrgao":"12\u00aa Vara Federal","codigoMunicipioIBGE":232304400,"codigoOrgao":12178,"instancia":"ORIG"},"dataHora":"20200731115517"},{"identificadorMovimento":"18878224","tipoResponsavelMovimento":0,"movimentoNacional":{"codigoNacional":51},"orgaoJulgador":{"nomeOrgao":"12\u00aa Vara Federal","codigoMunicipioIBGE":232304400,"codigoOrgao":12178,"instancia":"ORIG"},"dataHora":"20200806114434"},{"identificadorMovimento":"18921111","tipoResponsavelMovimento":1,"movimentoNacional":{"codigoNacional":12164},"nivelSigilo":0,"orgaoJulgador":{"nomeOrgao":"12\u00aa Vara Federal","codigoMunicipioIBGE":232304400,"codigoOrgao":12178,"instancia":"ORIG"},"dataHora":"20200814101146"},{"identificadorMovimento":"19000579","tipoResponsavelMovimento":0,"movimentoNacional":{"codigoNacional":60},"nivelSigilo":0,"orgaoJulgador":{"nomeOrgao":"12\u00aa Vara Federal","codigoMunicipioIBGE":232304400,"codigoOrgao":12178,"instancia":"ORIG"},"dataHora":"20200826170133"},{"identificadorMovimento":"19000649","tipoResponsavelMovimento":0,"movimentoLocal":{"codigoMovimento":50145,"codigoPaiNacional":581},"nivelSigilo":0,"orgaoJulgador":{"nomeOrgao":"12\u00aa Vara Federal","codigoMunicipioIBGE":232304400,"codigoOrgao":12178,"instancia":"ORIG"},"dataHora":"20200826171757"},{"identificadorMovimento":"19000793","tipoResponsavelMovimento":0,"movimentoLocal":{"codigoMovimento":50146,"codigoPaiNacional":581},"nivelSigilo":0,"orgaoJulgador":{"nomeOrgao":"12\u00aa Vara Federal","codigoMunicipioIBGE":232304400,"codigoOrgao":12178,"instancia":"ORIG"},"dataHora":"20200826174256"},{"identificadorMovimento":"19023787","tipoResponsavelMovimento":0,"movimentoLocal":{"codigoMovimento":50146,"codigoPaiNacional":581},"nivelSigilo":0,"orgaoJulgador":{"nomeOrgao":"12\u00aa Vara Federal","codigoMunicipioIBGE":232304400,"codigoOrgao":12178,"instancia":"ORIG"},"dataHora":"20200830080723"}],"grau":"G1"},{"millisInsercao":1599291892393,"dadosBasicos":{"assunto":[{"principal":true,"codigoNacional":10907}],"dscSistema":"1","numero":"08013867820204058302","procEl":1,"dataAjuizamento":"20200806140507","totalAssuntos":1,"classeProcessual":1288,"nivelSigilo":0,"orgaoJulgador":{"nomeOrgao":"24\u00aa Vara Federal","codigoMunicipioIBGE":262604106,"codigoOrgao":12221,"instancia":"ORIG"},"codigoLocalidade":"405"},"siglaTribunal":"TRF5","movimento":[{"identificadorMovimento":"15362592","tipoResponsavelMovimento":0,"movimentoNacional":{"codigoNacional":26},"nivelSigilo":0,"orgaoJulgador":{"nomeOrgao":"24\u00aa Vara Federal","codigoMunicipioIBGE":262604106,"codigoOrgao":12221,"instancia":"ORIG"},"dataHora":"20200806140508"},{"identificadorMovimento":"15363216","tipoResponsavelMovimento":0,"movimentoNacional":{"codigoNacional":51},"orgaoJulgador":{"nomeOrgao":"24\u00aa Vara Federal","codigoMunicipioIBGE":262604106,"codigoOrgao":12221,"instancia":"ORIG"},"dataHora":"20200806150124"},{"identificadorMovimento":"15367914","tipoResponsavelMovimento":1,"movimentoNacional":{"codigoNacional":11010},"nivelSigilo":0,"orgaoJulgador":{"nomeOrgao":"24\u00aa Vara Federal","codigoMunicipioIBGE":262604106,"codigoOrgao":12221,"instancia":"ORIG"},"dataHora":"20200806193453"},{"identificadorMovimento":"15367915","tipoResponsavelMovimento":0,"movimentoNacional":{"codigoNacional":60},"nivelSigilo":0,"orgaoJulgador":{"nomeOrgao":"24\u00aa Vara Federal","codigoMunicipioIBGE":262604106,"codigoOrgao":12221,"instancia":"ORIG"},"dataHora":"20200806193453"},{"identificadorMovimento":"15369277","tipoResponsavelMovimento":0,"movimentoLocal":{"codigoMovimento":50151,"codigoPaiNacional":581},"nivelSigilo":0,"orgaoJulgador":{"nomeOrgao":"24\u00aa Vara Federal","codigoMunicipioIBGE":262604106,"codigoOrgao":12221,"instancia":"ORIG"},"dataHora":"20200807000034"},{"identificadorMovimento":"15403977","tipoResponsavelMovimento":0,"movimentoNacional":{"codigoNacional":60},"nivelSigilo":0,"orgaoJulgador":{"nomeOrgao":"24\u00aa Vara Federal","codigoMunicipioIBGE":262604106,"codigoOrgao":12221,"instancia":"ORIG"},"dataHora":"20200811163828"},{"identificadorMovimento":"15404010","tipoResponsavelMovimento":0,"movimentoLocal":{"codigoMovimento":50149,"codigoPaiNacional":581},"nivelSigilo":0,"orgaoJulgador":{"nomeOrgao":"24\u00aa Vara Federal","codigoMunicipioIBGE":262604106,"codigoOrgao":12221,"instancia":"ORIG"},"dataHora":"20200811164443"},{"identificadorMovimento":"15408626","tipoResponsavelMovimento":0,"movimentoNacional":{"codigoNacional":51},"orgaoJulgador":{"nomeOrgao":"24\u00aa Vara Federal","codigoMunicipioIBGE":262604106,"codigoOrgao":12221,"instancia":"ORIG"},"dataHora":"20200812114056"},{"identificadorMovimento":"15430853","tipoResponsavelMovimento":1,"movimentoNacional":{"codigoNacional":12164},"nivelSigilo":0,"orgaoJulgador":{"nomeOrgao":"24\u00aa Vara Federal","codigoMunicipioIBGE":262604106,"codigoOrgao":12221,"instancia":"ORIG"},"dataHora":"20200814154522"},{"identificadorMovimento":"15432609","tipoResponsavelMovimento":0,"movimentoNacional":{"codigoNacional":60},"nivelSigilo":0,"orgaoJulgador":{"nomeOrgao":"24\u00aa Vara Federal","codigoMunicipioIBGE":262604106,"codigoOrgao":12221,"instancia":"ORIG"},"dataHora":"20200814190823"},{"identificadorMovimento":"15432698","tipoResponsavelMovimento":0,"movimentoLocal":{"codigoMovimento":50149,"codigoPaiNacional":581},"nivelSigilo":0,"orgaoJulgador":{"nomeOrgao":"24\u00aa Vara Federal","codigoMunicipioIBGE":262604106,"codigoOrgao":12221,"instancia":"ORIG"},"dataHora":"20200814192053"},{"identificadorMovimento":"15506771","tipoResponsavelMovimento":0,"movimentoNacional":{"codigoNacional":51},"orgaoJulgador":{"nomeOrgao":"24\u00aa Vara Federal","codigoMunicipioIBGE":262604106,"codigoOrgao":12221,"instancia":"ORIG"},"dataHora":"20200825073227"},{"identificadorMovimento":"15513626","tipoResponsavelMovimento":1,"movimentoNacional":{"codigoNacional":11010},"nivelSigilo":0,"orgaoJulgador":{"nomeOrgao":"24\u00aa Vara Federal","codigoMunicipioIBGE":262604106,"codigoOrgao":12221,"instancia":"ORIG"},"dataHora":"20200825152022"},{"identificadorMovimento":"15519836","tipoResponsavelMovimento":0,"movimentoLocal":{"codigoMovimento":50146,"codigoPaiNacional":581},"nivelSigilo":0,"orgaoJulgador":{"nomeOrgao":"24\u00aa Vara Federal","codigoMunicipioIBGE":262604106,"codigoOrgao":12221,"instancia":"ORIG"},"dataHora":"20200826085937"},{"identificadorMovimento":"15519844","tipoResponsavelMovimento":0,"movimentoNacional":{"codigoNacional":22},"orgaoJulgador":{"nomeOrgao":"24\u00aa Vara Federal","codigoMunicipioIBGE":262604106,"codigoOrgao":12221,"instancia":"ORIG"},"dataHora":"20200826090217"}],"grau":"G1"}]