[{"millisInsercao":1600184119524,"dadosBasicos":{"valorCausa":1000.0,"numero":"08098434820208180140","procEl":1,"competencia":null,"codigoLocalidade":"2211001","assunto":[{"principal":true,"assuntoLocal":null,"codigoNacional":7795},{"principal":true,"assuntoLocal":null,"codigoNacional":7795}],"dscSistema":"1","tamanhoProcesso":null,"dataAjuizamento":"20200420113937","totalAssuntos":1,"nivelSigilo":0,"classeProcessual":386,"orgaoJulgador":{"nomeOrgao":"VARA DE EXECU\u00c7\u00d5ES PENAIS DE TERESINA","codigoMunicipioIBGE":2211001,"codigoOrgao":5387,"instancia":"ORIG"}},"siglaTribunal":"TJPI","movimento":[{"identificadorMovimento":"32134341","tipoResponsavelMovimento":null,"movimentoNacional":{"codigoNacional":60},"complementoNacional":[{"descricaoComplemento":"tipo_de_documento","codComplementoTabelado":80,"codComplemento":4},{"descricaoComplemento":"tipo_de_documento","codComplementoTabelado":80,"codComplemento":4}],"idDocumentoVinculado":[],"movimentoLocal":null,"nivelSigilo":null,"orgaoJulgador":null,"dataHora":"20200706092648","tipoDecisao":null},{"identificadorMovimento":"32134301","tipoResponsavelMovimento":null,"movimentoNacional":{"codigoNacional":941},"complementoNacional":[],"idDocumentoVinculado":[],"movimentoLocal":null,"nivelSigilo":null,"orgaoJulgador":null,"dataHora":"20200420215137","tipoDecisao":null},{"identificadorMovimento":"32134331","tipoResponsavelMovimento":null,"movimentoNacional":{"codigoNacional":60},"complementoNacional":[{"descricaoComplemento":"tipo_de_documento","codComplementoTabelado":80,"codComplemento":4},{"descricaoComplemento":"tipo_de_documento","codComplementoTabelado":80,"codComplemento":4}],"idDocumentoVinculado":[],"movimentoLocal":null,"nivelSigilo":null,"orgaoJulgador":null,"dataHora":"20200604123044","tipoDecisao":null},{"identificadorMovimento":"32134338","tipoResponsavelMovimento":null,"movimentoNacional":{"codigoNacional":12185},"complementoNacional":[],"idDocumentoVinculado":[],"movimentoLocal":null,"nivelSigilo":null,"orgaoJulgador":null,"dataHora":"20200706092647","tipoDecisao":null},{"identificadorMovimento":"32134311","tipoResponsavelMovimento":null,"movimentoNacional":{"codigoNacional":60},"complementoNacional":[{"descricaoComplemento":"tipo_de_documento","codComplementoTabelado":80,"codComplemento":4},{"descricaoComplemento":"tipo_de_documento","codComplementoTabelado":80,"codComplemento":4}],"idDocumentoVinculado":[],"movimentoLocal":null,"nivelSigilo":null,"orgaoJulgador":null,"dataHora":"20200508110708","tipoDecisao":null},{"identificadorMovimento":"32134340","tipoResponsavelMovimento":null,"movimentoNacional":{"codigoNacional":785},"complementoNacional":[],"idDocumentoVinculado":[],"movimentoLocal":null,"nivelSigilo":null,"orgaoJulgador":null,"dataHora":"20200706092647","tipoDecisao":null},{"identificadorMovimento":"32134302","tipoResponsavelMovimento":null,"movimentoNacional":{"codigoNacional":10966},"complementoNacional":[],"idDocumentoVinculado":[],"movimentoLocal":null,"nivelSigilo":null,"orgaoJulgador":null,"dataHora":"20200421125912","tipoDecisao":null},{"identificadorMovimento":"32134315","tipoResponsavelMovimento":null,"movimentoNacional":{"codigoNacional":11010},"complementoNacional":[],"idDocumentoVinculado":[],"movimentoLocal":null,"nivelSigilo":null,"orgaoJulgador":null,"dataHora":"20200603094530","tipoDecisao":null},{"identificadorMovimento":"32134345","tipoResponsavelMovimento":null,"movimentoNacional":{"codigoNacional":60},"complementoNacional":[{"descricaoComplemento":"tipo_de_documento","codComplementoTabelado":80,"codComplemento":4},{"descricaoComplemento":"tipo_de_documento","codComplementoTabelado":80,"codComplemento":4}],"idDocumentoVinculado":[],"movimentoLocal":null,"nivelSigilo":null,"orgaoJulgador":null,"dataHora":"20200706110231","tipoDecisao":null},{"identificadorMovimento":"32134313","tipoResponsavelMovimento":null,"movimentoNacional":{"codigoNacional":51},"complementoNacional":[{"descricaoComplemento":"tipo_de_conclusao","codComplementoTabelado":6,"codComplemento":3},{"descricaoComplemento":"tipo_de_conclusao","codComplementoTabelado":6,"codComplemento":3}],"idDocumentoVinculado":[],"movimentoLocal":null,"nivelSigilo":null,"orgaoJulgador":null,"dataHora":"20200603081430","tipoDecisao":null},{"identificadorMovimento":"32134342","tipoResponsavelMovimento":null,"movimentoNacional":{"codigoNacional":60},"complementoNacional":[{"descricaoComplemento":"tipo_de_documento","codComplementoTabelado":80,"codComplemento":4},{"descricaoComplemento":"tipo_de_documento","codComplementoTabelado":80,"codComplemento":4}],"idDocumentoVinculado":[],"movimentoLocal":null,"nivelSigilo":null,"orgaoJulgador":null,"dataHora":"20200706092648","tipoDecisao":null},{"identificadorMovimento":"32134329","tipoResponsavelMovimento":null,"movimentoNacional":{"codigoNacional":60},"complementoNacional":[{"descricaoComplemento":"tipo_de_documento","codComplementoTabelado":80,"codComplemento":4},{"descricaoComplemento":"tipo_de_documento","codComplementoTabelado":80,"codComplemento":4}],"idDocumentoVinculado":[],"movimentoLocal":null,"nivelSigilo":null,"orgaoJulgador":null,"dataHora":"20200604123044","tipoDecisao":null},{"identificadorMovimento":"32134346","tipoResponsavelMovimento":null,"movimentoNacional":{"codigoNacional":85},"complementoNacional":[],"idDocumentoVinculado":[],"movimentoLocal":null,"nivelSigilo":null,"orgaoJulgador":null,"dataHora":"20200710203414","tipoDecisao":null},{"identificadorMovimento":"32134304","tipoResponsavelMovimento":null,"movimentoNacional":{"codigoNacional":10966},"complementoNacional":[],"idDocumentoVinculado":[],"movimentoLocal":null,"nivelSigilo":null,"orgaoJulgador":null,"dataHora":"20200421125941","tipoDecisao":null},{"identificadorMovimento":"32134299","tipoResponsavelMovimento":null,"movimentoNacional":{"codigoNacional":26},"complementoNacional":[{"descricaoComplemento":"tipo_de_distribuicao_redistribuicao","codComplementoTabelado":2,"codComplemento":2},{"descricaoComplemento":"tipo_de_distribuicao_redistribuicao","codComplementoTabelado":2,"codComplemento":2}],"idDocumentoVinculado":[],"movimentoLocal":null,"nivelSigilo":null,"orgaoJulgador":null,"dataHora":"20200420113937","tipoDecisao":null},{"identificadorMovimento":"32134309","tipoResponsavelMovimento":null,"movimentoNacional":{"codigoNacional":51},"complementoNacional":[{"descricaoComplemento":"tipo_de_conclusao","codComplementoTabelado":6,"codComplemento":3},{"descricaoComplemento":"tipo_de_conclusao","codComplementoTabelado":6,"codComplemento":3}],"idDocumentoVinculado":[],"movimentoLocal":null,"nivelSigilo":null,"orgaoJulgador":null,"dataHora":"20200508100627","tipoDecisao":null},{"identificadorMovimento":"32134310","tipoResponsavelMovimento":null,"movimentoNacional":{"codigoNacional":11010},"complementoNacional":[],"idDocumentoVinculado":[],"movimentoLocal":null,"nivelSigilo":null,"orgaoJulgador":null,"dataHora":"20200508103706","tipoDecisao":null},{"identificadorMovimento":"32134333","tipoResponsavelMovimento":null,"movimentoNacional":{"codigoNacional":85},"complementoNacional":[],"idDocumentoVinculado":[],"movimentoLocal":null,"nivelSigilo":null,"orgaoJulgador":null,"dataHora":"20200630174913","tipoDecisao":null},{"identificadorMovimento":"32134336","tipoResponsavelMovimento":null,"movimentoNacional":{"codigoNacional":51},"complementoNacional":[{"descricaoComplemento":"tipo_de_conclusao","codComplementoTabelado":6,"codComplemento":3},{"descricaoComplemento":"tipo_de_conclusao","codComplementoTabelado":6,"codComplemento":3}],"idDocumentoVinculado":[],"movimentoLocal":null,"nivelSigilo":null,"orgaoJulgador":null,"dataHora":"20200706085836","tipoDecisao":null},{"identificadorMovimento":"32134312","tipoResponsavelMovimento":null,"movimentoNacional":{"codigoNacional":85},"complementoNacional":[],"idDocumentoVinculado":[],"movimentoLocal":null,"nivelSigilo":null,"orgaoJulgador":null,"dataHora":"20200521192401","tipoDecisao":null},{"identificadorMovimento":"32134300","tipoResponsavelMovimento":null,"movimentoNacional":{"codigoNacional":51},"complementoNacional":[{"descricaoComplemento":"tipo_de_conclusao","codComplementoTabelado":6,"codComplemento":3},{"descricaoComplemento":"tipo_de_conclusao","codComplementoTabelado":6,"codComplemento":3}],"idDocumentoVinculado":[],"movimentoLocal":null,"nivelSigilo":null,"orgaoJulgador":null,"dataHora":"20200420113938","tipoDecisao":null},{"identificadorMovimento":"32134344","tipoResponsavelMovimento":null,"movimentoNacional":{"codigoNacional":60},"complementoNacional":[{"descricaoComplemento":"tipo_de_documento","codComplementoTabelado":80,"codComplemento":4},{"descricaoComplemento":"tipo_de_documento","codComplementoTabelado":80,"codComplemento":4}],"idDocumentoVinculado":[],"movimentoLocal":null,"nivelSigilo":null,"orgaoJulgador":null,"dataHora":"20200706110231","tipoDecisao":null},{"identificadorMovimento":"32134307","tipoResponsavelMovimento":null,"movimentoNacional":{"codigoNacional":36},"complementoNacional":[{"descricaoComplemento":"tipo_de_distribuicao_redistribuicao","codComplementoTabelado":2,"codComplemento":2},{"descricaoComplemento":"motivo_da_redistribuicao","codComplementoTabelado":83,"codComplemento":17},{"descricaoComplemento":"tipo_de_distribuicao_redistribuicao","codComplementoTabelado":2,"codComplemento":2},{"descricaoComplemento":"motivo_da_redistribuicao","codComplementoTabelado":83,"codComplemento":17}],"idDocumentoVinculado":[],"movimentoLocal":null,"nivelSigilo":null,"orgaoJulgador":null,"dataHora":"20200429161730","tipoDecisao":null},{"identificadorMovimento":"32134306","tipoResponsavelMovimento":null,"movimentoNacional":{"codigoNacional":10966},"complementoNacional":[],"idDocumentoVinculado":[],"movimentoLocal":null,"nivelSigilo":null,"orgaoJulgador":null,"dataHora":"20200429161458","tipoDecisao":null},{"identificadorMovimento":"32134328","tipoResponsavelMovimento":null,"movimentoNacional":{"codigoNacional":60},"complementoNacional":[{"descricaoComplemento":"tipo_de_documento","codComplementoTabelado":80,"codComplemento":4},{"descricaoComplemento":"tipo_de_documento","codComplementoTabelado":80,"codComplemento":4}],"idDocumentoVinculado":[],"movimentoLocal":null,"nivelSigilo":null,"orgaoJulgador":null,"dataHora":"20200603094530","tipoDecisao":null},{"identificadorMovimento":"32134343","tipoResponsavelMovimento":null,"movimentoNacional":{"codigoNacional":85},"complementoNacional":[],"idDocumentoVinculado":[],"movimentoLocal":null,"nivelSigilo":null,"orgaoJulgador":null,"dataHora":"20200706104226","tipoDecisao":null}],"grau":"G1"},{"millisInsercao":1598655501119,"dadosBasicos":{"valorCausa":0.0,"assunto":[{"principal":true,"codigoNacional":3419}],"dscSistema":"8","numero":"00001026320208180060","procEl":2,"dataAjuizamento":"20200714115815","totalAssuntos":1,"classeProcessual":386,"nivelSigilo":0,"orgaoJulgador":{"nomeOrgao":"VARA \u00daNICA DE LUZIL\u00c2NDIA","codigoMunicipioIBGE":2205805,"codigoOrgao":11319,"instancia":"ORIG"},"codigoLocalidade":"2205805"},"siglaTribunal":"TJPI","movimento":[{"identificadorMovimento":"77331302","movimentoNacional":{"codigoNacional":26},"dataHora":"20200714115816"},{"identificadorMovimento":"77378745","movimentoNacional":{"codigoNacional":132},"dataHora":"20200722154921"},{"identificadorMovimento":"77331356","movimentoNacional":{"codigoNacional":982},"dataHora":"20200714120118"},{"identificadorMovimento":"77378755","movimentoNacional":{"codigoNacional":51},"dataHora":"20200722154950"},{"identificadorMovimento":"77331301","movimentoNacional":{"codigoNacional":981},"dataHora":"20200714115816"},{"identificadorMovimento":"77429829","movimentoNacional":{"codigoNacional":970},"dataHora":"20200731105130"},{"identificadorMovimento":"77687654","movimentoNacional":{"codigoNacional":11383},"dataHora":"20200813162216"},{"identificadorMovimento":"77396159","movimentoNacional":{"codigoNacional":11010},"dataHora":"20200726184912"}],"grau":"G1"},{"millisInsercao":1598655514073,"dadosBasicos":{"valorCausa":0.0,"assunto":[{"principal":true,"codigoNacional":12366}],"dscSistema":"8","numero":"00001093120208180068","procEl":2,"dataAjuizamento":"20200714133752","totalAssuntos":1,"classeProcessual":386,"nivelSigilo":0,"orgaoJulgador":{"nomeOrgao":"VARA \u00daNICA DE PORTO","codigoMunicipioIBGE":2208502,"codigoOrgao":11304,"instancia":"ORIG"},"codigoLocalidade":"2208502"},"siglaTribunal":"TJPI","movimento":[{"identificadorMovimento":"77332602","movimentoNacional":{"codigoNacional":981},"dataHora":"20200714133753"},{"identificadorMovimento":"77332740","movimentoNacional":{"codigoNacional":60},"dataHora":"20200714134845"},{"identificadorMovimento":"77332603","movimentoNacional":{"codigoNacional":26},"dataHora":"20200714133753"},{"identificadorMovimento":"77332758","movimentoNacional":{"codigoNacional":51},"dataHora":"20200714135046"}],"grau":"G1"},{"millisInsercao":1598655515679,"dadosBasicos":{"valorCausa":0.0,"assunto":[{"principal":true,"codigoNacional":12366}],"dscSistema":"8","numero":"00001101620208180068","procEl":2,"dataAjuizamento":"20200714144445","totalAssuntos":1,"classeProcessual":386,"nivelSigilo":0,"orgaoJulgador":{"nomeOrgao":"VARA \u00daNICA DE PORTO","codigoMunicipioIBGE":2208502,"codigoOrgao":11304,"instancia":"ORIG"},"codigoLocalidade":"2208502"},"siglaTribunal":"TJPI","movimento":[{"identificadorMovimento":"77333362","movimentoNacional":{"codigoNacional":51},"dataHora":"20200714145230"},{"identificadorMovimento":"77333314","movimentoNacional":{"codigoNacional":981},"dataHora":"20200714144446"},{"identificadorMovimento":"77346446","movimentoNacional":{"codigoNacional":488},"dataHora":"20200716142254"},{"identificadorMovimento":"77333351","movimentoNacional":{"codigoNacional":60},"dataHora":"20200714145118"},{"identificadorMovimento":"77333315","movimentoNacional":{"codigoNacional":26},"dataHora":"20200714144448"}],"grau":"G1"},{"millisInsercao":1598655520579,"dadosBasicos":{"valorCausa":0.0,"assunto":[{"principal":true,"codigoNacional":7787}],"dscSistema":"8","numero":"00001034820208180060","procEl":2,"dataAjuizamento":"20200715095854","totalAssuntos":1,"classeProcessual":386,"nivelSigilo":0,"orgaoJulgador":{"nomeOrgao":"VARA \u00daNICA DE LUZIL\u00c2NDIA","codigoMunicipioIBGE":2205805,"codigoOrgao":11319,"instancia":"ORIG"},"codigoLocalidade":"2205805"},"siglaTribunal":"TJPI","movimento":[{"identificadorMovimento":"77336430","movimentoNacional":{"codigoNacional":981},"dataHora":"20200715095855"},{"identificadorMovimento":"77429847","movimentoNacional":{"codigoNacional":970},"dataHora":"20200731105232"},{"identificadorMovimento":"77336431","movimentoNacional":{"codigoNacional":26},"dataHora":"20200715095855"},{"identificadorMovimento":"77337419","movimentoNacional":{"codigoNacional":51},"dataHora":"20200715111445"},{"identificadorMovimento":"77337413","movimentoNacional":{"codigoNacional":132},"dataHora":"20200715111414"},{"identificadorMovimento":"77396170","movimentoNacional":{"codigoNacional":11010},"dataHora":"20200726185515"},{"identificadorMovimento":"77336647","movimentoNacional":{"codigoNacional":982},"dataHora":"20200715101519"},{"identificadorMovimento":"77687627","movimentoNacional":{"codigoNacional":11383},"dataHora":"20200813161600"}],"grau":"G1"},{"millisInsercao":1598655520914,"dadosBasicos":{"valorCausa":0.0,"assunto":[{"principal":true,"codigoNacional":7787}],"dscSistema":"8","numero":"00001043320208180060","procEl":2,"dataAjuizamento":"20200715101053","totalAssuntos":1,"classeProcessual":386,"nivelSigilo":0,"orgaoJulgador":{"nomeOrgao":"VARA \u00daNICA DE LUZIL\u00c2NDIA","codigoMunicipioIBGE":2205805,"codigoOrgao":11319,"instancia":"ORIG"},"codigoLocalidade":"2205805"},"siglaTribunal":"TJPI","movimento":[{"identificadorMovimento":"77336578","movimentoNacional":{"codigoNacional":981},"dataHora":"20200715101054"},{"identificadorMovimento":"77337402","movimentoNacional":{"codigoNacional":132},"dataHora":"20200715111316"},{"identificadorMovimento":"77396171","movimentoNacional":{"codigoNacional":11010},"dataHora":"20200726185515"},{"identificadorMovimento":"77336621","movimentoNacional":{"codigoNacional":982},"dataHora":"20200715101421"},{"identificadorMovimento":"77336579","movimentoNacional":{"codigoNacional":26},"dataHora":"20200715101054"},{"identificadorMovimento":"77337407","movimentoNacional":{"codigoNacional":51},"dataHora":"20200715111337"},{"identificadorMovimento":"77429862","movimentoNacional":{"codigoNacional":970},"dataHora":"20200731105321"},{"identificadorMovimento":"77687582","movimentoNacional":{"codigoNacional":11383},"dataHora":"20200813161205"}],"grau":"G1"},{"millisInsercao":1598655530115,"dadosBasicos":{"valorCausa":0.0,"assunto":[{"principal":true,"codigoNacional":3632}],"dscSistema":"8","numero":"00001128320208180068","procEl":2,"dataAjuizamento":"20200715123825","totalAssuntos":1,"classeProcessual":386,"nivelSigilo":0,"orgaoJulgador":{"nomeOrgao":"VARA \u00daNICA DE PORTO","codigoMunicipioIBGE":2208502,"codigoOrgao":11304,"instancia":"ORIG"},"codigoLocalidade":"2208502"},"siglaTribunal":"TJPI","movimento":[{"identificadorMovimento":"77338605","movimentoNacional":{"codigoNacional":981},"dataHora":"20200715123825"},{"identificadorMovimento":"77338717","movimentoNacional":{"codigoNacional":60},"dataHora":"20200715125250"},{"identificadorMovimento":"77338729","movimentoNacional":{"codigoNacional":51},"dataHora":"20200715125338"},{"identificadorMovimento":"77338606","movimentoNacional":{"codigoNacional":26},"dataHora":"20200715123825"},{"identificadorMovimento":"77346458","movimentoNacional":{"codigoNacional":488},"dataHora":"20200716142438"}],"grau":"G1"},{"millisInsercao":1598655542718,"dadosBasicos":{"valorCausa":0.0,"assunto":[{"principal":true,"codigoNacional":10907}],"dscSistema":"8","numero":"00000670820208180027","procEl":2,"dataAjuizamento":"20200716120700","totalAssuntos":1,"classeProcessual":386,"nivelSigilo":0,"orgaoJulgador":{"nomeOrgao":"VARA \u00daNICA DE CORRENTE","codigoMunicipioIBGE":2202901,"codigoOrgao":11338,"instancia":"ORIG"},"codigoLocalidade":"2202901"},"siglaTribunal":"TJPI","movimento":[{"identificadorMovimento":"77345165","movimentoNacional":{"codigoNacional":26},"dataHora":"20200716120701"},{"identificadorMovimento":"77345260","movimentoNacional":{"codigoNacional":51},"dataHora":"20200716121336"},{"identificadorMovimento":"77370429","movimentoLocal":{"codigoMovimento":50040,"codigoPaiNacional":48},"dataHora":"20200721143047"},{"identificadorMovimento":"77345164","movimentoNacional":{"codigoNacional":981},"dataHora":"20200716120700"},{"identificadorMovimento":"77370356","movimentoNacional":{"codigoNacional":60},"dataHora":"20200721142122"},{"identificadorMovimento":"77360358","movimentoNacional":{"codigoNacional":11010},"dataHora":"20200720114745"}],"grau":"G1"}]