[{"millisInsercao":1596174176169,"dadosBasicos":{"valorCausa":0.0,"assunto":[{"principal":true,"codigoNacional":10907}],"dscSistema":"8","numero":"00049410520208272737","procEl":1,"dataAjuizamento":"20200328052157","totalAssuntos":1,"classeProcessual":1288,"nivelSigilo":0,"orgaoJulgador":{"nomeOrgao":"Ju\u00edzo da 2\u00aa Vara Criminal de Porto Nacional","codigoMunicipioIBGE":0,"codigoOrgao":5289,"instancia":"ORIG"},"competencia":1,"codigoLocalidade":"2737"},"siglaTribunal":"TJTO","movimento":[{"identificadorMovimento":"1","movimentoNacional":{"codigoNacional":26},"orgaoJulgador":{"nomeOrgao":"Ju\u00edzo da 2\u00aa Vara Criminal de Porto Nacional","codigoMunicipioIBGE":0,"codigoOrgao":5289,"instancia":"ORIG"},"dataHora":"20200328052157"},{"identificadorMovimento":"2","movimentoNacional":{"codigoNacional":123},"orgaoJulgador":{"nomeOrgao":"Ju\u00edzo da 2\u00aa Vara Criminal de Porto Nacional","codigoMunicipioIBGE":0,"codigoOrgao":5289,"instancia":"ORIG"},"dataHora":"20200328052158"},{"identificadorMovimento":"3","movimentoNacional":{"codigoNacional":51},"orgaoJulgador":{"nomeOrgao":"Ju\u00edzo da 2\u00aa Vara Criminal de Porto Nacional","codigoMunicipioIBGE":0,"codigoOrgao":5289,"instancia":"ORIG"},"dataHora":"20200328095533"},{"identificadorMovimento":"4","movimentoNacional":{"codigoNacional":12164},"orgaoJulgador":{"nomeOrgao":"Ju\u00edzo da 2\u00aa Vara Criminal de Porto Nacional","codigoMunicipioIBGE":0,"codigoOrgao":5289,"instancia":"ORIG"},"dataHora":"20200328114348"},{"identificadorMovimento":"5","movimentoNacional":{"codigoNacional":12287},"orgaoJulgador":{"nomeOrgao":"Ju\u00edzo da 2\u00aa Vara Criminal de Porto Nacional","codigoMunicipioIBGE":0,"codigoOrgao":5289,"instancia":"ORIG"},"dataHora":"20200328115327"},{"identificadorMovimento":"6","movimentoNacional":{"codigoNacional":12287},"orgaoJulgador":{"nomeOrgao":"Ju\u00edzo da 2\u00aa Vara Criminal de Porto Nacional","codigoMunicipioIBGE":0,"codigoOrgao":5289,"instancia":"ORIG"},"dataHora":"20200328115853"},{"identificadorMovimento":"7","movimentoNacional":{"codigoNacional":12266},"orgaoJulgador":{"nomeOrgao":"Ju\u00edzo da 2\u00aa Vara Criminal de Porto Nacional","codigoMunicipioIBGE":0,"codigoOrgao":5289,"instancia":"ORIG"},"dataHora":"20200328124559"},{"identificadorMovimento":"8","movimentoNacional":{"codigoNacional":118},"orgaoJulgador":{"nomeOrgao":"Ju\u00edzo da 2\u00aa Vara Criminal de Porto Nacional","codigoMunicipioIBGE":0,"codigoOrgao":5289,"instancia":"ORIG"},"dataHora":"20200328124559"},{"identificadorMovimento":"9","movimentoNacional":{"codigoNacional":12266},"orgaoJulgador":{"nomeOrgao":"Ju\u00edzo da 2\u00aa Vara Criminal de Porto Nacional","codigoMunicipioIBGE":0,"codigoOrgao":5289,"instancia":"ORIG"},"dataHora":"20200328145446"},{"identificadorMovimento":"10","movimentoNacional":{"codigoNacional":118},"orgaoJulgador":{"nomeOrgao":"Ju\u00edzo da 2\u00aa Vara Criminal de Porto Nacional","codigoMunicipioIBGE":0,"codigoOrgao":5289,"instancia":"ORIG"},"dataHora":"20200328145446"},{"identificadorMovimento":"11","movimentoNacional":{"codigoNacional":51},"orgaoJulgador":{"nomeOrgao":"Ju\u00edzo da 2\u00aa Vara Criminal de Porto Nacional","codigoMunicipioIBGE":0,"codigoOrgao":5289,"instancia":"ORIG"},"dataHora":"20200330104025"},{"identificadorMovimento":"12","movimentoNacional":{"codigoNacional":11383},"orgaoJulgador":{"nomeOrgao":"Ju\u00edzo da 2\u00aa Vara Criminal de Porto Nacional","codigoMunicipioIBGE":0,"codigoOrgao":5289,"instancia":"ORIG"},"dataHora":"20200330114654"},{"identificadorMovimento":"13","movimentoNacional":{"codigoNacional":123},"orgaoJulgador":{"nomeOrgao":"Ju\u00edzo da 2\u00aa Vara Criminal de Porto Nacional","codigoMunicipioIBGE":0,"codigoOrgao":5289,"instancia":"ORIG"},"dataHora":"20200330114749"},{"identificadorMovimento":"14","movimentoNacional":{"codigoNacional":11010},"orgaoJulgador":{"nomeOrgao":"Ju\u00edzo da 2\u00aa Vara Criminal de Porto Nacional","codigoMunicipioIBGE":0,"codigoOrgao":5289,"instancia":"ORIG"},"dataHora":"20200330170205"},{"identificadorMovimento":"15","movimentoNacional":{"codigoNacional":11383},"orgaoJulgador":{"nomeOrgao":"Ju\u00edzo da 2\u00aa Vara Criminal de Porto Nacional","codigoMunicipioIBGE":0,"codigoOrgao":5289,"instancia":"ORIG"},"dataHora":"20200504132407"},{"identificadorMovimento":"16","movimentoNacional":{"codigoNacional":22},"orgaoJulgador":{"nomeOrgao":"Ju\u00edzo da 2\u00aa Vara Criminal de Porto Nacional","codigoMunicipioIBGE":0,"codigoOrgao":5289,"instancia":"ORIG"},"dataHora":"20200504133459"}],"grau":"G1"},{"millisInsercao":1596174176299,"dadosBasicos":{"valorCausa":0.0,"assunto":[{"principal":true,"codigoNacional":3419}],"dscSistema":"8","numero":"00034374520208272710","procEl":1,"dataAjuizamento":"20200329103504","totalAssuntos":1,"classeProcessual":1288,"nivelSigilo":0,"orgaoJulgador":{"nomeOrgao":"Ju\u00edzo da 2\u00aa Escrivania de Augustin\u00f3polis","codigoMunicipioIBGE":0,"codigoOrgao":5465,"instancia":"ORIG"},"competencia":1,"codigoLocalidade":"2710"},"siglaTribunal":"TJTO","movimento":[{"identificadorMovimento":"1","movimentoNacional":{"codigoNacional":26},"orgaoJulgador":{"nomeOrgao":"Ju\u00edzo da 2\u00aa Escrivania de Augustin\u00f3polis","codigoMunicipioIBGE":0,"codigoOrgao":5465,"instancia":"ORIG"},"dataHora":"20200329103504"},{"identificadorMovimento":"2","movimentoNacional":{"codigoNacional":123},"orgaoJulgador":{"nomeOrgao":"Ju\u00edzo da 2\u00aa Escrivania de Augustin\u00f3polis","codigoMunicipioIBGE":0,"codigoOrgao":5465,"instancia":"ORIG"},"dataHora":"20200329103505"},{"identificadorMovimento":"3","movimentoNacional":{"codigoNacional":51},"orgaoJulgador":{"nomeOrgao":"Ju\u00edzo da 2\u00aa Escrivania de Augustin\u00f3polis","codigoMunicipioIBGE":0,"codigoOrgao":5465,"instancia":"ORIG"},"dataHora":"20200329105920"},{"identificadorMovimento":"4","movimentoNacional":{"codigoNacional":11010},"orgaoJulgador":{"nomeOrgao":"Ju\u00edzo da 2\u00aa Escrivania de Augustin\u00f3polis","codigoMunicipioIBGE":0,"codigoOrgao":5465,"instancia":"ORIG"},"dataHora":"20200329110655"},{"identificadorMovimento":"5","movimentoNacional":{"codigoNacional":12265},"orgaoJulgador":{"nomeOrgao":"Ju\u00edzo da 2\u00aa Escrivania de Augustin\u00f3polis","codigoMunicipioIBGE":0,"codigoOrgao":5465,"instancia":"ORIG"},"dataHora":"20200329112721"},{"identificadorMovimento":"6","movimentoNacional":{"codigoNacional":12266},"orgaoJulgador":{"nomeOrgao":"Ju\u00edzo da 2\u00aa Escrivania de Augustin\u00f3polis","codigoMunicipioIBGE":0,"codigoOrgao":5465,"instancia":"ORIG"},"dataHora":"20200329132256"},{"identificadorMovimento":"7","movimentoNacional":{"codigoNacional":118},"orgaoJulgador":{"nomeOrgao":"Ju\u00edzo da 2\u00aa Escrivania de Augustin\u00f3polis","codigoMunicipioIBGE":0,"codigoOrgao":5465,"instancia":"ORIG"},"dataHora":"20200329132256"},{"identificadorMovimento":"8","movimentoNacional":{"codigoNacional":51},"orgaoJulgador":{"nomeOrgao":"Ju\u00edzo da 2\u00aa Escrivania de Augustin\u00f3polis","codigoMunicipioIBGE":0,"codigoOrgao":5465,"instancia":"ORIG"},"dataHora":"20200329141534"},{"identificadorMovimento":"9","movimentoNacional":{"codigoNacional":12164},"orgaoJulgador":{"nomeOrgao":"Ju\u00edzo da 2\u00aa Escrivania de Augustin\u00f3polis","codigoMunicipioIBGE":0,"codigoOrgao":5465,"instancia":"ORIG"},"dataHora":"20200329144944"},{"identificadorMovimento":"10","movimentoNacional":{"codigoNacional":123},"orgaoJulgador":{"nomeOrgao":"Ju\u00edzo da 2\u00aa Escrivania de Augustin\u00f3polis","codigoMunicipioIBGE":0,"codigoOrgao":5465,"instancia":"ORIG"},"dataHora":"20200330085807"}],"grau":"G1"},{"millisInsercao":1596174176373,"dadosBasicos":{"valorCausa":0.0,"assunto":[{"principal":true,"codigoNacional":3369}],"dscSistema":"8","numero":"00034167820208272707","procEl":1,"dataAjuizamento":"20200329114205","totalAssuntos":1,"classeProcessual":1288,"nivelSigilo":0,"orgaoJulgador":{"nomeOrgao":"Ju\u00edzo da 1\u00aa Vara Criminal de Araguatins","codigoMunicipioIBGE":0,"codigoOrgao":4312,"instancia":"ORIG"},"competencia":1,"codigoLocalidade":"2707"},"siglaTribunal":"TJTO","movimento":[{"identificadorMovimento":"1","movimentoNacional":{"codigoNacional":26},"orgaoJulgador":{"nomeOrgao":"Ju\u00edzo da 1\u00aa Vara Criminal de Araguatins","codigoMunicipioIBGE":0,"codigoOrgao":4312,"instancia":"ORIG"},"dataHora":"20200329114205"},{"identificadorMovimento":"2","movimentoNacional":{"codigoNacional":123},"orgaoJulgador":{"nomeOrgao":"Ju\u00edzo da 1\u00aa Vara Criminal de Araguatins","codigoMunicipioIBGE":0,"codigoOrgao":4312,"instancia":"ORIG"},"dataHora":"20200329114206"},{"identificadorMovimento":"3","movimentoNacional":{"codigoNacional":51},"orgaoJulgador":{"nomeOrgao":"Ju\u00edzo da 1\u00aa Vara Criminal de Araguatins","codigoMunicipioIBGE":0,"codigoOrgao":4312,"instancia":"ORIG"},"dataHora":"20200329141651"},{"identificadorMovimento":"4","movimentoNacional":{"codigoNacional":11010},"orgaoJulgador":{"nomeOrgao":"Ju\u00edzo da 1\u00aa Vara Criminal de Araguatins","codigoMunicipioIBGE":0,"codigoOrgao":4312,"instancia":"ORIG"},"dataHora":"20200329144041"},{"identificadorMovimento":"5","movimentoNacional":{"codigoNacional":12265},"orgaoJulgador":{"nomeOrgao":"Ju\u00edzo da 1\u00aa Vara Criminal de Araguatins","codigoMunicipioIBGE":0,"codigoOrgao":4312,"instancia":"ORIG"},"dataHora":"20200329144603"},{"identificadorMovimento":"6","movimentoNacional":{"codigoNacional":12266},"orgaoJulgador":{"nomeOrgao":"Ju\u00edzo da 1\u00aa Vara Criminal de Araguatins","codigoMunicipioIBGE":0,"codigoOrgao":4312,"instancia":"ORIG"},"dataHora":"20200329185750"},{"identificadorMovimento":"7","movimentoNacional":{"codigoNacional":118},"orgaoJulgador":{"nomeOrgao":"Ju\u00edzo da 1\u00aa Vara Criminal de Araguatins","codigoMunicipioIBGE":0,"codigoOrgao":4312,"instancia":"ORIG"},"dataHora":"20200329185751"},{"identificadorMovimento":"8","movimentoNacional":{"codigoNacional":12164},"orgaoJulgador":{"nomeOrgao":"Ju\u00edzo da 1\u00aa Vara Criminal de Araguatins","codigoMunicipioIBGE":0,"codigoOrgao":4312,"instancia":"ORIG"},"dataHora":"20200329205430"},{"identificadorMovimento":"9","movimentoNacional":{"codigoNacional":123},"orgaoJulgador":{"nomeOrgao":"Ju\u00edzo da 1\u00aa Vara Criminal de Araguatins","codigoMunicipioIBGE":0,"codigoOrgao":4312,"instancia":"ORIG"},"dataHora":"20200330085714"},{"identificadorMovimento":"10","movimentoNacional":{"codigoNacional":12142},"orgaoJulgador":{"nomeOrgao":"Ju\u00edzo da 1\u00aa Vara Criminal de Araguatins","codigoMunicipioIBGE":0,"codigoOrgao":4312,"instancia":"ORIG"},"dataHora":"20200330100524"},{"identificadorMovimento":"11","movimentoNacional":{"codigoNacional":12265},"orgaoJulgador":{"nomeOrgao":"Ju\u00edzo da 1\u00aa Vara Criminal de Araguatins","codigoMunicipioIBGE":0,"codigoOrgao":4312,"instancia":"ORIG"},"dataHora":"20200330101641"},{"identificadorMovimento":"12","movimentoNacional":{"codigoNacional":12266},"orgaoJulgador":{"nomeOrgao":"Ju\u00edzo da 1\u00aa Vara Criminal de Araguatins","codigoMunicipioIBGE":0,"codigoOrgao":4312,"instancia":"ORIG"},"dataHora":"20200330144905"},{"identificadorMovimento":"13","movimentoNacional":{"codigoNacional":118},"orgaoJulgador":{"nomeOrgao":"Ju\u00edzo da 1\u00aa Vara Criminal de Araguatins","codigoMunicipioIBGE":0,"codigoOrgao":4312,"instancia":"ORIG"},"dataHora":"20200330144906"},{"identificadorMovimento":"14","movimentoNacional":{"codigoNacional":51},"orgaoJulgador":{"nomeOrgao":"Ju\u00edzo da 1\u00aa Vara Criminal de Araguatins","codigoMunicipioIBGE":0,"codigoOrgao":4312,"instancia":"ORIG"},"dataHora":"20200330150702"},{"identificadorMovimento":"15","movimentoNacional":{"codigoNacional":11010},"orgaoJulgador":{"nomeOrgao":"Ju\u00edzo da 1\u00aa Vara Criminal de Araguatins","codigoMunicipioIBGE":0,"codigoOrgao":4312,"instancia":"ORIG"},"dataHora":"20200330161031"},{"identificadorMovimento":"16","movimentoNacional":{"codigoNacional":60},"orgaoJulgador":{"nomeOrgao":"Ju\u00edzo da 1\u00aa Vara Criminal de Araguatins","codigoMunicipioIBGE":0,"codigoOrgao":4312,"instancia":"ORIG"},"dataHora":"20200429162453"},{"identificadorMovimento":"17","movimentoNacional":{"codigoNacional":581},"orgaoJulgador":{"nomeOrgao":"Ju\u00edzo da 1\u00aa Vara Criminal de Araguatins","codigoMunicipioIBGE":0,"codigoOrgao":4312,"instancia":"ORIG"},"dataHora":"20200429163749"}],"grau":"G1"},{"millisInsercao":1596174176713,"dadosBasicos":{"valorCausa":0.0,"assunto":[{"principal":true,"codigoNacional":4355}],"dscSistema":"8","numero":"00149262220208272729","procEl":1,"dataAjuizamento":"20200331115909","totalAssuntos":1,"classeProcessual":1288,"nivelSigilo":0,"orgaoJulgador":{"nomeOrgao":"Juizo da 4\u00aa Vara Criminal de Palmas","codigoMunicipioIBGE":0,"codigoOrgao":5196,"instancia":"ORIG"},"competencia":1,"codigoLocalidade":"2729"},"siglaTribunal":"TJTO","movimento":[{"identificadorMovimento":"1","movimentoNacional":{"codigoNacional":26},"orgaoJulgador":{"nomeOrgao":"Juizo da 4\u00aa Vara Criminal de Palmas","codigoMunicipioIBGE":0,"codigoOrgao":5196,"instancia":"ORIG"},"dataHora":"20200331115909"},{"identificadorMovimento":"2","movimentoNacional":{"codigoNacional":51},"orgaoJulgador":{"nomeOrgao":"Juizo da 4\u00aa Vara Criminal de Palmas","codigoMunicipioIBGE":0,"codigoOrgao":5196,"instancia":"ORIG"},"dataHora":"20200331125342"},{"identificadorMovimento":"3","movimentoNacional":{"codigoNacional":123},"orgaoJulgador":{"nomeOrgao":"Juizo da 4\u00aa Vara Criminal de Palmas","codigoMunicipioIBGE":0,"codigoOrgao":5196,"instancia":"ORIG"},"dataHora":"20200401120100"},{"identificadorMovimento":"4","movimentoNacional":{"codigoNacional":51},"orgaoJulgador":{"nomeOrgao":"Juizo da 4\u00aa Vara Criminal de Palmas","codigoMunicipioIBGE":0,"codigoOrgao":5196,"instancia":"ORIG"},"dataHora":"20200401140607"},{"identificadorMovimento":"5","movimentoNacional":{"codigoNacional":353},"orgaoJulgador":{"nomeOrgao":"Juizo da 4\u00aa Vara Criminal de Palmas","codigoMunicipioIBGE":0,"codigoOrgao":5196,"instancia":"ORIG"},"dataHora":"20200401173920"},{"identificadorMovimento":"6","movimentoNacional":{"codigoNacional":12265},"orgaoJulgador":{"nomeOrgao":"Juizo da 4\u00aa Vara Criminal de Palmas","codigoMunicipioIBGE":0,"codigoOrgao":5196,"instancia":"ORIG"},"dataHora":"20200401174907"},{"identificadorMovimento":"7","movimentoNacional":{"codigoNacional":123},"orgaoJulgador":{"nomeOrgao":"Juizo da 4\u00aa Vara Criminal de Palmas","codigoMunicipioIBGE":0,"codigoOrgao":5196,"instancia":"ORIG"},"dataHora":"20200401174927"},{"identificadorMovimento":"8","movimentoNacional":{"codigoNacional":36},"orgaoJulgador":{"nomeOrgao":"Juizo da 4\u00aa Vara Criminal de Palmas","codigoMunicipioIBGE":0,"codigoOrgao":5196,"instancia":"ORIG"},"dataHora":"20200402134158"},{"identificadorMovimento":"9","movimentoNacional":{"codigoNacional":36},"orgaoJulgador":{"nomeOrgao":"Juizo da 4\u00aa Vara Criminal de Palmas","codigoMunicipioIBGE":0,"codigoOrgao":5196,"instancia":"ORIG"},"dataHora":"20200402134158"},{"identificadorMovimento":"10","movimentoNacional":{"codigoNacional":581},"orgaoJulgador":{"nomeOrgao":"Juizo da 4\u00aa Vara Criminal de Palmas","codigoMunicipioIBGE":0,"codigoOrgao":5196,"instancia":"ORIG"},"dataHora":"20200406124955"},{"identificadorMovimento":"11","movimentoNacional":{"codigoNacional":12266},"orgaoJulgador":{"nomeOrgao":"Juizo da 4\u00aa Vara Criminal de Palmas","codigoMunicipioIBGE":0,"codigoOrgao":5196,"instancia":"ORIG"},"dataHora":"20200412235959"},{"identificadorMovimento":"12","movimentoNacional":{"codigoNacional":118},"orgaoJulgador":{"nomeOrgao":"Juizo da 4\u00aa Vara Criminal de Palmas","codigoMunicipioIBGE":0,"codigoOrgao":5196,"instancia":"ORIG"},"dataHora":"20200509232822"},{"identificadorMovimento":"13","movimentoNacional":{"codigoNacional":1051},"orgaoJulgador":{"nomeOrgao":"Juizo da 4\u00aa Vara Criminal de Palmas","codigoMunicipioIBGE":0,"codigoOrgao":5196,"instancia":"ORIG"},"dataHora":"20200510000536"},{"identificadorMovimento":"14","movimentoNacional":{"codigoNacional":51},"orgaoJulgador":{"nomeOrgao":"Juizo da 4\u00aa Vara Criminal de Palmas","codigoMunicipioIBGE":0,"codigoOrgao":5196,"instancia":"ORIG"},"dataHora":"20200511135942"},{"identificadorMovimento":"15","movimentoNacional":{"codigoNacional":11010},"orgaoJulgador":{"nomeOrgao":"Juizo da 4\u00aa Vara Criminal de Palmas","codigoMunicipioIBGE":0,"codigoOrgao":5196,"instancia":"ORIG"},"dataHora":"20200513172711"},{"identificadorMovimento":"16","movimentoNacional":{"codigoNacional":12265},"orgaoJulgador":{"nomeOrgao":"Juizo da 4\u00aa Vara Criminal de Palmas","codigoMunicipioIBGE":0,"codigoOrgao":5196,"instancia":"ORIG"},"dataHora":"20200513172711"},{"identificadorMovimento":"17","movimentoNacional":{"codigoNacional":12266},"orgaoJulgador":{"nomeOrgao":"Juizo da 4\u00aa Vara Criminal de Palmas","codigoMunicipioIBGE":0,"codigoOrgao":5196,"instancia":"ORIG"},"dataHora":"20200525235959"},{"identificadorMovimento":"18","movimentoNacional":{"codigoNacional":1051},"orgaoJulgador":{"nomeOrgao":"Juizo da 4\u00aa Vara Criminal de Palmas","codigoMunicipioIBGE":0,"codigoOrgao":5196,"instancia":"ORIG"},"dataHora":"20200602001840"}],"grau":"G1"},{"millisInsercao":1596174177222,"dadosBasicos":{"valorCausa":0.0,"assunto":[{"principal":true,"codigoNacional":3419}],"dscSistema":"8","numero":"00054005220208272722","procEl":1,"dataAjuizamento":"20200402195811","totalAssuntos":1,"classeProcessual":1288,"nivelSigilo":0,"orgaoJulgador":{"nomeOrgao":"Ju\u00edzo da Vara de Execu\u00e7\u00f5es Penais de Gurupi","codigoMunicipioIBGE":0,"codigoOrgao":5160,"instancia":"ORIG"},"competencia":1,"codigoLocalidade":"2722"},"siglaTribunal":"TJTO","movimento":[{"identificadorMovimento":"1","movimentoNacional":{"codigoNacional":26},"orgaoJulgador":{"nomeOrgao":"Ju\u00edzo da Vara de Execu\u00e7\u00f5es Penais de Gurupi","codigoMunicipioIBGE":0,"codigoOrgao":5160,"instancia":"ORIG"},"dataHora":"20200402195811"},{"identificadorMovimento":"2","movimentoNacional":{"codigoNacional":123},"orgaoJulgador":{"nomeOrgao":"Ju\u00edzo da Vara de Execu\u00e7\u00f5es Penais de Gurupi","codigoMunicipioIBGE":0,"codigoOrgao":5160,"instancia":"ORIG"},"dataHora":"20200402195812"},{"identificadorMovimento":"3","movimentoNacional":{"codigoNacional":51},"orgaoJulgador":{"nomeOrgao":"Ju\u00edzo da Vara de Execu\u00e7\u00f5es Penais de Gurupi","codigoMunicipioIBGE":0,"codigoOrgao":5160,"instancia":"ORIG"},"dataHora":"20200402201436"},{"identificadorMovimento":"4","movimentoNacional":{"codigoNacional":11010},"orgaoJulgador":{"nomeOrgao":"Ju\u00edzo da Vara de Execu\u00e7\u00f5es Penais de Gurupi","codigoMunicipioIBGE":0,"codigoOrgao":5160,"instancia":"ORIG"},"dataHora":"20200402205249"},{"identificadorMovimento":"5","movimentoNacional":{"codigoNacional":12265},"orgaoJulgador":{"nomeOrgao":"Ju\u00edzo da Vara de Execu\u00e7\u00f5es Penais de Gurupi","codigoMunicipioIBGE":0,"codigoOrgao":5160,"instancia":"ORIG"},"dataHora":"20200402214250"},{"identificadorMovimento":"6","movimentoNacional":{"codigoNacional":12266},"orgaoJulgador":{"nomeOrgao":"Ju\u00edzo da Vara de Execu\u00e7\u00f5es Penais de Gurupi","codigoMunicipioIBGE":0,"codigoOrgao":5160,"instancia":"ORIG"},"dataHora":"20200402221644"},{"identificadorMovimento":"7","movimentoNacional":{"codigoNacional":118},"orgaoJulgador":{"nomeOrgao":"Ju\u00edzo da Vara de Execu\u00e7\u00f5es Penais de Gurupi","codigoMunicipioIBGE":0,"codigoOrgao":5160,"instancia":"ORIG"},"dataHora":"20200402221644"},{"identificadorMovimento":"8","movimentoNacional":{"codigoNacional":11010},"orgaoJulgador":{"nomeOrgao":"Ju\u00edzo da Vara de Execu\u00e7\u00f5es Penais de Gurupi","codigoMunicipioIBGE":0,"codigoOrgao":5160,"instancia":"ORIG"},"dataHora":"20200403000602"},{"identificadorMovimento":"9","movimentoNacional":{"codigoNacional":123},"orgaoJulgador":{"nomeOrgao":"Ju\u00edzo da Vara de Execu\u00e7\u00f5es Penais de Gurupi","codigoMunicipioIBGE":0,"codigoOrgao":5160,"instancia":"ORIG"},"dataHora":"20200403121443"},{"identificadorMovimento":"10","movimentoNacional":{"codigoNacional":51},"orgaoJulgador":{"nomeOrgao":"Ju\u00edzo da Vara de Execu\u00e7\u00f5es Penais de Gurupi","codigoMunicipioIBGE":0,"codigoOrgao":5160,"instancia":"ORIG"},"dataHora":"20200406083712"},{"identificadorMovimento":"11","movimentoNacional":{"codigoNacional":12270},"orgaoJulgador":{"nomeOrgao":"Ju\u00edzo da Vara de Execu\u00e7\u00f5es Penais de Gurupi","codigoMunicipioIBGE":0,"codigoOrgao":5160,"instancia":"ORIG"},"dataHora":"20200406084459"},{"identificadorMovimento":"12","movimentoNacional":{"codigoNacional":11010},"orgaoJulgador":{"nomeOrgao":"Ju\u00edzo da Vara de Execu\u00e7\u00f5es Penais de Gurupi","codigoMunicipioIBGE":0,"codigoOrgao":5160,"instancia":"ORIG"},"dataHora":"20200406155929"},{"identificadorMovimento":"13","movimentoNacional":{"codigoNacional":60},"orgaoJulgador":{"nomeOrgao":"Ju\u00edzo da Vara de Execu\u00e7\u00f5es Penais de Gurupi","codigoMunicipioIBGE":0,"codigoOrgao":5160,"instancia":"ORIG"},"dataHora":"20200413150808"},{"identificadorMovimento":"14","movimentoNacional":{"codigoNacional":581},"orgaoJulgador":{"nomeOrgao":"Ju\u00edzo da Vara de Execu\u00e7\u00f5es Penais de Gurupi","codigoMunicipioIBGE":0,"codigoOrgao":5160,"instancia":"ORIG"},"dataHora":"20200413151639"}],"grau":"G1"},{"millisInsercao":1596174177275,"dadosBasicos":{"valorCausa":22418.42,"assunto":[{"principal":true,"codigoNacional":7792}],"dscSistema":"8","numero":"00035668420208272731","procEl":1,"dataAjuizamento":"20200403123430","totalAssuntos":1,"classeProcessual":12129,"nivelSigilo":0,"orgaoJulgador":{"nomeOrgao":"Ju\u00edzo da 1\u00aa Vara Criminal de Para\u00edso do Tocantins","codigoMunicipioIBGE":0,"codigoOrgao":5222,"instancia":"ORIG"},"competencia":1,"codigoLocalidade":"2731"},"siglaTribunal":"TJTO","movimento":[{"identificadorMovimento":"1","movimentoNacional":{"codigoNacional":26},"orgaoJulgador":{"nomeOrgao":"Ju\u00edzo da 1\u00aa Vara Criminal de Para\u00edso do Tocantins","codigoMunicipioIBGE":0,"codigoOrgao":5222,"instancia":"ORIG"},"dataHora":"20200403123430"},{"identificadorMovimento":"2","movimentoNacional":{"codigoNacional":10966},"orgaoJulgador":{"nomeOrgao":"Ju\u00edzo da 1\u00aa Vara Criminal de Para\u00edso do Tocantins","codigoMunicipioIBGE":0,"codigoOrgao":5222,"instancia":"ORIG"},"dataHora":"20200403125012"},{"identificadorMovimento":"3","movimentoNacional":{"codigoNacional":51},"orgaoJulgador":{"nomeOrgao":"Ju\u00edzo da 1\u00aa Vara Criminal de Para\u00edso do Tocantins","codigoMunicipioIBGE":0,"codigoOrgao":5222,"instancia":"ORIG"},"dataHora":"20200403125325"},{"identificadorMovimento":"4","movimentoNacional":{"codigoNacional":12185},"orgaoJulgador":{"nomeOrgao":"Ju\u00edzo da 1\u00aa Vara Criminal de Para\u00edso do Tocantins","codigoMunicipioIBGE":0,"codigoOrgao":5222,"instancia":"ORIG"},"dataHora":"20200403202207"},{"identificadorMovimento":"5","movimentoNacional":{"codigoNacional":11383},"orgaoJulgador":{"nomeOrgao":"Ju\u00edzo da 1\u00aa Vara Criminal de Para\u00edso do Tocantins","codigoMunicipioIBGE":0,"codigoOrgao":5222,"instancia":"ORIG"},"dataHora":"20200505162253"},{"identificadorMovimento":"6","movimentoNacional":{"codigoNacional":12265},"orgaoJulgador":{"nomeOrgao":"Ju\u00edzo da 1\u00aa Vara Criminal de Para\u00edso do Tocantins","codigoMunicipioIBGE":0,"codigoOrgao":5222,"instancia":"ORIG"},"dataHora":"20200505162344"},{"identificadorMovimento":"7","movimentoNacional":{"codigoNacional":12266},"orgaoJulgador":{"nomeOrgao":"Ju\u00edzo da 1\u00aa Vara Criminal de Para\u00edso do Tocantins","codigoMunicipioIBGE":0,"codigoOrgao":5222,"instancia":"ORIG"},"dataHora":"20200517235959"},{"identificadorMovimento":"8","movimentoNacional":{"codigoNacional":118},"orgaoJulgador":{"nomeOrgao":"Ju\u00edzo da 1\u00aa Vara Criminal de Para\u00edso do Tocantins","codigoMunicipioIBGE":0,"codigoOrgao":5222,"instancia":"ORIG"},"dataHora":"20200519122637"},{"identificadorMovimento":"9","movimentoNacional":{"codigoNacional":51},"orgaoJulgador":{"nomeOrgao":"Ju\u00edzo da 1\u00aa Vara Criminal de Para\u00edso do Tocantins","codigoMunicipioIBGE":0,"codigoOrgao":5222,"instancia":"ORIG"},"dataHora":"20200520101921"},{"identificadorMovimento":"10","movimentoNacional":{"codigoNacional":11010},"orgaoJulgador":{"nomeOrgao":"Ju\u00edzo da 1\u00aa Vara Criminal de Para\u00edso do Tocantins","codigoMunicipioIBGE":0,"codigoOrgao":5222,"instancia":"ORIG"},"dataHora":"20200520185823"},{"identificadorMovimento":"11","movimentoNacional":{"codigoNacional":11383},"orgaoJulgador":{"nomeOrgao":"Ju\u00edzo da 1\u00aa Vara Criminal de Para\u00edso do Tocantins","codigoMunicipioIBGE":0,"codigoOrgao":5222,"instancia":"ORIG"},"dataHora":"20200609142546"},{"identificadorMovimento":"12","movimentoNacional":{"codigoNacional":51},"orgaoJulgador":{"nomeOrgao":"Ju\u00edzo da 1\u00aa Vara Criminal de Para\u00edso do Tocantins","codigoMunicipioIBGE":0,"codigoOrgao":5222,"instancia":"ORIG"},"dataHora":"20200609142651"},{"identificadorMovimento":"13","movimentoNacional":{"codigoNacional":11010},"orgaoJulgador":{"nomeOrgao":"Ju\u00edzo da 1\u00aa Vara Criminal de Para\u00edso do Tocantins","codigoMunicipioIBGE":0,"codigoOrgao":5222,"instancia":"ORIG"},"dataHora":"20200610132904"},{"identificadorMovimento":"14","movimentoNacional":{"codigoNacional":12265},"orgaoJulgador":{"nomeOrgao":"Ju\u00edzo da 1\u00aa Vara Criminal de Para\u00edso do Tocantins","codigoMunicipioIBGE":0,"codigoOrgao":5222,"instancia":"ORIG"},"dataHora":"20200610132953"},{"identificadorMovimento":"15","movimentoNacional":{"codigoNacional":12266},"orgaoJulgador":{"nomeOrgao":"Ju\u00edzo da 1\u00aa Vara Criminal de Para\u00edso do Tocantins","codigoMunicipioIBGE":0,"codigoOrgao":5222,"instancia":"ORIG"},"dataHora":"20200623235959"},{"identificadorMovimento":"16","movimentoNacional":{"codigoNacional":60},"orgaoJulgador":{"nomeOrgao":"Ju\u00edzo da 1\u00aa Vara Criminal de Para\u00edso do Tocantins","codigoMunicipioIBGE":0,"codigoOrgao":5222,"instancia":"ORIG"},"dataHora":"20200629130442"},{"identificadorMovimento":"17","movimentoNacional":{"codigoNacional":123},"orgaoJulgador":{"nomeOrgao":"Ju\u00edzo da 1\u00aa Vara Criminal de Para\u00edso do Tocantins","codigoMunicipioIBGE":0,"codigoOrgao":5222,"instancia":"ORIG"},"dataHora":"20200629130522"},{"identificadorMovimento":"18","movimentoNacional":{"codigoNacional":118},"orgaoJulgador":{"nomeOrgao":"Ju\u00edzo da 1\u00aa Vara Criminal de Para\u00edso do Tocantins","codigoMunicipioIBGE":0,"codigoOrgao":5222,"instancia":"ORIG"},"dataHora":"20200629163757"}],"grau":"G1"},{"millisInsercao":1596174178219,"dadosBasicos":{"valorCausa":0.0,"assunto":[{"principal":true,"codigoNacional":3465}],"dscSistema":"8","numero":"00059162720208272737","procEl":1,"dataAjuizamento":"20200419081443","totalAssuntos":1,"classeProcessual":1288,"nivelSigilo":0,"orgaoJulgador":{"nomeOrgao":"Ju\u00edzo da 2\u00aa Vara Criminal de Porto Nacional","codigoMunicipioIBGE":0,"codigoOrgao":5289,"instancia":"ORIG"},"competencia":1,"codigoLocalidade":"2737"},"siglaTribunal":"TJTO","movimento":[{"identificadorMovimento":"1","movimentoNacional":{"codigoNacional":26},"orgaoJulgador":{"nomeOrgao":"Ju\u00edzo da 2\u00aa Vara Criminal de Porto Nacional","codigoMunicipioIBGE":0,"codigoOrgao":5289,"instancia":"ORIG"},"dataHora":"20200419081443"},{"identificadorMovimento":"2","movimentoNacional":{"codigoNacional":123},"orgaoJulgador":{"nomeOrgao":"Ju\u00edzo da 2\u00aa Vara Criminal de Porto Nacional","codigoMunicipioIBGE":0,"codigoOrgao":5289,"instancia":"ORIG"},"dataHora":"20200419081444"},{"identificadorMovimento":"3","movimentoNacional":{"codigoNacional":11383},"orgaoJulgador":{"nomeOrgao":"Ju\u00edzo da 2\u00aa Vara Criminal de Porto Nacional","codigoMunicipioIBGE":0,"codigoOrgao":5289,"instancia":"ORIG"},"dataHora":"20200419112138"},{"identificadorMovimento":"4","movimentoNacional":{"codigoNacional":51},"orgaoJulgador":{"nomeOrgao":"Ju\u00edzo da 2\u00aa Vara Criminal de Porto Nacional","codigoMunicipioIBGE":0,"codigoOrgao":5289,"instancia":"ORIG"},"dataHora":"20200419112150"},{"identificadorMovimento":"5","movimentoNacional":{"codigoNacional":11010},"orgaoJulgador":{"nomeOrgao":"Ju\u00edzo da 2\u00aa Vara Criminal de Porto Nacional","codigoMunicipioIBGE":0,"codigoOrgao":5289,"instancia":"ORIG"},"dataHora":"20200419195907"},{"identificadorMovimento":"6","movimentoNacional":{"codigoNacional":12265},"orgaoJulgador":{"nomeOrgao":"Ju\u00edzo da 2\u00aa Vara Criminal de Porto Nacional","codigoMunicipioIBGE":0,"codigoOrgao":5289,"instancia":"ORIG"},"dataHora":"20200419202054"},{"identificadorMovimento":"7","movimentoNacional":{"codigoNacional":12265},"orgaoJulgador":{"nomeOrgao":"Ju\u00edzo da 2\u00aa Vara Criminal de Porto Nacional","codigoMunicipioIBGE":0,"codigoOrgao":5289,"instancia":"ORIG"},"dataHora":"20200419202054"},{"identificadorMovimento":"8","movimentoNacional":{"codigoNacional":12266},"orgaoJulgador":{"nomeOrgao":"Ju\u00edzo da 2\u00aa Vara Criminal de Porto Nacional","codigoMunicipioIBGE":0,"codigoOrgao":5289,"instancia":"ORIG"},"dataHora":"20200419222123"},{"identificadorMovimento":"9","movimentoNacional":{"codigoNacional":118},"orgaoJulgador":{"nomeOrgao":"Ju\u00edzo da 2\u00aa Vara Criminal de Porto Nacional","codigoMunicipioIBGE":0,"codigoOrgao":5289,"instancia":"ORIG"},"dataHora":"20200419222123"},{"identificadorMovimento":"10","movimentoNacional":{"codigoNacional":11383},"orgaoJulgador":{"nomeOrgao":"Ju\u00edzo da 2\u00aa Vara Criminal de Porto Nacional","codigoMunicipioIBGE":0,"codigoOrgao":5289,"instancia":"ORIG"},"dataHora":"20200422100503"},{"identificadorMovimento":"11","movimentoNacional":{"codigoNacional":51},"orgaoJulgador":{"nomeOrgao":"Ju\u00edzo da 2\u00aa Vara Criminal de Porto Nacional","codigoMunicipioIBGE":0,"codigoOrgao":5289,"instancia":"ORIG"},"dataHora":"20200422100527"},{"identificadorMovimento":"12","movimentoNacional":{"codigoNacional":123},"orgaoJulgador":{"nomeOrgao":"Ju\u00edzo da 2\u00aa Vara Criminal de Porto Nacional","codigoMunicipioIBGE":0,"codigoOrgao":5289,"instancia":"ORIG"},"dataHora":"20200422110154"},{"identificadorMovimento":"13","movimentoNacional":{"codigoNacional":11010},"orgaoJulgador":{"nomeOrgao":"Ju\u00edzo da 2\u00aa Vara Criminal de Porto Nacional","codigoMunicipioIBGE":0,"codigoOrgao":5289,"instancia":"ORIG"},"dataHora":"20200422160748"},{"identificadorMovimento":"14","movimentoNacional":{"codigoNacional":11383},"orgaoJulgador":{"nomeOrgao":"Ju\u00edzo da 2\u00aa Vara Criminal de Porto Nacional","codigoMunicipioIBGE":0,"codigoOrgao":5289,"instancia":"ORIG"},"dataHora":"20200423111311"},{"identificadorMovimento":"15","movimentoNacional":{"codigoNacional":22},"orgaoJulgador":{"nomeOrgao":"Ju\u00edzo da 2\u00aa Vara Criminal de Porto Nacional","codigoMunicipioIBGE":0,"codigoOrgao":5289,"instancia":"ORIG"},"dataHora":"20200423111326"}],"grau":"G1"},{"millisInsercao":1596174178306,"dadosBasicos":{"valorCausa":0.0,"assunto":[{"principal":true,"codigoNacional":4355}],"dscSistema":"8","numero":"00173538920208272729","procEl":1,"dataAjuizamento":"20200421050829","totalAssuntos":1,"classeProcessual":1288,"nivelSigilo":0,"orgaoJulgador":{"nomeOrgao":"Juizo da 4\u00aa Vara Criminal de Palmas","codigoMunicipioIBGE":0,"codigoOrgao":5196,"instancia":"ORIG"},"competencia":1,"codigoLocalidade":"2729"},"siglaTribunal":"TJTO","movimento":[{"identificadorMovimento":"1","movimentoNacional":{"codigoNacional":26},"orgaoJulgador":{"nomeOrgao":"Juizo da 4\u00aa Vara Criminal de Palmas","codigoMunicipioIBGE":0,"codigoOrgao":5196,"instancia":"ORIG"},"dataHora":"20200421050829"},{"identificadorMovimento":"2","movimentoNacional":{"codigoNacional":123},"orgaoJulgador":{"nomeOrgao":"Juizo da 4\u00aa Vara Criminal de Palmas","codigoMunicipioIBGE":0,"codigoOrgao":5196,"instancia":"ORIG"},"dataHora":"20200421050830"},{"identificadorMovimento":"3","movimentoNacional":{"codigoNacional":51},"orgaoJulgador":{"nomeOrgao":"Juizo da 4\u00aa Vara Criminal de Palmas","codigoMunicipioIBGE":0,"codigoOrgao":5196,"instancia":"ORIG"},"dataHora":"20200421053705"},{"identificadorMovimento":"4","movimentoNacional":{"codigoNacional":11010},"orgaoJulgador":{"nomeOrgao":"Juizo da 4\u00aa Vara Criminal de Palmas","codigoMunicipioIBGE":0,"codigoOrgao":5196,"instancia":"ORIG"},"dataHora":"20200421080348"},{"identificadorMovimento":"6","movimentoNacional":{"codigoNacional":12291},"orgaoJulgador":{"nomeOrgao":"Juizo da 4\u00aa Vara Criminal de Palmas","codigoMunicipioIBGE":0,"codigoOrgao":5196,"instancia":"ORIG"},"dataHora":"20200421080948"},{"identificadorMovimento":"7","movimentoNacional":{"codigoNacional":12265},"orgaoJulgador":{"nomeOrgao":"Juizo da 4\u00aa Vara Criminal de Palmas","codigoMunicipioIBGE":0,"codigoOrgao":5196,"instancia":"ORIG"},"dataHora":"20200421081152"},{"identificadorMovimento":"8","movimentoNacional":{"codigoNacional":12266},"orgaoJulgador":{"nomeOrgao":"Juizo da 4\u00aa Vara Criminal de Palmas","codigoMunicipioIBGE":0,"codigoOrgao":5196,"instancia":"ORIG"},"dataHora":"20200421122917"},{"identificadorMovimento":"9","movimentoNacional":{"codigoNacional":118},"orgaoJulgador":{"nomeOrgao":"Juizo da 4\u00aa Vara Criminal de Palmas","codigoMunicipioIBGE":0,"codigoOrgao":5196,"instancia":"ORIG"},"dataHora":"20200421122917"},{"identificadorMovimento":"10","movimentoNacional":{"codigoNacional":118},"orgaoJulgador":{"nomeOrgao":"Juizo da 4\u00aa Vara Criminal de Palmas","codigoMunicipioIBGE":0,"codigoOrgao":5196,"instancia":"ORIG"},"dataHora":"20200421123047"},{"identificadorMovimento":"11","movimentoNacional":{"codigoNacional":51},"orgaoJulgador":{"nomeOrgao":"Juizo da 4\u00aa Vara Criminal de Palmas","codigoMunicipioIBGE":0,"codigoOrgao":5196,"instancia":"ORIG"},"dataHora":"20200421132125"},{"identificadorMovimento":"12","movimentoNacional":{"codigoNacional":11010},"orgaoJulgador":{"nomeOrgao":"Juizo da 4\u00aa Vara Criminal de Palmas","codigoMunicipioIBGE":0,"codigoOrgao":5196,"instancia":"ORIG"},"dataHora":"20200421154801"},{"identificadorMovimento":"13","movimentoNacional":{"codigoNacional":123},"orgaoJulgador":{"nomeOrgao":"Juizo da 4\u00aa Vara Criminal de Palmas","codigoMunicipioIBGE":0,"codigoOrgao":5196,"instancia":"ORIG"},"dataHora":"20200422120853"},{"identificadorMovimento":"14","movimentoNacional":{"codigoNacional":36},"orgaoJulgador":{"nomeOrgao":"Juizo da 4\u00aa Vara Criminal de Palmas","codigoMunicipioIBGE":0,"codigoOrgao":5196,"instancia":"ORIG"},"dataHora":"20200422130614"},{"identificadorMovimento":"15","movimentoNacional":{"codigoNacional":36},"orgaoJulgador":{"nomeOrgao":"Juizo da 4\u00aa Vara Criminal de Palmas","codigoMunicipioIBGE":0,"codigoOrgao":5196,"instancia":"ORIG"},"dataHora":"20200422130614"},{"identificadorMovimento":"17","movimentoNacional":{"codigoNacional":12291},"orgaoJulgador":{"nomeOrgao":"Juizo da 4\u00aa Vara Criminal de Palmas","codigoMunicipioIBGE":0,"codigoOrgao":5196,"instancia":"ORIG"},"dataHora":"20200422143149"},{"identificadorMovimento":"18","movimentoNacional":{"codigoNacional":51},"orgaoJulgador":{"nomeOrgao":"Juizo da 4\u00aa Vara Criminal de Palmas","codigoMunicipioIBGE":0,"codigoOrgao":5196,"instancia":"ORIG"},"dataHora":"20200422143216"},{"identificadorMovimento":"19","movimentoNacional":{"codigoNacional":11010},"orgaoJulgador":{"nomeOrgao":"Juizo da 4\u00aa Vara Criminal de Palmas","codigoMunicipioIBGE":0,"codigoOrgao":5196,"instancia":"ORIG"},"dataHora":"20200423182517"},{"identificadorMovimento":"20","movimentoNacional":{"codigoNacional":60},"orgaoJulgador":{"nomeOrgao":"Juizo da 4\u00aa Vara Criminal de Palmas","codigoMunicipioIBGE":0,"codigoOrgao":5196,"instancia":"ORIG"},"dataHora":"20200423183227"},{"identificadorMovimento":"21","movimentoNacional":{"codigoNacional":581},"orgaoJulgador":{"nomeOrgao":"Juizo da 4\u00aa Vara Criminal de Palmas","codigoMunicipioIBGE":0,"codigoOrgao":5196,"instancia":"ORIG"},"dataHora":"20200424131306"},{"identificadorMovimento":"22","movimentoNacional":{"codigoNacional":581},"orgaoJulgador":{"nomeOrgao":"Juizo da 4\u00aa Vara Criminal de Palmas","codigoMunicipioIBGE":0,"codigoOrgao":5196,"instancia":"ORIG"},"dataHora":"20200528104349"}],"grau":"G1"},{"millisInsercao":1596174178646,"dadosBasicos":{"valorCausa":0.0,"assunto":[{"principal":true,"codigoNacional":10907}],"dscSistema":"8","numero":"00058750820208272722","procEl":1,"dataAjuizamento":"20200422160621","totalAssuntos":1,"classeProcessual":1288,"nivelSigilo":0,"orgaoJulgador":{"nomeOrgao":"Ju\u00edzo da Vara de Execu\u00e7\u00f5es Penais de Gurupi","codigoMunicipioIBGE":0,"codigoOrgao":5160,"instancia":"ORIG"},"competencia":1,"codigoLocalidade":"2722"},"siglaTribunal":"TJTO","movimento":[{"identificadorMovimento":"1","movimentoNacional":{"codigoNacional":26},"orgaoJulgador":{"nomeOrgao":"Ju\u00edzo da Vara de Execu\u00e7\u00f5es Penais de Gurupi","codigoMunicipioIBGE":0,"codigoOrgao":5160,"instancia":"ORIG"},"dataHora":"20200422160621"},{"identificadorMovimento":"2","movimentoNacional":{"codigoNacional":10966},"orgaoJulgador":{"nomeOrgao":"Ju\u00edzo da Vara de Execu\u00e7\u00f5es Penais de Gurupi","codigoMunicipioIBGE":0,"codigoOrgao":5160,"instancia":"ORIG"},"dataHora":"20200422170418"},{"identificadorMovimento":"3","movimentoNacional":{"codigoNacional":51},"orgaoJulgador":{"nomeOrgao":"Ju\u00edzo da Vara de Execu\u00e7\u00f5es Penais de Gurupi","codigoMunicipioIBGE":0,"codigoOrgao":5160,"instancia":"ORIG"},"dataHora":"20200422170551"},{"identificadorMovimento":"4","movimentoNacional":{"codigoNacional":11010},"orgaoJulgador":{"nomeOrgao":"Ju\u00edzo da Vara de Execu\u00e7\u00f5es Penais de Gurupi","codigoMunicipioIBGE":0,"codigoOrgao":5160,"instancia":"ORIG"},"dataHora":"20200422235037"},{"identificadorMovimento":"5","movimentoNacional":{"codigoNacional":60},"orgaoJulgador":{"nomeOrgao":"Ju\u00edzo da Vara de Execu\u00e7\u00f5es Penais de Gurupi","codigoMunicipioIBGE":0,"codigoOrgao":5160,"instancia":"ORIG"},"dataHora":"20200427170720"},{"identificadorMovimento":"6","movimentoNacional":{"codigoNacional":581},"orgaoJulgador":{"nomeOrgao":"Ju\u00edzo da Vara de Execu\u00e7\u00f5es Penais de Gurupi","codigoMunicipioIBGE":0,"codigoOrgao":5160,"instancia":"ORIG"},"dataHora":"20200427171907"},{"identificadorMovimento":"7","movimentoNacional":{"codigoNacional":581},"orgaoJulgador":{"nomeOrgao":"Ju\u00edzo da Vara de Execu\u00e7\u00f5es Penais de Gurupi","codigoMunicipioIBGE":0,"codigoOrgao":5160,"instancia":"ORIG"},"dataHora":"20200427172435"},{"identificadorMovimento":"8","movimentoNacional":{"codigoNacional":12265},"orgaoJulgador":{"nomeOrgao":"Ju\u00edzo da Vara de Execu\u00e7\u00f5es Penais de Gurupi","codigoMunicipioIBGE":0,"codigoOrgao":5160,"instancia":"ORIG"},"dataHora":"20200427172843"},{"identificadorMovimento":"9","movimentoNacional":{"codigoNacional":12265},"orgaoJulgador":{"nomeOrgao":"Ju\u00edzo da Vara de Execu\u00e7\u00f5es Penais de Gurupi","codigoMunicipioIBGE":0,"codigoOrgao":5160,"instancia":"ORIG"},"dataHora":"20200427172843"},{"identificadorMovimento":"10","movimentoNacional":{"codigoNacional":12266},"orgaoJulgador":{"nomeOrgao":"Ju\u00edzo da Vara de Execu\u00e7\u00f5es Penais de Gurupi","codigoMunicipioIBGE":0,"codigoOrgao":5160,"instancia":"ORIG"},"dataHora":"20200427173309"},{"identificadorMovimento":"11","movimentoNacional":{"codigoNacional":118},"orgaoJulgador":{"nomeOrgao":"Ju\u00edzo da Vara de Execu\u00e7\u00f5es Penais de Gurupi","codigoMunicipioIBGE":0,"codigoOrgao":5160,"instancia":"ORIG"},"dataHora":"20200427173542"},{"identificadorMovimento":"12","movimentoNacional":{"codigoNacional":11383},"orgaoJulgador":{"nomeOrgao":"Ju\u00edzo da Vara de Execu\u00e7\u00f5es Penais de Gurupi","codigoMunicipioIBGE":0,"codigoOrgao":5160,"instancia":"ORIG"},"dataHora":"20200430130759"},{"identificadorMovimento":"13","movimentoNacional":{"codigoNacional":12266},"orgaoJulgador":{"nomeOrgao":"Ju\u00edzo da Vara de Execu\u00e7\u00f5es Penais de Gurupi","codigoMunicipioIBGE":0,"codigoOrgao":5160,"instancia":"ORIG"},"dataHora":"20200504154644"},{"identificadorMovimento":"14","movimentoNacional":{"codigoNacional":118},"orgaoJulgador":{"nomeOrgao":"Ju\u00edzo da Vara de Execu\u00e7\u00f5es Penais de Gurupi","codigoMunicipioIBGE":0,"codigoOrgao":5160,"instancia":"ORIG"},"dataHora":"20200504154644"}],"grau":"G1"},{"millisInsercao":1596174178696,"dadosBasicos":{"valorCausa":0.0,"assunto":[{"principal":true,"codigoNacional":3419}],"dscSistema":"8","numero":"00061276320208272737","procEl":1,"dataAjuizamento":"20200423091719","totalAssuntos":1,"classeProcessual":1288,"nivelSigilo":0,"orgaoJulgador":{"nomeOrgao":"Ju\u00edzo da 2\u00aa Vara Criminal de Porto Nacional","codigoMunicipioIBGE":0,"codigoOrgao":5289,"instancia":"ORIG"},"competencia":1,"codigoLocalidade":"2737"},"siglaTribunal":"TJTO","movimento":[{"identificadorMovimento":"1","movimentoNacional":{"codigoNacional":26},"orgaoJulgador":{"nomeOrgao":"Ju\u00edzo da 2\u00aa Vara Criminal de Porto Nacional","codigoMunicipioIBGE":0,"codigoOrgao":5289,"instancia":"ORIG"},"dataHora":"20200423091719"},{"identificadorMovimento":"2","movimentoNacional":{"codigoNacional":118},"orgaoJulgador":{"nomeOrgao":"Ju\u00edzo da 2\u00aa Vara Criminal de Porto Nacional","codigoMunicipioIBGE":0,"codigoOrgao":5289,"instancia":"ORIG"},"dataHora":"20200423093508"},{"identificadorMovimento":"3","movimentoNacional":{"codigoNacional":51},"orgaoJulgador":{"nomeOrgao":"Ju\u00edzo da 2\u00aa Vara Criminal de Porto Nacional","codigoMunicipioIBGE":0,"codigoOrgao":5289,"instancia":"ORIG"},"dataHora":"20200423094708"},{"identificadorMovimento":"4","movimentoNacional":{"codigoNacional":11010},"orgaoJulgador":{"nomeOrgao":"Ju\u00edzo da 2\u00aa Vara Criminal de Porto Nacional","codigoMunicipioIBGE":0,"codigoOrgao":5289,"instancia":"ORIG"},"dataHora":"20200423155547"},{"identificadorMovimento":"5","movimentoNacional":{"codigoNacional":11383},"orgaoJulgador":{"nomeOrgao":"Ju\u00edzo da 2\u00aa Vara Criminal de Porto Nacional","codigoMunicipioIBGE":0,"codigoOrgao":5289,"instancia":"ORIG"},"dataHora":"20200423164245"},{"identificadorMovimento":"6","movimentoNacional":{"codigoNacional":51},"orgaoJulgador":{"nomeOrgao":"Ju\u00edzo da 2\u00aa Vara Criminal de Porto Nacional","codigoMunicipioIBGE":0,"codigoOrgao":5289,"instancia":"ORIG"},"dataHora":"20200423164330"},{"identificadorMovimento":"7","movimentoNacional":{"codigoNacional":11010},"orgaoJulgador":{"nomeOrgao":"Ju\u00edzo da 2\u00aa Vara Criminal de Porto Nacional","codigoMunicipioIBGE":0,"codigoOrgao":5289,"instancia":"ORIG"},"dataHora":"20200427153118"},{"identificadorMovimento":"8","movimentoNacional":{"codigoNacional":22},"orgaoJulgador":{"nomeOrgao":"Ju\u00edzo da 2\u00aa Vara Criminal de Porto Nacional","codigoMunicipioIBGE":0,"codigoOrgao":5289,"instancia":"ORIG"},"dataHora":"20200427170733"}],"grau":"G1"},{"millisInsercao":1596174179028,"dadosBasicos":{"valorCausa":0.0,"assunto":[{"principal":true,"codigoNacional":10907}],"dscSistema":"8","numero":"00023024420208272727","procEl":1,"dataAjuizamento":"20200427143842","totalAssuntos":1,"classeProcessual":12129,"nivelSigilo":0,"orgaoJulgador":{"nomeOrgao":"Ju\u00edzo da 1\u00aa Escrivania Criminal de Natividade","codigoMunicipioIBGE":0,"codigoOrgao":5512,"instancia":"ORIG"},"competencia":1,"codigoLocalidade":"2727"},"siglaTribunal":"TJTO","movimento":[{"identificadorMovimento":"1","movimentoNacional":{"codigoNacional":26},"orgaoJulgador":{"nomeOrgao":"Ju\u00edzo da 1\u00aa Escrivania Criminal de Natividade","codigoMunicipioIBGE":0,"codigoOrgao":5512,"instancia":"ORIG"},"dataHora":"20200427143842"},{"identificadorMovimento":"2","movimentoNacional":{"codigoNacional":36},"orgaoJulgador":{"nomeOrgao":"Ju\u00edzo da 1\u00aa Escrivania Criminal de Natividade","codigoMunicipioIBGE":0,"codigoOrgao":5512,"instancia":"ORIG"},"dataHora":"20200427144256"},{"identificadorMovimento":"3","movimentoNacional":{"codigoNacional":10966},"orgaoJulgador":{"nomeOrgao":"Ju\u00edzo da 1\u00aa Escrivania Criminal de Natividade","codigoMunicipioIBGE":0,"codigoOrgao":5512,"instancia":"ORIG"},"dataHora":"20200427144256"},{"identificadorMovimento":"4","movimentoNacional":{"codigoNacional":11383},"orgaoJulgador":{"nomeOrgao":"Ju\u00edzo da 1\u00aa Escrivania Criminal de Natividade","codigoMunicipioIBGE":0,"codigoOrgao":5512,"instancia":"ORIG"},"dataHora":"20200427144400"},{"identificadorMovimento":"5","movimentoNacional":{"codigoNacional":51},"orgaoJulgador":{"nomeOrgao":"Ju\u00edzo da 1\u00aa Escrivania Criminal de Natividade","codigoMunicipioIBGE":0,"codigoOrgao":5512,"instancia":"ORIG"},"dataHora":"20200427144433"},{"identificadorMovimento":"6","movimentoNacional":{"codigoNacional":12164},"orgaoJulgador":{"nomeOrgao":"Ju\u00edzo da 1\u00aa Escrivania Criminal de Natividade","codigoMunicipioIBGE":0,"codigoOrgao":5512,"instancia":"ORIG"},"dataHora":"20200427173622"},{"identificadorMovimento":"7","movimentoNacional":{"codigoNacional":581},"orgaoJulgador":{"nomeOrgao":"Ju\u00edzo da 1\u00aa Escrivania Criminal de Natividade","codigoMunicipioIBGE":0,"codigoOrgao":5512,"instancia":"ORIG"},"dataHora":"20200428121436"},{"identificadorMovimento":"8","movimentoNacional":{"codigoNacional":22},"orgaoJulgador":{"nomeOrgao":"Ju\u00edzo da 1\u00aa Escrivania Criminal de Natividade","codigoMunicipioIBGE":0,"codigoOrgao":5512,"instancia":"ORIG"},"dataHora":"20200428121514"}],"grau":"G1"},{"millisInsercao":1596174179057,"dadosBasicos":{"valorCausa":0.0,"assunto":[{"principal":true,"codigoNacional":10906}],"dscSistema":"8","numero":"00181818520208272729","procEl":1,"dataAjuizamento":"20200428001306","totalAssuntos":1,"classeProcessual":1288,"nivelSigilo":0,"orgaoJulgador":{"nomeOrgao":"Juizo da 4\u00aa Vara Criminal de Palmas","codigoMunicipioIBGE":0,"codigoOrgao":5196,"instancia":"ORIG"},"competencia":1,"codigoLocalidade":"2729"},"siglaTribunal":"TJTO","movimento":[{"identificadorMovimento":"1","movimentoNacional":{"codigoNacional":26},"orgaoJulgador":{"nomeOrgao":"Juizo da 4\u00aa Vara Criminal de Palmas","codigoMunicipioIBGE":0,"codigoOrgao":5196,"instancia":"ORIG"},"dataHora":"20200428001306"},{"identificadorMovimento":"2","movimentoNacional":{"codigoNacional":123},"orgaoJulgador":{"nomeOrgao":"Juizo da 4\u00aa Vara Criminal de Palmas","codigoMunicipioIBGE":0,"codigoOrgao":5196,"instancia":"ORIG"},"dataHora":"20200428001307"},{"identificadorMovimento":"3","movimentoNacional":{"codigoNacional":11010},"orgaoJulgador":{"nomeOrgao":"Juizo da 4\u00aa Vara Criminal de Palmas","codigoMunicipioIBGE":0,"codigoOrgao":5196,"instancia":"ORIG"},"dataHora":"20200428080703"},{"identificadorMovimento":"4","movimentoNacional":{"codigoNacional":12265},"orgaoJulgador":{"nomeOrgao":"Juizo da 4\u00aa Vara Criminal de Palmas","codigoMunicipioIBGE":0,"codigoOrgao":5196,"instancia":"ORIG"},"dataHora":"20200428091149"},{"identificadorMovimento":"5","movimentoNacional":{"codigoNacional":123},"orgaoJulgador":{"nomeOrgao":"Juizo da 4\u00aa Vara Criminal de Palmas","codigoMunicipioIBGE":0,"codigoOrgao":5196,"instancia":"ORIG"},"dataHora":"20200428120035"},{"identificadorMovimento":"6","movimentoNacional":{"codigoNacional":11383},"orgaoJulgador":{"nomeOrgao":"Juizo da 4\u00aa Vara Criminal de Palmas","codigoMunicipioIBGE":0,"codigoOrgao":5196,"instancia":"ORIG"},"dataHora":"20200428120954"},{"identificadorMovimento":"7","movimentoNacional":{"codigoNacional":12266},"orgaoJulgador":{"nomeOrgao":"Juizo da 4\u00aa Vara Criminal de Palmas","codigoMunicipioIBGE":0,"codigoOrgao":5196,"instancia":"ORIG"},"dataHora":"20200508235959"},{"identificadorMovimento":"8","movimentoNacional":{"codigoNacional":1051},"orgaoJulgador":{"nomeOrgao":"Juizo da 4\u00aa Vara Criminal de Palmas","codigoMunicipioIBGE":0,"codigoOrgao":5196,"instancia":"ORIG"},"dataHora":"20200516000414"},{"identificadorMovimento":"9","movimentoNacional":{"codigoNacional":22},"orgaoJulgador":{"nomeOrgao":"Juizo da 4\u00aa Vara Criminal de Palmas","codigoMunicipioIBGE":0,"codigoOrgao":5196,"instancia":"ORIG"},"dataHora":"20200625105708"}],"grau":"G1"},{"millisInsercao":1596174179154,"dadosBasicos":{"valorCausa":0.0,"assunto":[{"principal":true,"codigoNacional":10907}],"dscSistema":"8","numero":"00032422720208272721","procEl":1,"dataAjuizamento":"20200429153848","totalAssuntos":1,"classeProcessual":1288,"nivelSigilo":0,"orgaoJulgador":{"nomeOrgao":"Ju\u00edzo da 1\u00aa Vara Criminal de Guara\u00ed","codigoMunicipioIBGE":0,"codigoOrgao":4367,"instancia":"ORIG"},"competencia":1,"codigoLocalidade":"2721"},"siglaTribunal":"TJTO","movimento":[{"identificadorMovimento":"1","movimentoNacional":{"codigoNacional":26},"orgaoJulgador":{"nomeOrgao":"Ju\u00edzo da 1\u00aa Vara Criminal de Guara\u00ed","codigoMunicipioIBGE":0,"codigoOrgao":4367,"instancia":"ORIG"},"dataHora":"20200429153848"},{"identificadorMovimento":"2","movimentoNacional":{"codigoNacional":10966},"orgaoJulgador":{"nomeOrgao":"Ju\u00edzo da 1\u00aa Vara Criminal de Guara\u00ed","codigoMunicipioIBGE":0,"codigoOrgao":4367,"instancia":"ORIG"},"dataHora":"20200429161806"},{"identificadorMovimento":"3","movimentoNacional":{"codigoNacional":11383},"orgaoJulgador":{"nomeOrgao":"Ju\u00edzo da 1\u00aa Vara Criminal de Guara\u00ed","codigoMunicipioIBGE":0,"codigoOrgao":4367,"instancia":"ORIG"},"dataHora":"20200429161831"},{"identificadorMovimento":"4","movimentoNacional":{"codigoNacional":51},"orgaoJulgador":{"nomeOrgao":"Ju\u00edzo da 1\u00aa Vara Criminal de Guara\u00ed","codigoMunicipioIBGE":0,"codigoOrgao":4367,"instancia":"ORIG"},"dataHora":"20200429161845"},{"identificadorMovimento":"5","movimentoNacional":{"codigoNacional":12164},"orgaoJulgador":{"nomeOrgao":"Ju\u00edzo da 1\u00aa Vara Criminal de Guara\u00ed","codigoMunicipioIBGE":0,"codigoOrgao":4367,"instancia":"ORIG"},"dataHora":"20200430143644"},{"identificadorMovimento":"6","movimentoNacional":{"codigoNacional":12265},"orgaoJulgador":{"nomeOrgao":"Ju\u00edzo da 1\u00aa Vara Criminal de Guara\u00ed","codigoMunicipioIBGE":0,"codigoOrgao":4367,"instancia":"ORIG"},"dataHora":"20200430144838"},{"identificadorMovimento":"7","movimentoNacional":{"codigoNacional":12266},"orgaoJulgador":{"nomeOrgao":"Ju\u00edzo da 1\u00aa Vara Criminal de Guara\u00ed","codigoMunicipioIBGE":0,"codigoOrgao":4367,"instancia":"ORIG"},"dataHora":"20200504092143"},{"identificadorMovimento":"8","movimentoNacional":{"codigoNacional":118},"orgaoJulgador":{"nomeOrgao":"Ju\u00edzo da 1\u00aa Vara Criminal de Guara\u00ed","codigoMunicipioIBGE":0,"codigoOrgao":4367,"instancia":"ORIG"},"dataHora":"20200504092143"},{"identificadorMovimento":"9","movimentoNacional":{"codigoNacional":11383},"orgaoJulgador":{"nomeOrgao":"Ju\u00edzo da 1\u00aa Vara Criminal de Guara\u00ed","codigoMunicipioIBGE":0,"codigoOrgao":4367,"instancia":"ORIG"},"dataHora":"20200504132131"},{"identificadorMovimento":"10","movimentoNacional":{"codigoNacional":51},"orgaoJulgador":{"nomeOrgao":"Ju\u00edzo da 1\u00aa Vara Criminal de Guara\u00ed","codigoMunicipioIBGE":0,"codigoOrgao":4367,"instancia":"ORIG"},"dataHora":"20200504132256"},{"identificadorMovimento":"11","movimentoNacional":{"codigoNacional":12164},"orgaoJulgador":{"nomeOrgao":"Ju\u00edzo da 1\u00aa Vara Criminal de Guara\u00ed","codigoMunicipioIBGE":0,"codigoOrgao":4367,"instancia":"ORIG"},"dataHora":"20200504133144"},{"identificadorMovimento":"12","movimentoNacional":{"codigoNacional":12287},"orgaoJulgador":{"nomeOrgao":"Ju\u00edzo da 1\u00aa Vara Criminal de Guara\u00ed","codigoMunicipioIBGE":0,"codigoOrgao":4367,"instancia":"ORIG"},"dataHora":"20200504140906"},{"identificadorMovimento":"13","movimentoNacional":{"codigoNacional":12266},"orgaoJulgador":{"nomeOrgao":"Ju\u00edzo da 1\u00aa Vara Criminal de Guara\u00ed","codigoMunicipioIBGE":0,"codigoOrgao":4367,"instancia":"ORIG"},"dataHora":"20200505100046"},{"identificadorMovimento":"14","movimentoNacional":{"codigoNacional":118},"orgaoJulgador":{"nomeOrgao":"Ju\u00edzo da 1\u00aa Vara Criminal de Guara\u00ed","codigoMunicipioIBGE":0,"codigoOrgao":4367,"instancia":"ORIG"},"dataHora":"20200505100046"},{"identificadorMovimento":"15","movimentoNacional":{"codigoNacional":22},"orgaoJulgador":{"nomeOrgao":"Ju\u00edzo da 1\u00aa Vara Criminal de Guara\u00ed","codigoMunicipioIBGE":0,"codigoOrgao":4367,"instancia":"ORIG"},"dataHora":"20200513134022"}],"grau":"G1"},{"millisInsercao":1596174179205,"dadosBasicos":{"valorCausa":0.0,"assunto":[{"principal":true,"codigoNacional":10907}],"dscSistema":"8","numero":"00061886620208272722","procEl":1,"dataAjuizamento":"20200502115915","totalAssuntos":1,"classeProcessual":1288,"nivelSigilo":0,"orgaoJulgador":{"nomeOrgao":"Ju\u00edzo da Vara de Execu\u00e7\u00f5es Penais de Gurupi","codigoMunicipioIBGE":0,"codigoOrgao":5160,"instancia":"ORIG"},"competencia":1,"codigoLocalidade":"2722"},"siglaTribunal":"TJTO","movimento":[{"identificadorMovimento":"1","movimentoNacional":{"codigoNacional":26},"orgaoJulgador":{"nomeOrgao":"Ju\u00edzo da Vara de Execu\u00e7\u00f5es Penais de Gurupi","codigoMunicipioIBGE":0,"codigoOrgao":5160,"instancia":"ORIG"},"dataHora":"20200502115915"},{"identificadorMovimento":"2","movimentoNacional":{"codigoNacional":10966},"orgaoJulgador":{"nomeOrgao":"Ju\u00edzo da Vara de Execu\u00e7\u00f5es Penais de Gurupi","codigoMunicipioIBGE":0,"codigoOrgao":5160,"instancia":"ORIG"},"dataHora":"20200504084555"},{"identificadorMovimento":"3","movimentoNacional":{"codigoNacional":51},"orgaoJulgador":{"nomeOrgao":"Ju\u00edzo da Vara de Execu\u00e7\u00f5es Penais de Gurupi","codigoMunicipioIBGE":0,"codigoOrgao":5160,"instancia":"ORIG"},"dataHora":"20200504090104"},{"identificadorMovimento":"4","movimentoNacional":{"codigoNacional":12164},"orgaoJulgador":{"nomeOrgao":"Ju\u00edzo da Vara de Execu\u00e7\u00f5es Penais de Gurupi","codigoMunicipioIBGE":0,"codigoOrgao":5160,"instancia":"ORIG"},"dataHora":"20200504112849"},{"identificadorMovimento":"5","movimentoNacional":{"codigoNacional":60},"orgaoJulgador":{"nomeOrgao":"Ju\u00edzo da Vara de Execu\u00e7\u00f5es Penais de Gurupi","codigoMunicipioIBGE":0,"codigoOrgao":5160,"instancia":"ORIG"},"dataHora":"20200506170320"},{"identificadorMovimento":"6","movimentoNacional":{"codigoNacional":581},"orgaoJulgador":{"nomeOrgao":"Ju\u00edzo da Vara de Execu\u00e7\u00f5es Penais de Gurupi","codigoMunicipioIBGE":0,"codigoOrgao":5160,"instancia":"ORIG"},"dataHora":"20200506170947"},{"identificadorMovimento":"7","movimentoNacional":{"codigoNacional":12265},"orgaoJulgador":{"nomeOrgao":"Ju\u00edzo da Vara de Execu\u00e7\u00f5es Penais de Gurupi","codigoMunicipioIBGE":0,"codigoOrgao":5160,"instancia":"ORIG"},"dataHora":"20200506172123"},{"identificadorMovimento":"8","movimentoNacional":{"codigoNacional":12265},"orgaoJulgador":{"nomeOrgao":"Ju\u00edzo da Vara de Execu\u00e7\u00f5es Penais de Gurupi","codigoMunicipioIBGE":0,"codigoOrgao":5160,"instancia":"ORIG"},"dataHora":"20200506172123"},{"identificadorMovimento":"9","movimentoNacional":{"codigoNacional":12265},"orgaoJulgador":{"nomeOrgao":"Ju\u00edzo da Vara de Execu\u00e7\u00f5es Penais de Gurupi","codigoMunicipioIBGE":0,"codigoOrgao":5160,"instancia":"ORIG"},"dataHora":"20200506172123"},{"identificadorMovimento":"10","movimentoNacional":{"codigoNacional":12266},"orgaoJulgador":{"nomeOrgao":"Ju\u00edzo da Vara de Execu\u00e7\u00f5es Penais de Gurupi","codigoMunicipioIBGE":0,"codigoOrgao":5160,"instancia":"ORIG"},"dataHora":"20200506172530"},{"identificadorMovimento":"11","movimentoNacional":{"codigoNacional":118},"orgaoJulgador":{"nomeOrgao":"Ju\u00edzo da Vara de Execu\u00e7\u00f5es Penais de Gurupi","codigoMunicipioIBGE":0,"codigoOrgao":5160,"instancia":"ORIG"},"dataHora":"20200506172744"},{"identificadorMovimento":"12","movimentoNacional":{"codigoNacional":12266},"orgaoJulgador":{"nomeOrgao":"Ju\u00edzo da Vara de Execu\u00e7\u00f5es Penais de Gurupi","codigoMunicipioIBGE":0,"codigoOrgao":5160,"instancia":"ORIG"},"dataHora":"20200508112250"},{"identificadorMovimento":"13","movimentoNacional":{"codigoNacional":118},"orgaoJulgador":{"nomeOrgao":"Ju\u00edzo da Vara de Execu\u00e7\u00f5es Penais de Gurupi","codigoMunicipioIBGE":0,"codigoOrgao":5160,"instancia":"ORIG"},"dataHora":"20200508113024"},{"identificadorMovimento":"14","movimentoNacional":{"codigoNacional":12266},"orgaoJulgador":{"nomeOrgao":"Ju\u00edzo da Vara de Execu\u00e7\u00f5es Penais de Gurupi","codigoMunicipioIBGE":0,"codigoOrgao":5160,"instancia":"ORIG"},"dataHora":"20200511102936"},{"identificadorMovimento":"15","movimentoNacional":{"codigoNacional":118},"orgaoJulgador":{"nomeOrgao":"Ju\u00edzo da Vara de Execu\u00e7\u00f5es Penais de Gurupi","codigoMunicipioIBGE":0,"codigoOrgao":5160,"instancia":"ORIG"},"dataHora":"20200511102936"},{"identificadorMovimento":"16","movimentoNacional":{"codigoNacional":118},"orgaoJulgador":{"nomeOrgao":"Ju\u00edzo da Vara de Execu\u00e7\u00f5es Penais de Gurupi","codigoMunicipioIBGE":0,"codigoOrgao":5160,"instancia":"ORIG"},"dataHora":"20200601180933"},{"identificadorMovimento":"17","movimentoNacional":{"codigoNacional":12265},"orgaoJulgador":{"nomeOrgao":"Ju\u00edzo da Vara de Execu\u00e7\u00f5es Penais de Gurupi","codigoMunicipioIBGE":0,"codigoOrgao":5160,"instancia":"ORIG"},"dataHora":"20200602141158"},{"identificadorMovimento":"18","movimentoNacional":{"codigoNacional":12266},"orgaoJulgador":{"nomeOrgao":"Ju\u00edzo da Vara de Execu\u00e7\u00f5es Penais de Gurupi","codigoMunicipioIBGE":0,"codigoOrgao":5160,"instancia":"ORIG"},"dataHora":"20200613235959"},{"identificadorMovimento":"19","movimentoNacional":{"codigoNacional":118},"orgaoJulgador":{"nomeOrgao":"Ju\u00edzo da Vara de Execu\u00e7\u00f5es Penais de Gurupi","codigoMunicipioIBGE":0,"codigoOrgao":5160,"instancia":"ORIG"},"dataHora":"20200615101816"},{"identificadorMovimento":"20","movimentoNacional":{"codigoNacional":51},"orgaoJulgador":{"nomeOrgao":"Ju\u00edzo da Vara de Execu\u00e7\u00f5es Penais de Gurupi","codigoMunicipioIBGE":0,"codigoOrgao":5160,"instancia":"ORIG"},"dataHora":"20200616154032"},{"identificadorMovimento":"21","movimentoNacional":{"codigoNacional":12146},"orgaoJulgador":{"nomeOrgao":"Ju\u00edzo da Vara de Execu\u00e7\u00f5es Penais de Gurupi","codigoMunicipioIBGE":0,"codigoOrgao":5160,"instancia":"ORIG"},"dataHora":"20200617183827"},{"identificadorMovimento":"22","movimentoNacional":{"codigoNacional":12265},"orgaoJulgador":{"nomeOrgao":"Ju\u00edzo da Vara de Execu\u00e7\u00f5es Penais de Gurupi","codigoMunicipioIBGE":0,"codigoOrgao":5160,"instancia":"ORIG"},"dataHora":"20200623112309"},{"identificadorMovimento":"23","movimentoNacional":{"codigoNacional":12265},"orgaoJulgador":{"nomeOrgao":"Ju\u00edzo da Vara de Execu\u00e7\u00f5es Penais de Gurupi","codigoMunicipioIBGE":0,"codigoOrgao":5160,"instancia":"ORIG"},"dataHora":"20200623112309"},{"identificadorMovimento":"24","movimentoNacional":{"codigoNacional":12265},"orgaoJulgador":{"nomeOrgao":"Ju\u00edzo da Vara de Execu\u00e7\u00f5es Penais de Gurupi","codigoMunicipioIBGE":0,"codigoOrgao":5160,"instancia":"ORIG"},"dataHora":"20200623112309"},{"identificadorMovimento":"25","movimentoNacional":{"codigoNacional":12266},"orgaoJulgador":{"nomeOrgao":"Ju\u00edzo da Vara de Execu\u00e7\u00f5es Penais de Gurupi","codigoMunicipioIBGE":0,"codigoOrgao":5160,"instancia":"ORIG"},"dataHora":"20200623151145"},{"identificadorMovimento":"26","movimentoNacional":{"codigoNacional":118},"orgaoJulgador":{"nomeOrgao":"Ju\u00edzo da Vara de Execu\u00e7\u00f5es Penais de Gurupi","codigoMunicipioIBGE":0,"codigoOrgao":5160,"instancia":"ORIG"},"dataHora":"20200623151325"},{"identificadorMovimento":"27","movimentoNacional":{"codigoNacional":12266},"orgaoJulgador":{"nomeOrgao":"Ju\u00edzo da Vara de Execu\u00e7\u00f5es Penais de Gurupi","codigoMunicipioIBGE":0,"codigoOrgao":5160,"instancia":"ORIG"},"dataHora":"20200624165705"},{"identificadorMovimento":"28","movimentoNacional":{"codigoNacional":118},"orgaoJulgador":{"nomeOrgao":"Ju\u00edzo da Vara de Execu\u00e7\u00f5es Penais de Gurupi","codigoMunicipioIBGE":0,"codigoOrgao":5160,"instancia":"ORIG"},"dataHora":"20200624165705"},{"identificadorMovimento":"29","movimentoNacional":{"codigoNacional":60},"orgaoJulgador":{"nomeOrgao":"Ju\u00edzo da Vara de Execu\u00e7\u00f5es Penais de Gurupi","codigoMunicipioIBGE":0,"codigoOrgao":5160,"instancia":"ORIG"},"dataHora":"20200625141623"},{"identificadorMovimento":"30","movimentoNacional":{"codigoNacional":581},"orgaoJulgador":{"nomeOrgao":"Ju\u00edzo da Vara de Execu\u00e7\u00f5es Penais de Gurupi","codigoMunicipioIBGE":0,"codigoOrgao":5160,"instancia":"ORIG"},"dataHora":"20200625142016"},{"identificadorMovimento":"31","movimentoNacional":{"codigoNacional":12266},"orgaoJulgador":{"nomeOrgao":"Ju\u00edzo da Vara de Execu\u00e7\u00f5es Penais de Gurupi","codigoMunicipioIBGE":0,"codigoOrgao":5160,"instancia":"ORIG"},"dataHora":"20200626144011"},{"identificadorMovimento":"32","movimentoNacional":{"codigoNacional":118},"orgaoJulgador":{"nomeOrgao":"Ju\u00edzo da Vara de Execu\u00e7\u00f5es Penais de Gurupi","codigoMunicipioIBGE":0,"codigoOrgao":5160,"instancia":"ORIG"},"dataHora":"20200626145128"},{"identificadorMovimento":"33","movimentoNacional":{"codigoNacional":581},"orgaoJulgador":{"nomeOrgao":"Ju\u00edzo da Vara de Execu\u00e7\u00f5es Penais de Gurupi","codigoMunicipioIBGE":0,"codigoOrgao":5160,"instancia":"ORIG"},"dataHora":"20200702152353"},{"identificadorMovimento":"34","movimentoNacional":{"codigoNacional":51},"orgaoJulgador":{"nomeOrgao":"Ju\u00edzo da Vara de Execu\u00e7\u00f5es Penais de Gurupi","codigoMunicipioIBGE":0,"codigoOrgao":5160,"instancia":"ORIG"},"dataHora":"20200702152413"},{"identificadorMovimento":"35","movimentoNacional":{"codigoNacional":11010},"orgaoJulgador":{"nomeOrgao":"Ju\u00edzo da Vara de Execu\u00e7\u00f5es Penais de Gurupi","codigoMunicipioIBGE":0,"codigoOrgao":5160,"instancia":"ORIG"},"dataHora":"20200710184429"}],"grau":"G1"},{"millisInsercao":1596174179373,"dadosBasicos":{"valorCausa":0.0,"assunto":[{"principal":true,"codigoNacional":10907}],"dscSistema":"8","numero":"00062085720208272722","procEl":1,"dataAjuizamento":"20200504120909","totalAssuntos":1,"classeProcessual":1288,"nivelSigilo":0,"orgaoJulgador":{"nomeOrgao":"Ju\u00edzo da Vara de Execu\u00e7\u00f5es Penais de Gurupi","codigoMunicipioIBGE":0,"codigoOrgao":5160,"instancia":"ORIG"},"competencia":1,"codigoLocalidade":"2722"},"siglaTribunal":"TJTO","movimento":[{"identificadorMovimento":"1","movimentoNacional":{"codigoNacional":26},"orgaoJulgador":{"nomeOrgao":"Ju\u00edzo da Vara de Execu\u00e7\u00f5es Penais de Gurupi","codigoMunicipioIBGE":0,"codigoOrgao":5160,"instancia":"ORIG"},"dataHora":"20200504120909"},{"identificadorMovimento":"2","movimentoNacional":{"codigoNacional":10966},"orgaoJulgador":{"nomeOrgao":"Ju\u00edzo da Vara de Execu\u00e7\u00f5es Penais de Gurupi","codigoMunicipioIBGE":0,"codigoOrgao":5160,"instancia":"ORIG"},"dataHora":"20200504130140"},{"identificadorMovimento":"3","movimentoNacional":{"codigoNacional":51},"orgaoJulgador":{"nomeOrgao":"Ju\u00edzo da Vara de Execu\u00e7\u00f5es Penais de Gurupi","codigoMunicipioIBGE":0,"codigoOrgao":5160,"instancia":"ORIG"},"dataHora":"20200504130421"},{"identificadorMovimento":"4","movimentoNacional":{"codigoNacional":1018},"orgaoJulgador":{"nomeOrgao":"Ju\u00edzo da Vara de Execu\u00e7\u00f5es Penais de Gurupi","codigoMunicipioIBGE":0,"codigoOrgao":5160,"instancia":"ORIG"},"dataHora":"20200504181832"},{"identificadorMovimento":"5","movimentoNacional":{"codigoNacional":12265},"orgaoJulgador":{"nomeOrgao":"Ju\u00edzo da Vara de Execu\u00e7\u00f5es Penais de Gurupi","codigoMunicipioIBGE":0,"codigoOrgao":5160,"instancia":"ORIG"},"dataHora":"20200507160416"},{"identificadorMovimento":"6","movimentoNacional":{"codigoNacional":12265},"orgaoJulgador":{"nomeOrgao":"Ju\u00edzo da Vara de Execu\u00e7\u00f5es Penais de Gurupi","codigoMunicipioIBGE":0,"codigoOrgao":5160,"instancia":"ORIG"},"dataHora":"20200507160417"},{"identificadorMovimento":"7","movimentoNacional":{"codigoNacional":581},"orgaoJulgador":{"nomeOrgao":"Ju\u00edzo da Vara de Execu\u00e7\u00f5es Penais de Gurupi","codigoMunicipioIBGE":0,"codigoOrgao":5160,"instancia":"ORIG"},"dataHora":"20200507160921"},{"identificadorMovimento":"8","movimentoNacional":{"codigoNacional":12266},"orgaoJulgador":{"nomeOrgao":"Ju\u00edzo da Vara de Execu\u00e7\u00f5es Penais de Gurupi","codigoMunicipioIBGE":0,"codigoOrgao":5160,"instancia":"ORIG"},"dataHora":"20200508083042"},{"identificadorMovimento":"9","movimentoNacional":{"codigoNacional":118},"orgaoJulgador":{"nomeOrgao":"Ju\u00edzo da Vara de Execu\u00e7\u00f5es Penais de Gurupi","codigoMunicipioIBGE":0,"codigoOrgao":5160,"instancia":"ORIG"},"dataHora":"20200508083042"},{"identificadorMovimento":"10","movimentoNacional":{"codigoNacional":118},"orgaoJulgador":{"nomeOrgao":"Ju\u00edzo da Vara de Execu\u00e7\u00f5es Penais de Gurupi","codigoMunicipioIBGE":0,"codigoOrgao":5160,"instancia":"ORIG"},"dataHora":"20200508091941"},{"identificadorMovimento":"11","movimentoNacional":{"codigoNacional":12266},"orgaoJulgador":{"nomeOrgao":"Ju\u00edzo da Vara de Execu\u00e7\u00f5es Penais de Gurupi","codigoMunicipioIBGE":0,"codigoOrgao":5160,"instancia":"ORIG"},"dataHora":"20200508112323"},{"identificadorMovimento":"12","movimentoNacional":{"codigoNacional":118},"orgaoJulgador":{"nomeOrgao":"Ju\u00edzo da Vara de Execu\u00e7\u00f5es Penais de Gurupi","codigoMunicipioIBGE":0,"codigoOrgao":5160,"instancia":"ORIG"},"dataHora":"20200508113024"},{"identificadorMovimento":"13","movimentoNacional":{"codigoNacional":22},"orgaoJulgador":{"nomeOrgao":"Ju\u00edzo da Vara de Execu\u00e7\u00f5es Penais de Gurupi","codigoMunicipioIBGE":0,"codigoOrgao":5160,"instancia":"ORIG"},"dataHora":"20200508151147"}],"grau":"G1"},{"millisInsercao":1596116765140,"dadosBasicos":{"valorCausa":0.0,"assunto":[{"principal":true,"codigoNacional":4355},{"principal":false,"codigoNacional":3633}],"dscSistema":"8","numero":"00024080620208272727","procEl":1,"dataAjuizamento":"20200524162835","totalAssuntos":2,"classeProcessual":1288,"nivelSigilo":0,"orgaoJulgador":{"nomeOrgao":"Ju\u00edzo da 1\u00aa Escrivania Criminal de Natividade","codigoMunicipioIBGE":0,"codigoOrgao":5512,"instancia":"ORIG"},"competencia":1,"codigoLocalidade":"2727"},"siglaTribunal":"TJTO","movimento":[{"identificadorMovimento":"1","movimentoNacional":{"codigoNacional":26},"orgaoJulgador":{"nomeOrgao":"Ju\u00edzo da 1\u00aa Escrivania Criminal de Natividade","codigoMunicipioIBGE":0,"codigoOrgao":5512,"instancia":"ORIG"},"dataHora":"20200524162835"},{"identificadorMovimento":"2","movimentoNacional":{"codigoNacional":123},"orgaoJulgador":{"nomeOrgao":"Ju\u00edzo da 1\u00aa Escrivania Criminal de Natividade","codigoMunicipioIBGE":0,"codigoOrgao":5512,"instancia":"ORIG"},"dataHora":"20200524162836"},{"identificadorMovimento":"4","movimentoNacional":{"codigoNacional":12291},"orgaoJulgador":{"nomeOrgao":"Ju\u00edzo da 1\u00aa Escrivania Criminal de Natividade","codigoMunicipioIBGE":0,"codigoOrgao":5512,"instancia":"ORIG"},"dataHora":"20200524170639"},{"identificadorMovimento":"5","movimentoNacional":{"codigoNacional":11383},"orgaoJulgador":{"nomeOrgao":"Ju\u00edzo da 1\u00aa Escrivania Criminal de Natividade","codigoMunicipioIBGE":0,"codigoOrgao":5512,"instancia":"ORIG"},"dataHora":"20200524171157"},{"identificadorMovimento":"6","movimentoNacional":{"codigoNacional":12142},"orgaoJulgador":{"nomeOrgao":"Ju\u00edzo da 1\u00aa Escrivania Criminal de Natividade","codigoMunicipioIBGE":0,"codigoOrgao":5512,"instancia":"ORIG"},"dataHora":"20200524171253"},{"identificadorMovimento":"7","movimentoNacional":{"codigoNacional":12287},"orgaoJulgador":{"nomeOrgao":"Ju\u00edzo da 1\u00aa Escrivania Criminal de Natividade","codigoMunicipioIBGE":0,"codigoOrgao":5512,"instancia":"ORIG"},"dataHora":"20200524172006"},{"identificadorMovimento":"8","movimentoNacional":{"codigoNacional":12266},"orgaoJulgador":{"nomeOrgao":"Ju\u00edzo da 1\u00aa Escrivania Criminal de Natividade","codigoMunicipioIBGE":0,"codigoOrgao":5512,"instancia":"ORIG"},"dataHora":"20200524195409"},{"identificadorMovimento":"9","movimentoNacional":{"codigoNacional":118},"orgaoJulgador":{"nomeOrgao":"Ju\u00edzo da 1\u00aa Escrivania Criminal de Natividade","codigoMunicipioIBGE":0,"codigoOrgao":5512,"instancia":"ORIG"},"dataHora":"20200524195409"},{"identificadorMovimento":"10","movimentoNacional":{"codigoNacional":51},"orgaoJulgador":{"nomeOrgao":"Ju\u00edzo da 1\u00aa Escrivania Criminal de Natividade","codigoMunicipioIBGE":0,"codigoOrgao":5512,"instancia":"ORIG"},"dataHora":"20200524200842"},{"identificadorMovimento":"11","movimentoNacional":{"codigoNacional":11010},"orgaoJulgador":{"nomeOrgao":"Ju\u00edzo da 1\u00aa Escrivania Criminal de Natividade","codigoMunicipioIBGE":0,"codigoOrgao":5512,"instancia":"ORIG"},"dataHora":"20200524205924"},{"identificadorMovimento":"12","movimentoNacional":{"codigoNacional":12287},"orgaoJulgador":{"nomeOrgao":"Ju\u00edzo da 1\u00aa Escrivania Criminal de Natividade","codigoMunicipioIBGE":0,"codigoOrgao":5512,"instancia":"ORIG"},"dataHora":"20200524211753"},{"identificadorMovimento":"13","movimentoNacional":{"codigoNacional":12287},"orgaoJulgador":{"nomeOrgao":"Ju\u00edzo da 1\u00aa Escrivania Criminal de Natividade","codigoMunicipioIBGE":0,"codigoOrgao":5512,"instancia":"ORIG"},"dataHora":"20200524211753"},{"identificadorMovimento":"14","movimentoNacional":{"codigoNacional":123},"orgaoJulgador":{"nomeOrgao":"Ju\u00edzo da 1\u00aa Escrivania Criminal de Natividade","codigoMunicipioIBGE":0,"codigoOrgao":5512,"instancia":"ORIG"},"dataHora":"20200525084640"},{"identificadorMovimento":"15","movimentoNacional":{"codigoNacional":11383},"orgaoJulgador":{"nomeOrgao":"Ju\u00edzo da 1\u00aa Escrivania Criminal de Natividade","codigoMunicipioIBGE":0,"codigoOrgao":5512,"instancia":"ORIG"},"dataHora":"20200525102043"},{"identificadorMovimento":"16","movimentoNacional":{"codigoNacional":51},"orgaoJulgador":{"nomeOrgao":"Ju\u00edzo da 1\u00aa Escrivania Criminal de Natividade","codigoMunicipioIBGE":0,"codigoOrgao":5512,"instancia":"ORIG"},"dataHora":"20200525102953"},{"identificadorMovimento":"17","movimentoNacional":{"codigoNacional":12266},"orgaoJulgador":{"nomeOrgao":"Ju\u00edzo da 1\u00aa Escrivania Criminal de Natividade","codigoMunicipioIBGE":0,"codigoOrgao":5512,"instancia":"ORIG"},"dataHora":"20200525125239"},{"identificadorMovimento":"18","movimentoNacional":{"codigoNacional":118},"orgaoJulgador":{"nomeOrgao":"Ju\u00edzo da 1\u00aa Escrivania Criminal de Natividade","codigoMunicipioIBGE":0,"codigoOrgao":5512,"instancia":"ORIG"},"dataHora":"20200525125239"},{"identificadorMovimento":"19","movimentoNacional":{"codigoNacional":12164},"orgaoJulgador":{"nomeOrgao":"Ju\u00edzo da 1\u00aa Escrivania Criminal de Natividade","codigoMunicipioIBGE":0,"codigoOrgao":5512,"instancia":"ORIG"},"dataHora":"20200525201850"},{"identificadorMovimento":"20","movimentoNacional":{"codigoNacional":12265},"orgaoJulgador":{"nomeOrgao":"Ju\u00edzo da 1\u00aa Escrivania Criminal de Natividade","codigoMunicipioIBGE":0,"codigoOrgao":5512,"instancia":"ORIG"},"dataHora":"20200526080350"},{"identificadorMovimento":"21","movimentoNacional":{"codigoNacional":12266},"orgaoJulgador":{"nomeOrgao":"Ju\u00edzo da 1\u00aa Escrivania Criminal de Natividade","codigoMunicipioIBGE":0,"codigoOrgao":5512,"instancia":"ORIG"},"dataHora":"20200526153454"},{"identificadorMovimento":"22","movimentoNacional":{"codigoNacional":118},"orgaoJulgador":{"nomeOrgao":"Ju\u00edzo da 1\u00aa Escrivania Criminal de Natividade","codigoMunicipioIBGE":0,"codigoOrgao":5512,"instancia":"ORIG"},"dataHora":"20200526153454"},{"identificadorMovimento":"23","movimentoNacional":{"codigoNacional":12266},"orgaoJulgador":{"nomeOrgao":"Ju\u00edzo da 1\u00aa Escrivania Criminal de Natividade","codigoMunicipioIBGE":0,"codigoOrgao":5512,"instancia":"ORIG"},"dataHora":"20200603235959"},{"identificadorMovimento":"24","movimentoNacional":{"codigoNacional":1051},"orgaoJulgador":{"nomeOrgao":"Ju\u00edzo da 1\u00aa Escrivania Criminal de Natividade","codigoMunicipioIBGE":0,"codigoOrgao":5512,"instancia":"ORIG"},"dataHora":"20200605000500"},{"identificadorMovimento":"25","movimentoNacional":{"codigoNacional":22},"orgaoJulgador":{"nomeOrgao":"Ju\u00edzo da 1\u00aa Escrivania Criminal de Natividade","codigoMunicipioIBGE":0,"codigoOrgao":5512,"instancia":"ORIG"},"dataHora":"20200605104934"}],"grau":"G1"},{"millisInsercao":1596116765211,"dadosBasicos":{"valorCausa":0.0,"assunto":[{"principal":true,"codigoNacional":10640}],"dscSistema":"8","numero":"00229382520208272729","procEl":1,"dataAjuizamento":"20200603171147","totalAssuntos":1,"classeProcessual":1288,"nivelSigilo":0,"orgaoJulgador":{"nomeOrgao":"Juizo da 3\u00aa Vara Criminal de Palmas","codigoMunicipioIBGE":0,"codigoOrgao":5470,"instancia":"ORIG"},"competencia":1,"codigoLocalidade":"2729"},"siglaTribunal":"TJTO","movimento":[{"identificadorMovimento":"1","movimentoNacional":{"codigoNacional":26},"orgaoJulgador":{"nomeOrgao":"Juizo da 3\u00aa Vara Criminal de Palmas","codigoMunicipioIBGE":0,"codigoOrgao":5470,"instancia":"ORIG"},"dataHora":"20200603171147"},{"identificadorMovimento":"2","movimentoNacional":{"codigoNacional":51},"orgaoJulgador":{"nomeOrgao":"Juizo da 3\u00aa Vara Criminal de Palmas","codigoMunicipioIBGE":0,"codigoOrgao":5470,"instancia":"ORIG"},"dataHora":"20200603175055"},{"identificadorMovimento":"3","movimentoNacional":{"codigoNacional":83},"orgaoJulgador":{"nomeOrgao":"Juizo da 3\u00aa Vara Criminal de Palmas","codigoMunicipioIBGE":0,"codigoOrgao":5470,"instancia":"ORIG"},"dataHora":"20200604081048"},{"identificadorMovimento":"4","movimentoNacional":{"codigoNacional":581},"orgaoJulgador":{"nomeOrgao":"Juizo da 3\u00aa Vara Criminal de Palmas","codigoMunicipioIBGE":0,"codigoOrgao":5470,"instancia":"ORIG"},"dataHora":"20200604081135"},{"identificadorMovimento":"5","movimentoNacional":{"codigoNacional":488},"orgaoJulgador":{"nomeOrgao":"Juizo da 3\u00aa Vara Criminal de Palmas","codigoMunicipioIBGE":0,"codigoOrgao":5470,"instancia":"ORIG"},"dataHora":"20200604081340"}],"grau":"G1"}]