[{"millisInsercao":1599157324881,"dadosBasicos":{"assunto":[{"codigoAssunto":7787,"codigoPaiNacional":7790,"descricao":"Presta\u00ef\u00bf\u00bd\u00ef\u00bf\u00bdo de Servi\u00ef\u00bf\u00bdos \u00ef\u00bf\u00bd Comunidade"}],"numero":"00061979320108190008","dataAjuizamento":"20100331000000","totalAssuntos":1,"classeProcessual":386,"nivelSigilo":0,"orgaoJulgador":{"nomeOrgao":"BELFORD ROXO 1 VARA CRIMINAL","codigoMunicipioIBGE":3300456,"codigoOrgao":7962,"instancia":"ORIG"},"codigoLocalidade":"3300456"},"siglaTribunal":"TJRJ","movimento":[{"tipoResponsavelMovimento":0,"movimentoNacional":{"codigoNacional":26},"dataHora":"20100331121408"}],"grau":"G1"},{"millisInsercao":1600123974421,"dadosBasicos":{"assunto":[{"codigoAssunto":7787,"codigoPaiNacional":7790,"descricao":"Presta\u00ef\u00bf\u00bd\u00ef\u00bf\u00bdo de Servi\u00ef\u00bf\u00bdos \u00ef\u00bf\u00bd Comunidade"}],"numero":"00007938520118190021","dataAjuizamento":"20110111000000","totalAssuntos":1,"classeProcessual":386,"nivelSigilo":0,"orgaoJulgador":{"nomeOrgao":"DUQUE DE CAXIAS 1 VARA CRIMINAL","codigoMunicipioIBGE":3301702,"codigoOrgao":8000,"instancia":"ORIG"},"codigoLocalidade":"3301702"},"siglaTribunal":"TJRJ","movimento":[{"tipoResponsavelMovimento":0,"movimentoNacional":{"codigoNacional":26},"dataHora":"20110111121424"}],"grau":"G1"},{"millisInsercao":1601623277027,"dadosBasicos":{"assunto":[{"codigoAssunto":3417,"codigoPaiNacional":3415,"descricao":"Furto Qualificado "}],"numero":"00217877620118190008","dataAjuizamento":"20110909000000","totalAssuntos":1,"classeProcessual":386,"nivelSigilo":0,"orgaoJulgador":{"nomeOrgao":"BELFORD ROXO 1 VARA CRIMINAL","codigoMunicipioIBGE":3300456,"codigoOrgao":7962,"instancia":"ORIG"},"codigoLocalidade":"3300456"},"siglaTribunal":"TJRJ","movimento":[{"tipoResponsavelMovimento":0,"movimentoNacional":{"codigoNacional":26},"dataHora":"20110909134439"}],"grau":"G1"},{"millisInsercao":1599141546115,"dadosBasicos":{"assunto":[{"codigoAssunto":3431,"codigoPaiNacional":3415,"descricao":"Estelionato"}],"numero":"00114074820128190011","dataAjuizamento":"20120620000000","totalAssuntos":1,"classeProcessual":407,"nivelSigilo":0,"orgaoJulgador":{"nomeOrgao":"CABO FRIO 2 VARA CRIMINAL","codigoMunicipioIBGE":3300704,"codigoOrgao":16292,"instancia":"ORIG"},"codigoLocalidade":"3300704"},"siglaTribunal":"TJRJ","movimento":[{"tipoResponsavelMovimento":0,"movimentoNacional":{"codigoNacional":26},"dataHora":"20120620165255"},{"movimentoNacional":{"codigoNacional":36},"dataHora":"20120831000117"}],"grau":"G1"},{"millisInsercao":1599130289817,"dadosBasicos":{"assunto":[{"codigoAssunto":3608,"codigoPaiNacional":3607,"descricao":"Tr\u00ef\u00bf\u00bdfico de Drogas e Condutas Afins"}],"numero":"00234545420128190011","dataAjuizamento":"20121210000000","totalAssuntos":1,"classeProcessual":407,"nivelSigilo":0,"orgaoJulgador":{"nomeOrgao":"CABO FRIO 1 VARA CRIMINAL","codigoMunicipioIBGE":3300704,"codigoOrgao":8009,"instancia":"ORIG"},"codigoLocalidade":"3300704"},"siglaTribunal":"TJRJ","movimento":[{"tipoResponsavelMovimento":0,"movimentoNacional":{"codigoNacional":26},"dataHora":"20121210000000"}],"grau":"G1"},{"millisInsercao":1599109415667,"dadosBasicos":{"assunto":[{"codigoAssunto":30286,"codigoPaiNacional":3633,"descricao":"Porte Ilegal de Arma de Fogo de Uso Permitido"}],"numero":"00160927620138190007","dataAjuizamento":"20130924000000","totalAssuntos":1,"classeProcessual":386,"nivelSigilo":0,"orgaoJulgador":{"nomeOrgao":"BARRA MANSA 1 VARA CRIMINAL","codigoMunicipioIBGE":3300407,"codigoOrgao":7911,"instancia":"ORIG"},"codigoLocalidade":"3300407"},"siglaTribunal":"TJRJ","movimento":[{"tipoResponsavelMovimento":0,"movimentoNacional":{"codigoNacional":26},"dataHora":"20130924000000"}],"grau":"G1"},{"millisInsercao":1598950823325,"dadosBasicos":{"assunto":[{"codigoAssunto":5897,"codigoPaiNacional":3607,"descricao":"Associa\u00ef\u00bf\u00bd\u00ef\u00bf\u00bdo para a Produ\u00ef\u00bf\u00bd\u00ef\u00bf\u00bdo e Tr\u00ef\u00bf\u00bdfico e Condutas Afins"}],"numero":"00273499820138190007","dataAjuizamento":"20131205000000","totalAssuntos":1,"classeProcessual":386,"nivelSigilo":0,"orgaoJulgador":{"nomeOrgao":"BARRA MANSA 2 VARA CRIMINAL","codigoMunicipioIBGE":3300407,"codigoOrgao":7916,"instancia":"ORIG"},"codigoLocalidade":"3300407"},"siglaTribunal":"TJRJ","movimento":[{"tipoResponsavelMovimento":0,"movimentoNacional":{"codigoNacional":26},"dataHora":"20131205161532"}],"grau":"G1"},{"millisInsercao":1595076355611,"dadosBasicos":{"numero":"01978818920148190001","dataAjuizamento":"20140611000000","totalAssuntos":0,"classeProcessual":1288,"nivelSigilo":0,"orgaoJulgador":{"nomeOrgao":"Cart\u010f\u017c\u02ddrio da 42 Vara Criminal da Comarca da Capital","codigoMunicipioIBGE":3304557,"codigoOrgao":201580,"instancia":"ORIG"},"codigoLocalidade":"3304557"},"siglaTribunal":"TJRJ","movimento":[{"identificadorMovimento":"2014.001.034558-9C_7_76","movimentoNacional":{"codigoNacional":861},"dataHora":"20200609000000"}],"grau":"G1"},{"millisInsercao":1599121404447,"dadosBasicos":{"assunto":[{"codigoAssunto":30288,"codigoPaiNacional":3633,"descricao":"Posse Ou Porte Ilegal de Arma de Fogo de Uso Restrito e Outros"}],"numero":"00199056520148190011","dataAjuizamento":"20140829000000","totalAssuntos":1,"classeProcessual":407,"nivelSigilo":0,"orgaoJulgador":{"nomeOrgao":"CABO FRIO 2 VARA CRIMINAL","codigoMunicipioIBGE":3300704,"codigoOrgao":16292,"instancia":"ORIG"},"codigoLocalidade":"3300704"},"siglaTribunal":"TJRJ","movimento":[{"tipoResponsavelMovimento":0,"movimentoNacional":{"codigoNacional":26},"dataHora":"20140829000000"}],"grau":"G1"},{"millisInsercao":1599884949340,"dadosBasicos":{"assunto":[{"codigoAssunto":30288,"codigoPaiNacional":3633,"descricao":"Posse Ou Porte Ilegal de Arma de Fogo de Uso Restrito e Outros"}],"numero":"00313236520148190054","dataAjuizamento":"20140930000000","totalAssuntos":1,"classeProcessual":386,"nivelSigilo":0,"orgaoJulgador":{"nomeOrgao":"SAO JOAO DE MERITI 1 VARA CRIMINAL","codigoMunicipioIBGE":3305109,"codigoOrgao":7898,"instancia":"ORIG"},"codigoLocalidade":"3305109"},"siglaTribunal":"TJRJ","movimento":[{"tipoResponsavelMovimento":0,"movimentoNacional":{"codigoNacional":26},"dataHora":"20140930000000"},{"movimentoNacional":{"codigoNacional":970},"dataHora":"20141203130000"}],"grau":"G1"},{"millisInsercao":1599793318378,"dadosBasicos":{"assunto":[{"codigoAssunto":3435,"codigoPaiNacional":3415,"descricao":"Recepta\u00ef\u00bf\u00bd\u00ef\u00bf\u00bdo"}],"numero":"00277891220148190023","dataAjuizamento":"20141013000000","totalAssuntos":1,"classeProcessual":386,"nivelSigilo":0,"orgaoJulgador":{"nomeOrgao":"ITABORAI 1 VARA CRIMINAL","codigoMunicipioIBGE":3301900,"codigoOrgao":6669,"instancia":"ORIG"},"codigoLocalidade":"3301900"},"siglaTribunal":"TJRJ","movimento":[{"tipoResponsavelMovimento":0,"movimentoNacional":{"codigoNacional":26},"dataHora":"20141013000000"}],"grau":"G1"},{"millisInsercao":1599650179425,"dadosBasicos":{"assunto":[{"codigoAssunto":3435,"codigoPaiNacional":3415,"descricao":"Recepta\u00ef\u00bf\u00bd\u00ef\u00bf\u00bdo"}],"numero":"00277917920148190023","dataAjuizamento":"20141013000000","totalAssuntos":1,"classeProcessual":386,"nivelSigilo":0,"orgaoJulgador":{"nomeOrgao":"ITABORAI 1 VARA CRIMINAL","codigoMunicipioIBGE":3301900,"codigoOrgao":6669,"instancia":"ORIG"},"codigoLocalidade":"3301900"},"siglaTribunal":"TJRJ","movimento":[{"tipoResponsavelMovimento":0,"movimentoNacional":{"codigoNacional":26},"dataHora":"20141013000000"}],"grau":"G1"},{"millisInsercao":1601603326274,"dadosBasicos":{"assunto":[{"codigoAssunto":3608,"codigoPaiNacional":3607,"descricao":"Tr\u00ef\u00bf\u00bdfico de Drogas e Condutas Afins"}],"numero":"00369759520148190011","dataAjuizamento":"20141210000000","totalAssuntos":1,"classeProcessual":407,"nivelSigilo":0,"orgaoJulgador":{"nomeOrgao":"CABO FRIO 2 VARA CRIMINAL","codigoMunicipioIBGE":3300704,"codigoOrgao":16292,"instancia":"ORIG"},"codigoLocalidade":"3300704"},"siglaTribunal":"TJRJ","movimento":[{"tipoResponsavelMovimento":0,"movimentoNacional":{"codigoNacional":26},"dataHora":"20141210000000"}],"grau":"G1"},{"millisInsercao":1599132287727,"dadosBasicos":{"assunto":[{"codigoAssunto":3608,"codigoPaiNacional":3607,"descricao":"Tr\u00ef\u00bf\u00bdfico de Drogas e Condutas Afins"}],"numero":"00027285420158190011","dataAjuizamento":"20150224000000","totalAssuntos":1,"classeProcessual":407,"nivelSigilo":0,"orgaoJulgador":{"nomeOrgao":"CABO FRIO 2 VARA CRIMINAL","codigoMunicipioIBGE":3300704,"codigoOrgao":16292,"instancia":"ORIG"},"codigoLocalidade":"3300704"},"siglaTribunal":"TJRJ","movimento":[{"tipoResponsavelMovimento":0,"movimentoNacional":{"codigoNacional":26},"dataHora":"20150224151011"}],"grau":"G1"},{"millisInsercao":1599309442439,"dadosBasicos":{"assunto":[{"codigoAssunto":3608,"codigoPaiNacional":3607,"descricao":"Tr\u00ef\u00bf\u00bdfico de Drogas e Condutas Afins"}],"numero":"00112021420158190011","dataAjuizamento":"20150703000000","totalAssuntos":1,"classeProcessual":386,"nivelSigilo":0,"orgaoJulgador":{"nomeOrgao":"CABO FRIO 1 VARA CRIMINAL","codigoMunicipioIBGE":3300704,"codigoOrgao":8009,"instancia":"ORIG"},"codigoLocalidade":"3300704"},"siglaTribunal":"TJRJ","movimento":[{"tipoResponsavelMovimento":0,"movimentoNacional":{"codigoNacional":26},"dataHora":"20150703170129"}],"grau":"G1"},{"millisInsercao":1599906806444,"dadosBasicos":{"assunto":[{"codigoAssunto":30291,"codigoPaiNacional":30008,"descricao":"Demais Leis e Dispositivos Penais Revogados"}],"numero":"00113173520158190011","dataAjuizamento":"20150707000000","totalAssuntos":2,"classeProcessual":407,"nivelSigilo":0,"orgaoJulgador":{"nomeOrgao":"CABO FRIO 2 VARA CRIMINAL","codigoMunicipioIBGE":3300704,"codigoOrgao":16292,"instancia":"ORIG"},"codigoLocalidade":"3300704"},"siglaTribunal":"TJRJ","movimento":[{"tipoResponsavelMovimento":0,"movimentoNacional":{"codigoNacional":26},"dataHora":"20150707000000"}],"grau":"G1"},{"millisInsercao":1598930013147,"dadosBasicos":{"assunto":[{"codigoAssunto":5897,"codigoPaiNacional":3607,"descricao":"Associa\u00ef\u00bf\u00bd\u00ef\u00bf\u00bdo para a Produ\u00ef\u00bf\u00bd\u00ef\u00bf\u00bdo e Tr\u00ef\u00bf\u00bdfico e Condutas Afins"}],"numero":"00125567420158190011","dataAjuizamento":"20150713000000","totalAssuntos":1,"classeProcessual":407,"nivelSigilo":0,"orgaoJulgador":{"nomeOrgao":"CABO FRIO 2 VARA CRIMINAL","codigoMunicipioIBGE":3300704,"codigoOrgao":16292,"instancia":"ORIG"},"codigoLocalidade":"3300704"},"siglaTribunal":"TJRJ","movimento":[{"tipoResponsavelMovimento":0,"movimentoNacional":{"codigoNacional":26},"dataHora":"20150713000000"}],"grau":"G1"},{"millisInsercao":1598928468660,"dadosBasicos":{"assunto":[{"codigoAssunto":3608,"codigoPaiNacional":3607,"descricao":"Tr\u00ef\u00bf\u00bdfico de Drogas e Condutas Afins"}],"numero":"00138843920158190011","dataAjuizamento":"20150723000000","totalAssuntos":1,"classeProcessual":407,"nivelSigilo":0,"orgaoJulgador":{"nomeOrgao":"CABO FRIO 2 VARA CRIMINAL","codigoMunicipioIBGE":3300704,"codigoOrgao":16292,"instancia":"ORIG"},"codigoLocalidade":"3300704"},"siglaTribunal":"TJRJ","movimento":[{"tipoResponsavelMovimento":0,"movimentoNacional":{"codigoNacional":26},"dataHora":"20150723000000"}],"grau":"G1"},{"millisInsercao":1600118733258,"dadosBasicos":{"assunto":[{"codigoAssunto":3608,"codigoPaiNacional":3607,"descricao":"Tr\u00ef\u00bf\u00bdfico de Drogas e Condutas Afins"}],"numero":"00158625120158190011","dataAjuizamento":"20150814000000","totalAssuntos":1,"classeProcessual":386,"nivelSigilo":0,"orgaoJulgador":{"nomeOrgao":"CABO FRIO 1 VARA CRIMINAL","codigoMunicipioIBGE":3300704,"codigoOrgao":8009,"instancia":"ORIG"},"codigoLocalidade":"3300704"},"siglaTribunal":"TJRJ","movimento":[{"tipoResponsavelMovimento":0,"movimentoNacional":{"codigoNacional":26},"dataHora":"20150814000000"}],"grau":"G1"},{"millisInsercao":1595563085498,"dadosBasicos":{"numero":"00189292420158190011","dataAjuizamento":"20150908000000","totalAssuntos":0,"classeProcessual":407,"nivelSigilo":0,"orgaoJulgador":{"nomeOrgao":"Cart\u010f\u017c\u02ddrio da 2 Vara Criminal da Comarca de Cabo Frio","codigoMunicipioIBGE":3300704,"codigoOrgao":404033,"instancia":"ORIG"},"codigoLocalidade":"3300704"},"siglaTribunal":"TJRJ","movimento":[{"identificadorMovimento":"2013.011.004924-8A_6_75","movimentoNacional":{"codigoNacional":67},"dataHora":"20200630000000"}],"grau":"G1"},{"millisInsercao":1599908575786,"dadosBasicos":{"assunto":[{"codigoAssunto":3608,"codigoPaiNacional":3607,"descricao":"Tr\u00ef\u00bf\u00bdfico de Drogas e Condutas Afins"},{"codigoAssunto":30026,"codigoPaiNacional":10621,"descricao":"Concurso Material"},{"codigoAssunto":5897,"codigoPaiNacional":3607,"descricao":"Associa\u00ef\u00bf\u00bd\u00ef\u00bf\u00bdo para a Produ\u00ef\u00bf\u00bd\u00ef\u00bf\u00bdo e Tr\u00ef\u00bf\u00bdfico e Condutas Afins"}],"numero":"00510641920158190002","dataAjuizamento":"20151026000000","totalAssuntos":3,"classeProcessual":386,"nivelSigilo":0,"orgaoJulgador":{"nomeOrgao":"ITABORAI 1 VARA CRIMINAL","codigoMunicipioIBGE":3301900,"codigoOrgao":6669,"instancia":"ORIG"},"codigoLocalidade":"3301900"},"siglaTribunal":"TJRJ","movimento":[{"tipoResponsavelMovimento":0,"movimentoNacional":{"codigoNacional":26},"dataHora":"20151026141432"},{"movimentoNacional":{"codigoNacional":970},"dataHora":"20151215130000"}],"grau":"G1"},{"millisInsercao":1598762555121,"dadosBasicos":{"assunto":[{"codigoAssunto":7787,"codigoPaiNacional":7790,"descricao":"Presta\u00ef\u00bf\u00bd\u00ef\u00bf\u00bdo de Servi\u00ef\u00bf\u00bdos \u00ef\u00bf\u00bd Comunidade"}],"numero":"00379833720158190023","dataAjuizamento":"20151027000000","totalAssuntos":1,"classeProcessual":386,"nivelSigilo":0,"orgaoJulgador":{"nomeOrgao":"ITABORAI 1 VARA CRIMINAL","codigoMunicipioIBGE":3301900,"codigoOrgao":6669,"instancia":"ORIG"},"codigoLocalidade":"3301900"},"siglaTribunal":"TJRJ","movimento":[{"tipoResponsavelMovimento":0,"movimentoNacional":{"codigoNacional":26},"dataHora":"20151027163724"}],"grau":"G1"},{"millisInsercao":1599643681146,"dadosBasicos":{"assunto":[{"codigoAssunto":30288,"codigoPaiNacional":3633,"descricao":"Posse Ou Porte Ilegal de Arma de Fogo de Uso Restrito e Outros"}],"numero":"00232301420158190011","dataAjuizamento":"20151106000000","totalAssuntos":1,"classeProcessual":407,"nivelSigilo":0,"orgaoJulgador":{"nomeOrgao":"CABO FRIO 2 VARA CRIMINAL","codigoMunicipioIBGE":3300704,"codigoOrgao":16292,"instancia":"ORIG"},"codigoLocalidade":"3300704"},"siglaTribunal":"TJRJ","movimento":[{"tipoResponsavelMovimento":0,"movimentoNacional":{"codigoNacional":26},"dataHora":"20151106154348"}],"grau":"G1"},{"millisInsercao":1599653862753,"dadosBasicos":{"assunto":[{"codigoAssunto":3417,"codigoPaiNacional":3415,"descricao":"Furto Qualificado "}],"numero":"00054320620168190011","dataAjuizamento":"20160412000000","totalAssuntos":1,"classeProcessual":386,"nivelSigilo":0,"orgaoJulgador":{"nomeOrgao":"CABO FRIO 2 VARA CRIMINAL","codigoMunicipioIBGE":3300704,"codigoOrgao":16292,"instancia":"ORIG"},"codigoLocalidade":"3300704"},"siglaTribunal":"TJRJ","movimento":[{"tipoResponsavelMovimento":0,"movimentoNacional":{"codigoNacional":26},"dataHora":"20160412000000"}],"grau":"G1"},{"millisInsercao":1601035153524,"dadosBasicos":{"assunto":[{"codigoAssunto":3608,"codigoPaiNacional":3607,"descricao":"Tr\u00ef\u00bf\u00bdfico de Drogas e Condutas Afins"}],"numero":"00096212720168190011","dataAjuizamento":"20160622000000","totalAssuntos":1,"classeProcessual":386,"nivelSigilo":0,"orgaoJulgador":{"nomeOrgao":"CABO FRIO 1 VARA CRIMINAL","codigoMunicipioIBGE":3300704,"codigoOrgao":8009,"instancia":"ORIG"},"codigoLocalidade":"3300704"},"siglaTribunal":"TJRJ","movimento":[{"tipoResponsavelMovimento":0,"movimentoNacional":{"codigoNacional":26},"dataHora":"20160622133518"}],"grau":"G1"},{"millisInsercao":1595397756124,"dadosBasicos":{"numero":"00096212720168190011","dataAjuizamento":"20160622000000","totalAssuntos":0,"classeProcessual":386,"nivelSigilo":0,"orgaoJulgador":{"nomeOrgao":"Cart\u010f\u017c\u02ddrio da 1 Vara Criminal da Comarca de Cabo Frio","codigoMunicipioIBGE":3300704,"codigoOrgao":404016,"instancia":"ORIG"},"codigoLocalidade":"3300704"},"siglaTribunal":"TJRJ","movimento":[{"identificadorMovimento":"2016.011.005685-5A_2_77","movimentoNacional":{"codigoNacional":123},"dataHora":"20200629000000"},{"identificadorMovimento":"2016.011.005685-5A_6_76","movimentoNacional":{"codigoNacional":67},"dataHora":"20200629000000"}],"grau":"G1"},{"millisInsercao":1599083601533,"dadosBasicos":{"assunto":[{"codigoAssunto":3435,"codigoPaiNacional":3415,"descricao":"Recepta\u00ef\u00bf\u00bd\u00ef\u00bf\u00bdo"}],"numero":"00104682920168190011","dataAjuizamento":"20160707000000","totalAssuntos":1,"classeProcessual":407,"nivelSigilo":0,"orgaoJulgador":{"nomeOrgao":"CABO FRIO 2 VARA CRIMINAL","codigoMunicipioIBGE":3300704,"codigoOrgao":16292,"instancia":"ORIG"},"codigoLocalidade":"3300704"},"siglaTribunal":"TJRJ","movimento":[{"tipoResponsavelMovimento":0,"movimentoNacional":{"codigoNacional":26},"dataHora":"20160707170458"}],"grau":"G1"},{"millisInsercao":1598931153843,"dadosBasicos":{"assunto":[{"codigoAssunto":3417,"codigoPaiNacional":3415,"descricao":"Furto Qualificado "}],"numero":"00158206520168190011","dataAjuizamento":"20160922000000","totalAssuntos":1,"classeProcessual":386,"nivelSigilo":0,"orgaoJulgador":{"nomeOrgao":"CABO FRIO 2 VARA CRIMINAL","codigoMunicipioIBGE":3300704,"codigoOrgao":16292,"instancia":"ORIG"},"codigoLocalidade":"3300704"},"siglaTribunal":"TJRJ","movimento":[{"tipoResponsavelMovimento":0,"movimentoNacional":{"codigoNacional":26},"dataHora":"20160922000000"}],"grau":"G1"},{"millisInsercao":1599640867917,"dadosBasicos":{"assunto":[{"codigoAssunto":3372,"codigoPaiNacional":3369,"descricao":"Homic\u00ef\u00bf\u00bddio Qualificado"}],"numero":"00124297620168190052","dataAjuizamento":"20160927000000","totalAssuntos":1,"classeProcessual":386,"nivelSigilo":0,"orgaoJulgador":{"nomeOrgao":"ARARUAMA VARA CRIMINAL","codigoMunicipioIBGE":3300209,"codigoOrgao":7227,"instancia":"ORIG"},"codigoLocalidade":"3300209"},"siglaTribunal":"TJRJ","movimento":[{"tipoResponsavelMovimento":0,"movimentoNacional":{"codigoNacional":26},"dataHora":"20160927000000"}],"grau":"G1"},{"millisInsercao":1601473584250,"dadosBasicos":{"assunto":[{"codigoAssunto":3417,"codigoPaiNacional":3415,"descricao":"Furto Qualificado "}],"numero":"00139413520168190007","dataAjuizamento":"20160929000000","totalAssuntos":1,"classeProcessual":386,"nivelSigilo":0,"orgaoJulgador":{"nomeOrgao":"BARRA MANSA 2 VARA CRIMINAL","codigoMunicipioIBGE":3300407,"codigoOrgao":7916,"instancia":"ORIG"},"codigoLocalidade":"3300407"},"siglaTribunal":"TJRJ","movimento":[{"tipoResponsavelMovimento":0,"movimentoNacional":{"codigoNacional":26},"dataHora":"20160929000000"}],"grau":"G1"},{"millisInsercao":1599896603240,"dadosBasicos":{"assunto":[{"codigoAssunto":30271,"codigoPaiNacional":3692,"descricao":"Vias de Fato"}],"numero":"00021684420178190011","dataAjuizamento":"20170216000000","totalAssuntos":1,"classeProcessual":386,"nivelSigilo":0,"orgaoJulgador":{"nomeOrgao":"CABO FRIO 2 VARA CRIMINAL","codigoMunicipioIBGE":3300704,"codigoOrgao":16292,"instancia":"ORIG"},"codigoLocalidade":"3300704"},"siglaTribunal":"TJRJ","movimento":[{"tipoResponsavelMovimento":0,"movimentoNacional":{"codigoNacional":26},"dataHora":"20170216000000"}],"grau":"G1"},{"millisInsercao":1602155467014,"dadosBasicos":{"assunto":[{"codigoAssunto":30354,"codigoPaiNacional":7942,"descricao":"Regime Aberto"}],"numero":"00103962020188190028","dataAjuizamento":"20180925000000","totalAssuntos":1,"classeProcessual":386,"nivelSigilo":0,"orgaoJulgador":{"nomeOrgao":"MACAE 2 VARA CRIMINAL","codigoMunicipioIBGE":3302403,"codigoOrgao":17887,"instancia":"ORIG"},"codigoLocalidade":"3302403"},"siglaTribunal":"TJRJ","movimento":[{"tipoResponsavelMovimento":0,"movimentoNacional":{"codigoNacional":26},"dataHora":"20180925131603"}],"grau":"G1"},{"millisInsercao":1595375764883,"dadosBasicos":{"numero":"00010617820198190080","dataAjuizamento":"20190607000000","totalAssuntos":0,"classeProcessual":386,"nivelSigilo":0,"orgaoJulgador":{"nomeOrgao":"Cart\u010f\u017c\u02ddrio da Vara \u010f\u017c\u02ddnica da Comarca de Italva","codigoMunicipioIBGE":3302056,"codigoOrgao":349001,"instancia":"ORIG"},"codigoLocalidade":"3302056"},"siglaTribunal":"TJRJ","movimento":[{"identificadorMovimento":"2019.080.001033-3_4_16","movimentoNacional":{"codigoNacional":11383},"dataHora":"20200615000000"}],"grau":"G1"},{"millisInsercao":1601548912829,"dadosBasicos":{"assunto":[{"codigoAssunto":30286,"codigoPaiNacional":3633,"descricao":"Porte Ilegal de Arma de Fogo de Uso Permitido"}],"numero":"00008931020158190018","dataAjuizamento":"20190930000000","totalAssuntos":1,"classeProcessual":407,"nivelSigilo":0,"orgaoJulgador":{"nomeOrgao":"NOVA IGUACU 2 VARA CRIMINAL","codigoMunicipioIBGE":3303500,"codigoOrgao":8057,"instancia":"ORIG"},"codigoLocalidade":"3303500"},"siglaTribunal":"TJRJ","movimento":[{"tipoResponsavelMovimento":0,"movimentoNacional":{"codigoNacional":26},"dataHora":"20150723000000"},{"movimentoNacional":{"codigoNacional":36},"dataHora":"20190930115042"},{"movimentoNacional":{"codigoNacional":36},"dataHora":"20190930115749"}],"grau":"G1"},{"millisInsercao":1596222657088,"dadosBasicos":{"assunto":[{"codigoAssunto":10952,"codigoPaiNacional":287,"descricao":"Fato At\u00ef\u00bf\u00bdpico"}],"numero":"00023418420198190080","dataAjuizamento":"20191127000000","totalAssuntos":1,"classeProcessual":386,"nivelSigilo":0,"orgaoJulgador":{"nomeOrgao":"ITALVA CARDOSO MOREIRA VARA UNICA ","codigoMunicipioIBGE":3302056,"codigoOrgao":7301,"instancia":"ORIG"},"codigoLocalidade":"3302056"},"siglaTribunal":"TJRJ","movimento":[{"tipoResponsavelMovimento":0,"movimentoNacional":{"codigoNacional":246},"dataHora":"20200309115434"}],"grau":"G1"},{"millisInsercao":1601583952125,"dadosBasicos":{"assunto":[{"codigoAssunto":30287,"codigoPaiNacional":3633,"descricao":"Disparo de Arma de Fogo"}],"numero":"00482506520198190011","dataAjuizamento":"20191206000000","totalAssuntos":1,"classeProcessual":386,"nivelSigilo":0,"orgaoJulgador":{"nomeOrgao":"CABO FRIO 2 VARA CRIMINAL","codigoMunicipioIBGE":3300704,"codigoOrgao":16292,"instancia":"ORIG"},"codigoLocalidade":"3300704"},"siglaTribunal":"TJRJ","movimento":[{"tipoResponsavelMovimento":0,"movimentoNacional":{"codigoNacional":26},"dataHora":"20191206133546"}],"grau":"G1"},{"millisInsercao":1599482158124,"dadosBasicos":{"assunto":[{"codigoAssunto":30157,"codigoPaiNacional":10635,"descricao":"Progress\u00ef\u00bf\u00bdo de Regime"}],"numero":"00007169120208190011","dataAjuizamento":"20200107000000","totalAssuntos":1,"classeProcessual":386,"nivelSigilo":0,"orgaoJulgador":{"nomeOrgao":"CABO FRIO 2 VARA CRIMINAL","codigoMunicipioIBGE":3300704,"codigoOrgao":16292,"instancia":"ORIG"},"codigoLocalidade":"3300704"},"siglaTribunal":"TJRJ","movimento":[{"tipoResponsavelMovimento":0,"movimentoNacional":{"codigoNacional":26},"dataHora":"20200107154754"}],"grau":"G1"},{"millisInsercao":1600138443416,"dadosBasicos":{"assunto":[{"codigoAssunto":30354,"codigoPaiNacional":7942,"descricao":"Regime Aberto"}],"numero":"00001028120208190045","dataAjuizamento":"20200109000000","totalAssuntos":1,"classeProcessual":386,"nivelSigilo":0,"orgaoJulgador":{"nomeOrgao":"RESENDE 1 VARA CRIMINAL","codigoMunicipioIBGE":3304201,"codigoOrgao":7674,"instancia":"ORIG"},"codigoLocalidade":"3304201"},"siglaTribunal":"TJRJ","movimento":[{"tipoResponsavelMovimento":0,"movimentoNacional":{"codigoNacional":26},"dataHora":"20200109125554"}],"grau":"G1"},{"millisInsercao":1601303367782,"dadosBasicos":{"assunto":[{"codigoAssunto":30173,"codigoPaiNacional":10633,"descricao":"Semiaberto"}],"numero":"00065828020208190011","dataAjuizamento":"20200124000000","totalAssuntos":1,"classeProcessual":386,"nivelSigilo":0,"orgaoJulgador":{"nomeOrgao":"CABO FRIO 1 VARA CRIMINAL","codigoMunicipioIBGE":3300704,"codigoOrgao":8009,"instancia":"ORIG"},"codigoLocalidade":"3300704"},"siglaTribunal":"TJRJ","movimento":[{"tipoResponsavelMovimento":0,"movimentoNacional":{"codigoNacional":26},"dataHora":"20200124175120"}],"grau":"G1"},{"millisInsercao":1601459158191,"dadosBasicos":{"assunto":[{"codigoAssunto":3608,"codigoPaiNacional":3607,"descricao":"Tr\u00ef\u00bf\u00bdfico de Drogas e Condutas Afins"}],"numero":"00067568920208190011","dataAjuizamento":"20200127000000","totalAssuntos":1,"classeProcessual":386,"nivelSigilo":0,"orgaoJulgador":{"nomeOrgao":"CABO FRIO 2 VARA CRIMINAL","codigoMunicipioIBGE":3300704,"codigoOrgao":16292,"instancia":"ORIG"},"codigoLocalidade":"3300704"},"siglaTribunal":"TJRJ","movimento":[{"tipoResponsavelMovimento":0,"movimentoNacional":{"codigoNacional":26},"dataHora":"20200127173303"}],"grau":"G1"},{"millisInsercao":1599137102422,"dadosBasicos":{"assunto":[{"codigoAssunto":3608,"codigoPaiNacional":3607,"descricao":"Tr\u00ef\u00bf\u00bdfico de Drogas e Condutas Afins"}],"numero":"00016472620208190066","dataAjuizamento":"20200128000000","totalAssuntos":1,"classeProcessual":386,"nivelSigilo":0,"orgaoJulgador":{"nomeOrgao":"VOLTA REDONDA 2 VARA CRIMINAL","codigoMunicipioIBGE":3306305,"codigoOrgao":8003,"instancia":"ORIG"},"codigoLocalidade":"3306305"},"siglaTribunal":"TJRJ","movimento":[{"tipoResponsavelMovimento":0,"movimentoNacional":{"codigoNacional":26},"dataHora":"20200128000000"}],"grau":"G1"},{"millisInsercao":1599488118570,"dadosBasicos":{"assunto":[{"codigoAssunto":10636,"codigoPaiNacional":7791,"descricao":"Livramento condicional"}],"numero":"00072618020208190011","dataAjuizamento":"20200128000000","totalAssuntos":1,"classeProcessual":386,"nivelSigilo":0,"orgaoJulgador":{"nomeOrgao":"CABO FRIO 2 VARA CRIMINAL","codigoMunicipioIBGE":3300704,"codigoOrgao":16292,"instancia":"ORIG"},"codigoLocalidade":"3300704"},"siglaTribunal":"TJRJ","movimento":[{"tipoResponsavelMovimento":0,"movimentoNacional":{"codigoNacional":26},"dataHora":"20200128174659"}],"grau":"G1"},{"millisInsercao":1599545813604,"dadosBasicos":{"assunto":[{"codigoAssunto":10636,"codigoPaiNacional":7791,"descricao":"Livramento condicional"}],"numero":"00093480920208190011","dataAjuizamento":"20200203000000","totalAssuntos":1,"classeProcessual":386,"nivelSigilo":0,"orgaoJulgador":{"nomeOrgao":"CABO FRIO 1 VARA CRIMINAL","codigoMunicipioIBGE":3300704,"codigoOrgao":8009,"instancia":"ORIG"},"codigoLocalidade":"3300704"},"siglaTribunal":"TJRJ","movimento":[{"tipoResponsavelMovimento":0,"movimentoNacional":{"codigoNacional":26},"dataHora":"20200203173335"}],"grau":"G1"},{"millisInsercao":1599518418563,"dadosBasicos":{"assunto":[{"codigoAssunto":7787,"codigoPaiNacional":7790,"descricao":"Presta\u00ef\u00bf\u00bd\u00ef\u00bf\u00bdo de Servi\u00ef\u00bf\u00bdos \u00ef\u00bf\u00bd Comunidade"}],"numero":"00042471220208190004","dataAjuizamento":"20200206000000","totalAssuntos":1,"classeProcessual":386,"nivelSigilo":0,"orgaoJulgador":{"nomeOrgao":"SAO GONCALO 3 VARA CRIMINAL","codigoMunicipioIBGE":3304904,"codigoOrgao":7861,"instancia":"ORIG"},"codigoLocalidade":"3304904"},"siglaTribunal":"TJRJ","movimento":[{"tipoResponsavelMovimento":0,"movimentoNacional":{"codigoNacional":26},"dataHora":"20200206161236"}],"grau":"G1"},{"millisInsercao":1600357294031,"dadosBasicos":{"assunto":[{"codigoAssunto":10938,"codigoPaiNacional":8893,"descricao":"Cita\u00ef\u00bf\u00bd\u00ef\u00bf\u00bdo"}],"numero":"00004398320208190073","dataAjuizamento":"20200211000000","totalAssuntos":1,"classeProcessual":386,"nivelSigilo":0,"orgaoJulgador":{"nomeOrgao":"GUAPIMIRIM 2 VARA","codigoMunicipioIBGE":3301850,"codigoOrgao":18268,"instancia":"ORIG"},"codigoLocalidade":"3301850"},"siglaTribunal":"TJRJ","movimento":[{"tipoResponsavelMovimento":0,"movimentoNacional":{"codigoNacional":26},"dataHora":"20200211150408"}],"grau":"G1"},{"millisInsercao":1600489132830,"dadosBasicos":{"assunto":[{"codigoAssunto":10938,"codigoPaiNacional":8893,"descricao":"Cita\u00ef\u00bf\u00bd\u00ef\u00bf\u00bdo"}],"numero":"00004406820208190073","dataAjuizamento":"20200211000000","totalAssuntos":1,"classeProcessual":386,"nivelSigilo":0,"orgaoJulgador":{"nomeOrgao":"GUAPIMIRIM 2 VARA","codigoMunicipioIBGE":3301850,"codigoOrgao":18268,"instancia":"ORIG"},"codigoLocalidade":"3301850"},"siglaTribunal":"TJRJ","movimento":[{"tipoResponsavelMovimento":0,"movimentoNacional":{"codigoNacional":26},"dataHora":"20200211151116"}],"grau":"G1"},{"millisInsercao":1600130500657,"dadosBasicos":{"assunto":[{"codigoAssunto":10938,"codigoPaiNacional":8893,"descricao":"Cita\u00ef\u00bf\u00bd\u00ef\u00bf\u00bdo"}],"numero":"00005775020208190073","dataAjuizamento":"20200221000000","totalAssuntos":1,"classeProcessual":386,"nivelSigilo":0,"orgaoJulgador":{"nomeOrgao":"GUAPIMIRIM 2 VARA","codigoMunicipioIBGE":3301850,"codigoOrgao":18268,"instancia":"ORIG"},"codigoLocalidade":"3301850"},"siglaTribunal":"TJRJ","movimento":[{"tipoResponsavelMovimento":0,"movimentoNacional":{"codigoNacional":26},"dataHora":"20200221164727"}],"grau":"G1"},{"millisInsercao":1601065588194,"dadosBasicos":{"assunto":[{"codigoAssunto":10636,"codigoPaiNacional":7791,"descricao":"Livramento condicional"}],"numero":"00008665220208190050","dataAjuizamento":"20200302000000","totalAssuntos":1,"classeProcessual":386,"nivelSigilo":0,"orgaoJulgador":{"nomeOrgao":"SANTO ANTONIO DE PADUAAPERIBE 2 VARA","codigoMunicipioIBGE":3304706,"codigoOrgao":7266,"instancia":"ORIG"},"codigoLocalidade":"3304706"},"siglaTribunal":"TJRJ","movimento":[{"tipoResponsavelMovimento":0,"movimentoNacional":{"codigoNacional":26},"dataHora":"20200302141213"}],"grau":"G1"},{"millisInsercao":1599415622918,"dadosBasicos":{"assunto":[{"codigoAssunto":30449,"codigoPaiNacional":7942,"descricao":"Pris\u00ef\u00bf\u00bdo Albergue Domiciliarregime Abertoexecu\u00ef\u00bf\u00bd\u00ef\u00bf\u00bdo Penal"}],"numero":"00028756820208190023","dataAjuizamento":"20200303000000","totalAssuntos":1,"classeProcessual":386,"nivelSigilo":0,"orgaoJulgador":{"nomeOrgao":"ITABORAI 2 VARA CRIMINAL","codigoMunicipioIBGE":3301900,"codigoOrgao":71216,"instancia":"ORIG"},"codigoLocalidade":"3301900"},"siglaTribunal":"TJRJ","movimento":[{"tipoResponsavelMovimento":0,"movimentoNacional":{"codigoNacional":26},"dataHora":"20200303155522"}],"grau":"G1"},{"millisInsercao":1597383358599,"dadosBasicos":{"assunto":[{"codigoAssunto":3417,"codigoPaiNacional":3415,"descricao":"Furto Qualificado "}],"numero":"00107953220208190011","dataAjuizamento":"20200305000000","totalAssuntos":1,"classeProcessual":386,"nivelSigilo":0,"orgaoJulgador":{"nomeOrgao":"CABO FRIO 2 VARA CRIMINAL","codigoMunicipioIBGE":3300704,"codigoOrgao":16292,"instancia":"ORIG"},"codigoLocalidade":"3300704"},"siglaTribunal":"TJRJ","movimento":[{"tipoResponsavelMovimento":0,"movimentoNacional":{"codigoNacional":26},"dataHora":"20200305141804"}],"grau":"G1"},{"millisInsercao":1597174778982,"dadosBasicos":{"assunto":[{"codigoAssunto":30530,"codigoPaiNacional":3607,"descricao":"Tr\u00ef\u00bf\u00bdfico Il\u00ef\u00bf\u00bdcito de Drogas e Condutas Afins  Agente Prim\u00ef\u00bf\u00bdrio"}],"numero":"00001423520208190022","dataAjuizamento":"20200306000000","totalAssuntos":1,"classeProcessual":407,"nivelSigilo":0,"orgaoJulgador":{"nomeOrgao":"ENGENHEIRO PAULO DE FRONTIN VARA UNICA","codigoMunicipioIBGE":3301801,"codigoOrgao":8086,"instancia":"ORIG"},"codigoLocalidade":"3301801"},"siglaTribunal":"TJRJ","movimento":[{"tipoResponsavelMovimento":0,"movimentoNacional":{"codigoNacional":26},"dataHora":"20200306000000"}],"grau":"G1"},{"millisInsercao":1596258683188,"dadosBasicos":{"assunto":[{"codigoAssunto":30157,"codigoPaiNacional":10635,"descricao":"Progress\u00ef\u00bf\u00bdo de Regime"}],"numero":"00109832520208190011","dataAjuizamento":"20200309000000","totalAssuntos":1,"classeProcessual":386,"nivelSigilo":0,"orgaoJulgador":{"nomeOrgao":"CABO FRIO 2 VARA CRIMINAL","codigoMunicipioIBGE":3300704,"codigoOrgao":16292,"instancia":"ORIG"},"codigoLocalidade":"3300704"},"siglaTribunal":"TJRJ","movimento":[{"tipoResponsavelMovimento":0,"movimentoNacional":{"codigoNacional":26},"dataHora":"20200309142544"}],"grau":"G1"},{"millisInsercao":1599410908771,"dadosBasicos":{"assunto":[{"codigoAssunto":10636,"codigoPaiNacional":7791,"descricao":"Livramento condicional"}],"numero":"00004499020208190053","dataAjuizamento":"20200310000000","totalAssuntos":1,"classeProcessual":386,"nivelSigilo":0,"orgaoJulgador":{"nomeOrgao":"SAO JOAO DA BARRA 2 VARA","codigoMunicipioIBGE":3305000,"codigoOrgao":7891,"instancia":"ORIG"},"codigoLocalidade":"3305000"},"siglaTribunal":"TJRJ","movimento":[{"tipoResponsavelMovimento":0,"movimentoNacional":{"codigoNacional":26},"dataHora":"20200310141606"}],"grau":"G1"},{"millisInsercao":1601863517128,"dadosBasicos":{"assunto":[{"codigoAssunto":30354,"codigoPaiNacional":7942,"descricao":"Regime Aberto"}],"numero":"00014734120208190058","dataAjuizamento":"20200311000000","totalAssuntos":1,"classeProcessual":386,"nivelSigilo":0,"orgaoJulgador":{"nomeOrgao":"SAQUAREMA 2 VARA","codigoMunicipioIBGE":3305505,"codigoOrgao":7944,"instancia":"ORIG"},"codigoLocalidade":"3305505"},"siglaTribunal":"TJRJ","movimento":[{"tipoResponsavelMovimento":0,"movimentoNacional":{"codigoNacional":26},"dataHora":"20200311145624"}],"grau":"G1"},{"millisInsercao":1599447777734,"dadosBasicos":{"assunto":[{"codigoAssunto":30354,"codigoPaiNacional":7942,"descricao":"Regime Aberto"}],"numero":"00025955520208190037","dataAjuizamento":"20200313000000","totalAssuntos":1,"classeProcessual":386,"nivelSigilo":0,"orgaoJulgador":{"nomeOrgao":"NOVA FRIBURGO 2 VARA CRIMINAL","codigoMunicipioIBGE":3303401,"codigoOrgao":8046,"instancia":"ORIG"},"codigoLocalidade":"3303401"},"siglaTribunal":"TJRJ","movimento":[{"tipoResponsavelMovimento":0,"movimentoNacional":{"codigoNacional":26},"dataHora":"20200313171132"}],"grau":"G1"}]